chave;estado_carga;conta;oportunidade_omie;tipo;prazo;situacao;responsavel;titulo
tarefa:h1f9d31aa88;nova;TINTAS BRAZILIAN;omie:linha-304;ligacao;2025-10-01 10:00;concluída;wellington.souza;Touch — ESTÁ EM FECHAMENTO DE FOLHA NÃO VIU EMAIL AINDA ESTÁ CORRIDO - FALEI QUE LIGAVA DIA 13 MAS POSSO LIGAR DIA 08/10 AGENDAR REUNIÃO COM CLEITON E JEFFERSON FALEI COM O CLEITON E ELE PEDIU OUTRO E
tarefa:h112d468604;nova;MEGA POLO;omie:linha-121;ligacao;2025-10-01 10:00;concluída;gabriel.lira;Touch — MEGA POLO MODA - MANDEI EMAIL DIA 01/09 - ATUALIZAR não estava
tarefa:hbb43170988;nova;INDUSTRIA TECNICA HILARIO LTDA;omie:linha-87;ligacao;2025-10-01 15:04;concluída;wellington.souza;Touch — FALKEI NO FINANCEIRO PEDIU PRA ENVIAR EMAIL rh@hilario.com.br - CRISTINA RH NÃO ME PASSOU O NUME DE FUNCIONÁRIOS
tarefa:h38737e979b;nova;INDUSTRIA TECNICA HILARIO LTDA;omie:linha-87;email;2025-10-01 15:06;aberta;wellington.souza;e-mail — *Controller MedSeg* Parceria em SST e Medicina Ocupacional, para mais segurança e eficiência
tarefa:hbeb3b4bf83;nova;MARLES INDUSTRIA TEXTIL E COMERCIO LTDA;omie:linha-115;ligacao;2025-10-01 16:22;concluída;wellington.souza;Touch — PESSOAL DO RH JÁ TINHA IDO EMBORA AMANHÃ É FERIADO JUDAICO LIGAR NA SEXTA
tarefa:h3128b4e89f;nova;NEUPLAST INDUSTRIA E COMERCIO DE PLASTICOS LTDA;omie:linha-151;ligacao;2025-10-01 16:43;concluída;wellington.souza;Touch — PESSOAL DO RH NÃO ESTAVA
tarefa:hdf11625a8e;nova;PLASTIFOZ INDUSTRIA DE PLASTICOS E COMERCIO DE PAP;omie:linha-182;ligacao;2025-10-01 16:57;concluída;wellington.souza;Touch — THAIS - PAULA - paula@plastifoz.com.br - 41 func só atende por email
tarefa:hd8f923c809;nova;PLASTIFOZ INDUSTRIA DE PLASTICOS E COMERCIO DE PAP;omie:linha-182;email;2025-10-01 17:00;aberta;wellington.souza;e-mail — *Controller MedSeg* Parceria em SST e Medicina Ocupacional, para mais segurança e eficiência
tarefa:ha6225e01ef;nova;EMILIA BEM CASADOS COM DE DOCES LTDA;omie:linha-57;ligacao;2025-10-02 09:40;concluída;jakeline.santana;Touch — nova tentativa de falar com joao o mesmo nao estava entao vou fazer contato mais tarde apos as 14:00
tarefa:ha3f8b0d52b;nova;MEGA POLO;omie:linha-121;ligacao;2025-10-02 10:30;concluída;gabriel.lira;FUP — FALEI COM BRUNO E ELE PEDIU COTAÇÃO DE BRIGADA JÁ AGENDEI PRA ESPECIALISTA SÃO 2 GRUPOS COM 9 CNPS - TEM 350 FUNC TOTAL
tarefa:h260b2d03dd;nova;EMILIA BEM CASADOS COM DE DOCES LTDA;omie:linha-57;outro;2025-10-02 14:00;concluída;jakeline.santana;Não Informado — Ligar para tentar falar com Joao apos as 14:00
tarefa:hfcb44304e9;nova;NEUPLAST INDUSTRIA E COMERCIO DE PLASTICOS LTDA;omie:linha-151;ligacao;2025-10-02 16:17;concluída;wellington.souza;Touch — ESTER - 100 FUNC - amarcos@neuplast.com.br entrar em contato depois do dia 7 para agendar especialista PESSOAL DO RH NÃO ESTAVA - FAZER CONTATO
tarefa:h5c3e5d5585;nova;NEUPLAST INDUSTRIA E COMERCIO DE PLASTICOS LTDA;omie:linha-151;email;2025-10-02 16:27;aberta;wellington.souza;e-mail — *Controller MedSeg* Parceria em SST e Medicina Ocupacional, para mais segurança e eficiência
tarefa:h65a0ac3d1b;nova;MARLES INDUSTRIA TEXTIL E COMERCIO LTDA;omie:linha-115;ligacao;2025-10-03 10:00;concluída;wellington.souza;Touch — RICARDO - 90 - ISO MEDICINA - LIGAÇÃO FAMILIAR ricardo@marles.com.br - janeiro aso - maio laudos brigada, cipa, ps PESSOAL DO RH JÁ TINHA IDO EMBORA AMANHÃ É FERIADO JUDAICO LIGAR NA SEXTA POR
tarefa:h3ed420b060;nova;FORT QUIMICA;omie:linha-67;ligacao;2025-10-03 10:00;concluída;wellington.souza;Touch — FALAR EM NOVEMBRO 5 FUNC - PAGOU 1.300,00 PARA ASO E LAUDOS PRECISA DE CIPA MAIS UM OUTRO TREINAMENTO PARA JANEIRO É UMA INDÚSTRIA QUÍMICA - MANDEI EMAIL CONFIRMAR RECEBIMENTO DE EMAIL E HORÁR
tarefa:h8938a9dde5;nova;MEGA POLO;omie:linha-121;email;2025-10-03 10:17;aberta;gabriel.lira;e-mail — Porposta Comercial ~ Controller MedSeg Cursos
tarefa:he523014b19;nova;MEGA POLO;omie:linha-121;email;2025-10-03 10:22;aberta;gabriel.lira;e-mail — Porposta Comercial ~ Controller MedSeg Cursos
tarefa:h9c24eaa881;nova;MEGA POLO;omie:linha-121;proposta;2025-10-03 11:07;concluída;gabriel.lira;Proposta — FALEI COM BRUNO E ELE PEDIU COTAÇÃO DE BRIGADA JÁ AGENDEI PRA ESPECIALISTA SÃO 2 GRUPOS COM 9 CNPS - TEM 350 FUNC TOTAL MANDAMOS PROPOSTA DIA 03/10 DE SST E MO E DE TREINAMENTOS QUE ELES ES
tarefa:hfab26cef52;nova;MARLES INDUSTRIA TEXTIL E COMERCIO LTDA;omie:linha-115;email;2025-10-03 11:30;aberta;wellington.souza;e-mail — *Controller MedSeg* Parceria em SST e Medicina Ocupacional, para mais segurança e eficiência
tarefa:he1f33ecde2;nova;INDUSTRIA TECNICA HILARIO LTDA;omie:linha-87;ligacao;2025-10-06 09:29;concluída;wellington.souza;Touch — CRISTINA SAIU DE FÉRIAS SEXTA FEIRA, SÓ DAQUI 15 DIAS FALAR COM CRISTINA SOBRE EMAIL - NUM DE FUNC E RENOVAÇÃO DE CONTRATO E AGENDAMENTO COM ESPECIALISTA FALKEI NO FINANCEIRO PEDIU PRA ENVIAR 
tarefa:hf9c312fa7a;nova;PLASTIFOZ INDUSTRIA DE PLASTICOS E COMERCIO DE PAP;omie:linha-182;ligacao;2025-10-06 09:33;concluída;wellington.souza;Touch — THAIS - PAULA - paula@plastifoz.com.br - 41 func só atende por email - tentar falar NÃO ESTAVA, LIGAR MAIS TARDE
tarefa:hfc143a56ef;nova;AÇOVISA | São Paulo;omie:linha-9;outro;2025-10-06 10:00;concluída;wellington.souza;Não Informado — ESTAVA EM REUNIÃO, FAZER CONTTO A TARDE anderson.santos@acovisa.com.br - MANDAR EMAIL LUCAS NÃO TRABALHA MAIS LÁ ATENDENTE LIGAÇÃO MUITO BAIXA , DANIELE E ANDERSON SÓ POR EMAIL TENTAR 
tarefa:h078dac44df;nova;INDIANA ARTEFATOS DE BORRACHAS LTDA;omie:linha-84;ligacao;2025-10-06 15:29;concluída;wellington.souza;Touch — (11) 4785-8510 - rh@indianaborrachas.com.br - EVA - FALEI COM A KARINA- PEDIU PARA ENVIAR EMAIL E NÃO SABE QUANTOS FUNC TEM
tarefa:h1c268f97a5;nova;INDIANA ARTEFATOS DE BORRACHAS LTDA;omie:linha-84;email;2025-10-06 15:29;aberta;wellington.souza;e-mail — *Controller MedSeg* Parceria em SST e Medicina Ocupacional, para mais segurança e eficiência
tarefa:hf1d3961f63;nova;ING SUPERABRASIVOS IND E COMERCIO LTDA-EPP;omie:linha-88;ligacao;2025-10-06 15:51;concluída;wellington.souza;Touch — BRUNO TRANSF PARA PAULO - IVAN ATENDEU E DISSE QUE É R: 209 - ADRIANA RENOVAM EM JULHO - 23 FUNC - adm@maxximadiamantados.com.br
tarefa:h4972a89ece;nova;ING SUPERABRASIVOS IND E COMERCIO LTDA-EPP;omie:linha-88;email;2025-10-06 15:56;aberta;wellington.souza;e-mail — *Controller MedSeg* Parceria em SST e Medicina Ocupacional, para mais segurança e eficiência
tarefa:h0fe084dd74;nova;INST. DE ORIENTAÇÃO AS COOP. HAB DE SP INOCOOP SAO;omie:linha-90;ligacao;2025-10-06 16:31;concluída;wellington.souza;Touch — FALEI COM ISABEL - GISELE NÃO ESTAVA - gisele@polaris.org.br - NÃO SABE INFORMAR NUM DE FUNC
tarefa:h4e4bc278f0;nova;INST. DE ORIENTAÇÃO AS COOP. HAB DE SP INOCOOP SAO;omie:linha-90;email;2025-10-06 16:35;aberta;wellington.souza;e-mail — *Controller MedSeg* Parceria em SST e Medicina Ocupacional, para mais segurança e eficiência
tarefa:h800273156e;nova;MEGA POLO;omie:linha-121;outro;2025-10-07 14:22;concluída;gabriel.lira;Não Informado — O telefone está fora de serviço hoje FALEI COM BRUNO E ELE PEDIU COTAÇÃO DE BRIGADA JÁ AGENDEI PRA ESPECIALISTA SÃO 2 GRUPOS COM 9 CNPS - TEM 350 FUNC TOTAL MANDAMOS PROPOSTA DIA 03/10
tarefa:hc1a253e67e;nova;EMILIA BEM CASADOS COM DE DOCES LTDA;omie:linha-57;ligacao;2025-10-07 14:30;concluída;jakeline.santana;Touch — ligar oara falar com João Carlos segunda feira as 14:30 FIZ CONTATO E JOÃO CARLOS TINHA ACABADO DE SAIR, LIGAR AMANHÃ A PARTIS DAS 10H00
tarefa:ha82e32ff47;nova;MEGA POLO;omie:linha-121;outro;2025-10-08 09:00;concluída;gabriel.lira;Não Informado — em contato pelo whats O telefone está fora de serviço hoje FALEI COM BRUNO E ELE PEDIU COTAÇÃO DE BRIGADA JÁ AGENDEI PRA ESPECIALISTA SÃO 2 GRUPOS COM 9 CNPS - TEM 350 FUNC TOTAL MANDA
tarefa:h44169886bc;nova;VANNUCCI IMPORT,EXPORTACAO E COMERC.DE AUTO PECAS;omie:linha-314;reuniao;2025-10-08 10:00;concluída;jakeline.santana;Reunião — BRUNO ESQUECEU, REAGENDAMOS PARA DIA 16 BRUNO NÃO CONSEGUIU VER O EMAIL, SEMANA CORRIDA DE FECHAMENTO DE FOLHA E A OUTRA SEMANA DE PGTO, PEDIU PRA LIGAR DIA 08/10 E PROMETEU DA ATENÇÃO E FAZ
tarefa:h7ce1815cfd;nova;MIDIA VIEW COMUNICACAO E MARKETING LTDA;omie:linha-130;ligacao;2025-10-09 09:16;concluída;wellington.souza;Touch — FIZ CONTATO E PASSARAM O WHATSAPP DO RESPONSÁVEL
tarefa:hd1b1bacb79;nova;MIDIA VIEW COMUNICACAO E MARKETING LTDA;omie:linha-130;ligacao;2025-10-09 09:16;concluída;wellington.souza;Touch — FIZ CONTATO E PASSARAM O WHATSAPP DO RESPONSÁVEL MANDEI WHATSAPP E CADASTREI A EMPRESA
tarefa:h5218a7a0b8;nova;MEGA POLO;omie:linha-121;email;2025-10-09 13:47;aberta;gabriel.lira;e-mail — Confirmação de Reunião
tarefa:hd740d99a04;nova;FRICAN COM E REFRIGERACAO;omie:linha-70;outro;2025-10-13 10:00;concluída;wellington.souza;Não Informado — TELEFONE COM PROBLEMA ATUALIZAR
tarefa:hb8ea63e99b;nova;MEGA POLO;omie:linha-121;email;2025-10-13 11:23;aberta;gabriel.lira;e-mail — *Controller MedSeg* Parceria em SST e Medicina Ocupacional, para mais segurança e eficiência
tarefa:h5730fcef9c;nova;MEGA POLO;omie:linha-121;email;2025-10-13 11:37;aberta;gabriel.lira;e-mail — RES: *Controller MedSeg* Parceria em SST e Medicina Ocupacional, para mais segurança e eficiência
tarefa:h683a27eb86;nova;FISIO QUALY SERVICOS DE SAUDE LTDA;omie:linha-66;outro;2025-10-14 11:11;concluída;wellington.souza;Não Informado — fiz contato pelo whats novamente, nunca respondeu mandei outra mensagem pelo whats
tarefa:h9430195577;nova;FISIO QUALY SERVICOS DE SAUDE LTDA;omie:linha-66;email;2025-10-14 11:13;aberta;wellington.souza;e-mail — *Controller MedSeg* Parceria em SST e Medicina Ocupacional, para mais segurança e eficiência
tarefa:h2bb3e46e23;nova;PLASTIFOZ INDUSTRIA DE PLASTICOS E COMERCIO DE PAP;omie:linha-182;ligacao;2025-10-15 10:30;concluída;wellington.souza;Touch — THAIS - PAULA - paula@plastifoz.com.br - 41 func só atende por email - tentar falar NÃO ESTAVA, LIGAR MAIS TARDE
tarefa:h789eba7693;nova;EMILIA BEM CASADOS COM DE DOCES LTDA;omie:linha-57;ligacao;2025-10-15 16:40;concluída;jakeline.santana;FUP — JOÃO CARLOS ESTÁ DE FÉRIAS, RETORNA DAQUI 30 DIAS TENTAR RETOMAR A NEGOCIAÇÃO ligar oara falar com João Carlos segunda feira as 14:30 FIZ CONTATO E JOÃO CARLOS TINHA ACABADO DE SAIR, LIGAR AMANH
tarefa:h6ffb4008ee;nova;INDIANA ARTEFATOS DE BORRACHAS LTDA;omie:linha-84;ligacao;2025-10-17 10:00;concluída;wellington.souza;Touch — EVA ESTAVA OCUPADA, DEPOIS RETORNEI E KARINE NÃO PASSOU A LIGAÇÃO, DISSE QUE É POR EMAIL, MANDEI EMAIL 2 (11) 4785-8510 - rh@indianaborrachas.com.br - EVA - FALEI COM A KARINA- PEDIU PARA ENVI
tarefa:h082ee68381;nova;INST. DE ORIENTAÇÃO AS COOP. HAB DE SP INOCOOP SAO;omie:linha-90;ligacao;2025-10-17 10:00;concluída;wellington.souza;Touch — telefone estava com problema e não estava trasferindo FALEI COM ISABEL - GISELE NÃO ESTAVA - gisele@polaris.org.br - NÃO SABE INFORMAR NUM DE FUNC fazer contato para maiores inf
tarefa:hf2485824b5;nova;NEUPLAST INDUSTRIA E COMERCIO DE PLASTICOS LTDA;omie:linha-151;ligacao;2025-10-17 10:00;concluída;wellington.souza;Touch — ESTER - 100 FUNC - amarcos@neuplast.com.br entrar em contato depois do dia 7 para agendar especialista TENTEI DIVERSAS VEZES ENÃO CONSEGUI CONTATO
tarefa:hde75faa472;nova;NEUPLAST INDUSTRIA E COMERCIO DE PLASTICOS LTDA;omie:linha-151;ligacao;2025-10-17 10:00;concluída;wellington.souza;Touch — ATUALIZAR - RESP É ANTONIO MARCOS, ESTER NÃO ME PASSOU PRA ELE ALEGANDO QUE NÃO ESTÃO ACEITANDO PROPOSTAS POIS ESTÃO SATISFEITOS TENTEI DIVERSAS VEZES ENÃO CONSEGUI CONTATO ESTER - 100 FUNC - 
tarefa:h24bccd75b4;nova;TINTAS BRAZILIAN;omie:linha-304;ligacao;2025-10-17 10:00;concluída;wellington.souza;Touch — ESTÁ EM FECHAMENTO DE FOLHA NÃO VIU EMAIL AINDA ESTÁ CORRIDO - FALEI QUE LIGAVA DIA 13 MAS POSSO LIGAR DIA 08/10 AGENDAR REUNIÃO COM CLEITON E JEFFERSON FALEI COM O CLEITON E ELE PEDIU OUTRO E
tarefa:h8843505d7f;nova;NEUPLAST INDUSTRIA E COMERCIO DE PLASTICOS LTDA;omie:linha-151;email;2025-10-17 10:01;aberta;wellington.souza;e-mail — *Controller MedSeg* Parceria em SST e Medicina Ocupacional, para mais segurança e eficiência
tarefa:ha446c8658f;nova;INDIANA ARTEFATOS DE BORRACHAS LTDA;omie:linha-84;email;2025-10-17 11:51;aberta;wellington.souza;e-mail — *Controller MedSeg* Parceria em SST e Medicina Ocupacional, para mais segurança e eficiência
tarefa:ha723cce3f9;nova;MIDIA VIEW COMUNICACAO E MARKETING LTDA;omie:linha-130;ligacao;2025-10-17 15:27;concluída;wellington.souza;Touch — nãso responde e fixo ninguém atendeFIZ CONTATO E PASSARAM O WHATSAPP DO RESPONSÁVEL MANDEI WHATSAPP E CADASTREI A EMPRESA ATUALIZAR
tarefa:h21f4be016d;nova;VANNUCCI IMPORT,EXPORTACAO E COMERC.DE AUTO PECAS;omie:linha-314;reuniao;2025-10-20 11:00;concluída;jakeline.santana;Reunião — BRUNO ESTAVA NA CONTRATAÇÃO DE 30 FUNC, ESTAVA CORRIGDO, APROVEITEI O GANCHO DESSA CONTRATAÇÃO E PEDI PRA ELE LEVANTAR O MES DA RENOVAÇÃO E O VALOR DO CONTRATO, ELE PEDIU PRA ENVIAR POR EMAI
tarefa:hc45b1e555e;nova;VANNUCCI IMPORT,EXPORTACAO E COMERC.DE AUTO PECAS;omie:linha-314;email;2025-10-20 11:03;aberta;jakeline.santana;e-mail — *Controller MedSeg* Parceria em SST e Medicina Ocupacional, para mais segurança e eficiência
tarefa:h0a73318405;nova;GREGORY MODAS INDUSTRIA E COMERCIO LTDA;omie:linha-76;reuniao;2025-10-20 14:00;concluída;wellington.souza;Reunião — ADRIANA ESTÁ DE FÉRIAS E VOLTA DIA 27/10 -// LIGAR DIA 29 mandei proposta, karine entrará em contato para conversar sobre a proposta PEDIU PRA CHAM,AR ELA AMNHÃ NO WHATS ADRIANA 4082-1660 ad
tarefa:h5ce013d297;nova;HOLLYTEC METAIS INDUSTRIA E COM. DE MAT. ELETRICOS;omie:linha-80;outro;2025-10-20 14:59;concluída;wellington.souza;Não Informado — agendado reunião par4a 14/10 - pegar whats MUITO DIFICIL FALAR, LIGUEI 4 X
tarefa:hab29c9e0e1;nova;MEGA POLO;omie:linha-121;outro;2025-10-21 10:19;concluída;gabriel.lira;Não Informado — PROPOSTA AGRADOU A SHIRLEY, PORÉM ESTÃO EM FECHAMENTO DE ANO, 13º, FÉRIAS COLETIVA E NÃO TEM TEMPO PRA VER ISSO. DISSE QUE NA 2ª SEMANA DE JANEIRO ELA VÊ
tarefa:hd39dc2a226;nova;INDUSTRIA METALURGICA SANTA PAULA;omie:linha-86;ligacao;2025-10-21 16:22;concluída;wellington.souza;Touch — ENTRAR EM CONTATO EM DEZEMBRO FALEI COM A LUCIANE ONTEM/ SHEILA NÃO ESTAVA TRABALHAM COM A CASMED E RENOVAM NO COMEÇO DO ANO
tarefa:h54b619f2c9;nova;INST. DE ORIENTAÇÃO AS COOP. HAB DE SP INOCOOP SAO;omie:linha-90;ligacao;2025-10-22 10:00;concluída;wellington.souza;Touch — telefone ninguém atende, fazer atualização FALEI COM ISABEL - GISELE NÃO ESTAVA - gisele@polaris.org.br - NÃO SABE INFORMAR NUM DE FUNC fazer contato para maiores inf
tarefa:h22055a09fe;nova;TINTAS BRAZILIAN;omie:linha-304;ligacao;2025-10-22 14:35;concluída;wellington.souza;Touch — RENOVOU EM JUNHO OU MAIO / PEDIU PARA LIGAR EM ABRIL ESTÁ EM FECHAMENTO DE FOLHA NÃO VIU EMAIL AINDA ESTÁ CORRIDO - FALEI QUE LIGAVA DIA 13 MAS POSSO LIGAR DIA 08/10 AGENDAR REUNIÃO COM CLEITO
tarefa:h85171fef82;nova;HOLLYTEC METAIS INDUSTRIA E COM. DE MAT. ELETRICOS;omie:linha-80;ligacao;2025-10-22 15:25;concluída;wellington.souza;Touch — SÓ CHAMA PEGAR WHATS E JÁ PASSAR A LIGAÇÃO PRA ESPECIALISTA COM ELA NA LINHA agendado reunião par4a 14/10 - pegar whats MUITO DIFICIL FALAR, LIGUEI 4 X
tarefa:h2fa61579c1;nova;HOLLYTEC METAIS INDUSTRIA E COM. DE MAT. ELETRICOS;omie:linha-80;ligacao;2025-10-23 10:00;concluída;wellington.souza;Touch — TENTAR CONTATO
tarefa:h75e3a16672;nova;VANNUCCI IMPORT,EXPORTACAO E COMERC.DE AUTO PECAS;omie:linha-314;ligacao;2025-10-27 11:03;concluída;jakeline.santana;Touch — VERIFICAR RETORNO DO EMAIL
tarefa:hb8156f9ff3;nova;INDUSTRIA TECNICA HILARIO LTDA;omie:linha-87;ligacao;2025-10-27 16:40;concluída;wellington.souza;Touch — SÓ NA RENOVAÇÃO EM MAIO FAZER CONTATO CRISTINA SAIU DE FÉRIAS SEXTA FEIRA, SÓ DAQUI 15 DIAS FALAR COM CRISTINA SOBRE EMAIL - NUM DE FUNC E RENOVAÇÃO DE CONTRATO E AGENDAMENTO COM ESPECIALISTA 
tarefa:h5b755c2b04;nova;AÇOVISA | São Paulo;omie:linha-9;ligacao;2025-10-28 10:00;concluída;wellington.souza;Touch — NÃO ESTARA HOJE NA EMPRESA trentando contato ESTAVA EM REUNIÃO, FAZER CONTTO A TARDE anderson.santos@acovisa.com.br - MANDAR EMAIL LUCAS NÃO TRABALHA MAIS LÁ ATENDENTE LIGAÇÃO MUITO BAIXA , DA
tarefa:hd7397e16e8;nova;GRANADO PHERRO;omie:linha-75;email;2025-10-28 10:49;aberta;wellington.souza;e-mail — *Controller MedSeg* Parceria em SST e Medicina Ocupacional, para mais segurança e eficiência
tarefa:hf61a9a71b3;nova;GRANADO PHERRO;omie:linha-75;ligacao;2025-10-28 10:55;concluída;wellington.souza;Touch — ELIANE NÃO É A RESPONSÁVEL PESSOAL DO RH ESTAVA EM REUNIÃO, LIGAR AGORA A TARDE E FAZER A APRESENTAÇÃO TENTAR CONTATO - enviei email - ATUALIZAR + DE 300 FUNCIONÁRIO ELIANE SÓ ATENDE POR EMAIL
tarefa:he03c53148d;nova;GREGORY MODAS INDUSTRIA E COMERCIO LTDA;omie:linha-76;ligacao;2025-10-29 10:00;concluída;wellington.souza;FUP — ESTAVA EM ATENDIMENTO, PEDIU PARA LIGAR APÓS O ALMOÇO ADRIANA ESTÁ DE FÉRIAS E VOLTA DIA 27/10 -// LIGAR DIA 29 mandei proposta, karine entrará em contato para conversar sobre a proposta PEDIU P
tarefa:hc3759601f6;nova;GRANADO PHERRO;omie:linha-75;ligacao;2025-11-03 11:11;concluída;wellington.souza;Touch — ROBERTA DO RH ESTÁ ESTAVA EM UMA REUNIÃO ELIANE NÃO É A RESPONSÁVEL PESSOAL DO RH ESTAVA EM REUNIÃO, LIGAR AGORA A TARDE E FAZER A APRESENTAÇÃO
tarefa:h2e5eac92f5;nova;PLASTIFOZ INDUSTRIA DE PLASTICOS E COMERCIO DE PAP;omie:linha-182;email;2025-11-03 11:22;aberta;wellington.souza;e-mail — *Controller MedSeg* Parceria em SST e Medicina Ocupacional, para mais segurança e eficiência
tarefa:h0f50a6c78a;nova;PLASTIFOZ INDUSTRIA DE PLASTICOS E COMERCIO DE PAP;omie:linha-182;ligacao;2025-11-03 14:00;concluída;wellington.souza;Touch — email enviado THAIS - PAULA - paula@plastifoz.com.br - 41 func só atende por email - tentar falar NÃO ESTAVA, LIGAR MAIS TARDE
tarefa:h98c24ac192;nova;GREGORY MODAS INDUSTRIA E COMERCIO LTDA;omie:linha-76;ligacao;2025-11-03 14:30;concluída;wellington.souza;FUP — ESTAVA EM ATENDIMENTO, PEDIU PARA LIGAR APÓS O ALMOÇO ADRIANA ESTÁ DE FÉRIAS E VOLTA DIA 27/10 -// LIGAR DIA 29 mandei proposta, karine entrará em contato para conversar sobre a proposta PEDIU P
tarefa:h8f9ad23d2f;nova;VANNUCCI IMPORT,EXPORTACAO E COMERC.DE AUTO PECAS;omie:linha-314;ligacao;2025-11-03 15:03;concluída;jakeline.santana;Touch — tentar ligar novamente ultimas tentativas sem sucesso BRUNO NÃO ESTAVA E SANDRA ESTAVA EM UMA LIGAÇÃO LIGAR EM 30 MIN
tarefa:h9cdb7d8e71;nova;GREGORY MODAS INDUSTRIA E COMERCIO LTDA;omie:linha-76;email;2025-11-03 15:13;aberta;wellington.souza;e-mail — PROPOSTA *Controller MedSeg* Parceria em SST e Medicina Ocupacional, para mais segurança e eficiência
tarefa:hc74239881d;nova;HOLLYTEC METAIS INDUSTRIA E COM. DE MAT. ELETRICOS;omie:linha-80;ligacao;2025-11-03 15:51;concluída;wellington.souza;Touch — DIFICIL ACHAR O RAMAL DESOCUPADO
tarefa:h68462f2ea5;nova;IDEAL 2 COMERCIO E SERVICOS DE EMBALAGENS LTDA EPP;omie:linha-82;ligacao;2025-11-04 10:03;concluída;wellington.souza;Touch — MIRIAN - RENOVOU EM AGOSTO - 100 - rh@cialivro.com
tarefa:h8211274185;nova;IDEAL 2 COMERCIO E SERVICOS DE EMBALAGENS LTDA EPP;omie:linha-82;email;2025-11-04 10:59;aberta;wellington.souza;e-mail — *Controller MedSeg* Parceria em SST e Medicina Ocupacional, para mais segurança e eficiência
tarefa:h5d2dec022e;nova;GREGORY MODAS INDUSTRIA E COMERCIO LTDA;omie:linha-76;email;2025-11-04 11:34;aberta;wellington.souza;e-mail — RES: PROPOSTA *Controller MedSeg* Parceria em SST e Medicina Ocupacional, para mais segurança e eficiência
tarefa:ha210f79ed8;nova;GREGORY MODAS INDUSTRIA E COMERCIO LTDA;omie:linha-76;email;2025-11-04 11:48;aberta;wellington.souza;e-mail — RES: PROPOSTA *Controller MedSeg* Parceria em SST e Medicina Ocupacional, para mais segurança e eficiência
tarefa:h9c8f119f88;nova;GREGORY MODAS INDUSTRIA E COMERCIO LTDA;omie:linha-76;outro;2025-11-04 14:30;concluída;wellington.souza;Não Informado — Adriana pediu para reeviar o email e disse fazer novo contato. email enviado!
tarefa:hdde4a8b3eb;nova;KANGAROO COM. IMPORTACAO E EXPORTACAO DE EQUIP.DE;omie:linha-99;outro;2025-11-04 14:59;concluída;wellington.souza;Não Informado — FALEI COM A PRINCESA AURORA ARIADINE NÃO ESTAVA
tarefa:h59b0668bce;nova;GUILLAUMON;omie:2025/00001;outro;2025-11-04 15:09;concluída;wellington.souza;Não Informado — 3841-3501 - GUILLAUMON - FALEI COM DANIELE - orcamentos@guillaumon.com.br - PATRICIA - 120 FUNC PATRICIA NÃO ESTAVA, MANDEI APRESENTAÇÃO LIGAR PARA ATUALIZAR
tarefa:hd010816786;nova;GREGORY MODAS INDUSTRIA E COMERCIO LTDA;omie:linha-76;email;2025-11-04 15:34;aberta;wellington.souza;e-mail — RES: PROPOSTA *Controller MedSeg* Parceria em SST e Medicina Ocupacional, para mais segurança e eficiência
tarefa:h9aa0dc30ed;nova;GREGORY MODAS INDUSTRIA E COMERCIO LTDA;omie:linha-76;email;2025-11-04 16:31;aberta;wellington.souza;e-mail — RES: PROPOSTA *Controller MedSeg* Parceria em SST e Medicina Ocupacional, para mais segurança e eficiência
tarefa:hceb825eea2;nova;GREGORY MODAS INDUSTRIA E COMERCIO LTDA;omie:linha-76;email;2025-11-04 17:16;aberta;wellington.souza;e-mail — RES: PROPOSTA *Controller MedSeg* Parceria em SST e Medicina Ocupacional, para mais segurança e eficiência
tarefa:h531b139dd5;nova;GRANADO PHERRO;omie:linha-75;ligacao;2025-11-05 10:20;concluída;wellington.souza;Touch — FALEI COM ROBERTAS, RAFAELA E PATRICIA, NINGUÉM SABE QUEM É O RESPONSÁVEL A RECEPÇÃO PEDIU PRA ENVIAR EMAIL PARA JAQUELINE - jfaria@granadophebo.com.br EMAIL ENVIADO, ELA NÃO TEM RAMAL 5027 / 
tarefa:hed7015f339;nova;GRANADO PHERRO;omie:linha-75;email;2025-11-05 10:28;aberta;wellington.souza;e-mail — *Controller MedSeg* Parceria em SST e Medicina Ocupacional, para mais segurança e eficiência
tarefa:haae18d44e1;nova;VANNUCCI IMPORT,EXPORTACAO E COMERC.DE AUTO PECAS;omie:linha-314;ligacao;2025-11-05 10:50;concluída;jakeline.santana;Touch — BRUNO ESTÁ EM SEMANA DE FECHAMENTO, PEDIU PRA LIGAR DIA 12/11 PRA GENTE MARCAR UM HORÁRIO PARA FALAR SOBRE SST E MO BRUNO NÃO ESTAVA E SANDRA ESTAVA EM UMA LIGAÇÃO LIGAR EM 30 MIN
tarefa:h6a48a2a320;nova;HOLLYTEC METAIS INDUSTRIA E COM. DE MAT. ELETRICOS;omie:linha-80;outro;2025-11-06 10:00;concluída;wellington.souza;Não Informado — varias tentativas de contato e nada tentarei na proxima semana
tarefa:h05b9b304c8;nova;KANGAROO COM. IMPORTACAO E EXPORTACAO DE EQUIP.DE;omie:linha-99;ligacao;2025-11-06 10:00;concluída;wellington.souza;Touch — 40 func - paga 8,00 por vida com sistema soc e já trabalha com eles em 2 outras empresas FALEI COM A PRINCESA AURORA ARIADINE NÃO ESTAVA
tarefa:h12cc7def36;nova;GUILLAUMON;omie:2025/00001;ligacao;2025-11-06 14:58;concluída;wellington.souza;Touch — estava em reunião 3841-3501 - GUILLAUMON - FALEI COM DANIELE - orcamentos@guillaumon.com.br - PATRICIA - 120 FUNC PATRICIA NÃO ESTAVA, MANDEI APRESENTAÇÃO LIGAR PARA ATUALIZAR
tarefa:h95a01dfe27;nova;KMA DISTRIBUIDORA DE LIVROS LTDA;omie:linha-102;ligacao;2025-11-06 15:28;concluída;wellington.souza;Touch — RENOVARAM EM JULHO JULHO - claudia@kmadistribuidora.com.br MANDEI EMAIL
tarefa:hb8d596e83c;nova;KMA DISTRIBUIDORA DE LIVROS LTDA;omie:linha-102;email;2025-11-06 15:32;aberta;wellington.souza;e-mail — *Controller MedSeg* Parceria em SST e Medicina Ocupacional, para mais segurança e eficiência
tarefa:hfbe058fadd;nova;HOLLYTEC METAIS INDUSTRIA E COM. DE MAT. ELETRICOS;omie:linha-80;ligacao;2025-11-07 09:28;concluída;wellington.souza;Touch — ATUALIZAR Não estava na sala Deixei meu contato para ela retonar DIFICIL ACHAR O RAMAL DESOCUPADO
tarefa:h0cb701702d;nova;AST - CONSULTORIA E DESENVOLVIMENTO EMPRESARIAL LT;omie:linha-27;ligacao;2025-11-10 15:27;concluída;wellington.souza;Touch — FALEI COM A GLEICE - 10 FUNC - RESP VANESSA NÃO ESTAVA Vanessa Unidade guarulhos1124470666
tarefa:h7cd1b4528a;nova;VANNUCCI IMPORT,EXPORTACAO E COMERC.DE AUTO PECAS;omie:linha-314;ligacao;2025-11-12 14:50;concluída;jakeline.santana;Touch — estava em reunião, pediu oara ligar amanhã as 10 BRUNO ESTÁ EM SEMANA DE FECHAMENTO, PEDIU PRA LIGAR DIA 12/11 PRA GENTE MARCAR UM HORÁRIO PARA FALAR SOBRE SST E MO
tarefa:heacc827218;nova;GUILLAUMON;omie:2025/00001;ligacao;2025-11-12 15:00;concluída;wellington.souza;Touch — FALEI COM A PATRICIA QUE ESTAVA ENTRANDO EM REUNIÃO, PEDIU PARA LIGAR AMANHÃ DE MANHÃ A PARTIR DAS 9H00 SERÁ O PRIMEIRO CONTATO, PORÉM JÁ ENVIEI O EMAIL DE APRESENTAÇÃO 3841-3501 - GUILLAUMON 
tarefa:hd7370fd1ac;nova;GREGORY MODAS INDUSTRIA E COMERCIO LTDA;omie:linha-76;ligacao;2025-11-12 16:00;concluída;wellington.souza;FUP — MANDAR O LINK DO MEET DA REUNIÃO AGENDADO PARA 13//11 AS 11H00 ENVIADO
tarefa:hd0059b6697;nova;GREGORY MODAS INDUSTRIA E COMERCIO LTDA;omie:linha-76;email;2025-11-12 16:49;aberta;wellington.souza;e-mail — Reunião: Gregory Modas // Controller MedSeg 13/11 - 11h00
tarefa:h2eeb2e1664;nova;GREGORY MODAS INDUSTRIA E COMERCIO LTDA;omie:linha-76;reuniao;2025-11-13 10:00;concluída;wellington.souza;Reunião — AGENDADO PARA 13//11 AS 11H00 REUNIÃO REALIZADA!
tarefa:h72811c5c0a;nova;VANNUCCI IMPORT,EXPORTACAO E COMERC.DE AUTO PECAS;omie:linha-314;ligacao;2025-11-13 14:33;concluída;jakeline.santana;Touch — 800 FUNCIONÁRIOS - NÃO SABE QUANTO PAGA OU NÃOQ UIS FALAR - RENOVAÇÃO NO MÊS 7 - LIGAR EM MAIO estava em reunião, pediu oara ligar amanhã as 10 BRUNO ESTÁ EM SEMANA DE FECHAMENTO, PEDIU PRA LI
tarefa:h732bc71a1d;nova;NEUPLAST INDUSTRIA E COMERCIO DE PLASTICOS LTDA;omie:linha-151;ligacao;2025-11-13 14:53;concluída;wellington.souza;Touch — 100 - brasmed - paga mais de 15,00 por vida - renovou em novembro agora e já entregaram os laudos - ficou bem interessado apesar de já terem fechado o contrato e disse que vai guardar nosso co
tarefa:hbf62fb9b17;nova;FISIO QUALY SERVICOS DE SAUDE LTDA;omie:linha-66;ligacao;2025-11-13 15:10;concluída;wellington.souza;Touch — fiz contato pelo whats novamente, nunca respondeu mandei outra mensagem pelo whats mandar mensagem com prospects 1/2/3/4/54
tarefa:hd7b11ba86f;nova;HOLLYTEC METAIS INDUSTRIA E COM. DE MAT. ELETRICOS;omie:linha-80;ligacao;2025-11-13 15:55;concluída;wellington.souza;Touch — ESTAVA EM REUNIÃO Deixei meu contato para ela retornar Atualizar
tarefa:h0035e242b3;nova;FRICAN COM E REFRIGERACAO;omie:linha-70;ligacao;2025-11-13 16:34;concluída;wellington.souza;Touch — JULIO - 10 FUNC - atendimento@frican.com.br - não estava TELEFONE COM PROBLEMA ATUALIZAR
tarefa:h4fcb3a98bc;nova;HOLLYTEC METAIS INDUSTRIA E COM. DE MAT. ELETRICOS;omie:linha-80;ligacao;2025-11-14 09:00;concluída;wellington.souza;Touch — ESTAVA EM REUNIÃO Deixei meu contato para ela retornar Atualizar
tarefa:hf504d1b54d;nova;GUILLAUMON;omie:2025/00001;ligacao;2025-11-14 09:34;concluída;wellington.souza;Touch — ESTAVA EM REUNIÃO FALEI COM A PATRICIA QUE ESTAVA ENTRANDO EM REUNIÃO, PEDIU PARA LIGAR AMANHÃ DE MANHÃ A PARTIR DAS 9H00 SERÁ O PRIMEIRO CONTATO, PORÉM JÁ ENVIEI O EMAIL DE APRESENTAÇÃO 3841-
tarefa:h58b17b4a75;nova;Pessoa Física;omie:linha-282;ligacao;2025-11-14 11:00;concluída;comercial;Touch — Fazer contato com Rebeca para falarmos sobre um possivel proposta Entrei em contato porem Rebeca nao pode atender
tarefa:h6c0327276b;nova;GUILLAUMON;omie:2025/00001;ligacao;2025-11-17 11:00;concluída;wellington.souza;Touch — PATRICIA PEDIU EMAIL E DISSE QUE ENTRA EM CONTATO SE TIVER ALGUMA SOLICITAÇÃO EM ALGUM CONDOMINIO DA GUIKKAUMON O CONTRATO RENOVA EM JUNHO estava em reunião FALEI COM A PATRICIA QUE ESTAVA ENT
tarefa:h20a9bd9ac9;nova;LATICINIOS PRIME QUEIJOS LTDA;omie:linha-105;ligacao;2025-11-17 14:50;concluída;wellington.souza;Touch — FALEI COM A NAYARA, TEM 40 FUNC, JÁ TEM PRESTADORA, RENOVA EM JUNHO, PEDIU APRESENTAÇÃO, UMA FOFA
tarefa:hf1b737543a;nova;LATICINIOS PRIME QUEIJOS LTDA;omie:linha-105;email;2025-11-17 14:52;aberta;wellington.souza;e-mail — *Controller MedSeg* Parceria em SST e Medicina Ocupacional, para mais segurança e eficiência
tarefa:h7d2feafa2d;nova;LATICINIOS PRIME QUEIJOS LTDA;omie:linha-105;email;2025-11-17 14:55;aberta;wellington.souza;e-mail — *Controller MedSeg* Parceria em SST e Medicina Ocupacional, para mais segurança e eficiência
tarefa:hf01692db6e;nova;AUTOPEL AUTOMACAO COMER E INFORMATICA LTDA;omie:linha-29;ligacao;2025-11-17 15:41;concluída;wellington.souza;Touch — FALEI COM FERNANDA E JULIA, NATALY NÃO ESTAVA MANDEI EMAIL FERNANDA DISSE Q TEM 2.000 FUNC E JULIA DISSE QUE TEM 800 FAZER CONTATO COM A JULIA
tarefa:hdfea515c77;nova;AUTOPEL AUTOMACAO COMER E INFORMATICA LTDA;omie:linha-29;email;2025-11-17 15:43;aberta;wellington.souza;e-mail — *Controller MedSeg* Parceria em SST e Medicina Ocupacional, para mais segurança e eficiência
tarefa:h776eaa1512;nova;LIFE RECURSOS HUMANOS LTDA;omie:linha-107;outro;2025-11-17 16:34;concluída;jakeline.santana;Não Informado — DIFICIL FALAR LA
tarefa:h480c12200f;nova;EMILIA BEM CASADOS COM DE DOCES LTDA;omie:linha-57;ligacao;2025-11-18 09:00;concluída;jakeline.santana;FUP — RETOMAR NEGOCIAÇÃO JOÃO CARLOS ESTÁ DE FÉRIAS, RETORNA DAQUI 30 DIAS TENTAR RETOMAR A NEGOCIAÇÃO ligar oara falar com João Carlos segunda feira as 14:30 FIZ CONTATO E JOÃO CARLOS TINHA ACABADO D
tarefa:h1d166592a3;nova;AUTOPEL AUTOMACAO COMER E INFORMATICA LTDA;omie:linha-29;ligacao;2025-11-18 09:00;concluída;wellington.souza;Touch — MANDEI EMAIL NATALY NÃO ESTAVA NA MESA LIGAR DAQUI UM TEMPO PARA ATUALIZAR FALEI COM FERNANDA E JULIA, NATALY NÃO ESTAVA MANDEI EMAIL FERNANDA DISSE Q TEM 2.000 FUNC E JULIA DISSE QUE TEM 800 
tarefa:h057dd871fc;nova;FRICAN COM E REFRIGERACAO;omie:linha-70;outro;2025-11-18 14:00;concluída;wellington.souza;Não Informado — NÃO ESTAVA - SÓ FICA DE MANHÃ JULIO - 10 FUNC - atendimento@frican.com.br - não estava
tarefa:h1352ded36a;nova;SUPERMERCADO IRMÃOS LOPES;omie:2025/00002;ligacao;2025-11-18 15:32;concluída;wellington.souza;Touch — FIZ CONTATO FALEI COMA LUCIANE MARAVILHOSA, PASSOU TODAS AS INFORMAÇÕES RH NÃO ATENDE MAIS POR TELEFONE, SÓ PESSOALMENTE NA AV SÃO PAULO, 335 RESPONSÁVEL É LUCIVAL OU ELLEN, PRINCIPAL É LUCIVA
tarefa:h991a66d455;nova;ARMAZENS GERAIS TRIANGULO EIRELI EPP;omie:2025/00003;email;2025-11-18 16:16;aberta;wellington.souza;e-mail — *Controller MedSeg* Parceria em SST e Medicina Ocupacional, para mais segurança e eficiência
tarefa:h3af7560e09;nova;ARMAZENS GERAIS TRIANGULO EIRELI EPP;omie:2025/00003;ligacao;2025-11-18 16:17;concluída;wellington.souza;Touch — FALEI COM A GRAYCE, TOP SÃO 70 FUNC RENOVAM EM AGOSTO ESTÃO COM A PERSEG FALEI DE TREINAMENTOS E QUE LIGARÍAMOS MAIS PRA FRENTE
tarefa:h69461234cf;nova;SUPERMERCADO IRMÃOS LOPES;omie:2025/00002;email;2025-11-19 09:58;aberta;wellington.souza;e-mail — *Controller MedSeg* Parceria em SST e Medicina Ocupacional, para mais segurança e eficiência
tarefa:h5dcd6c1744;nova;FRICAN COM E REFRIGERACAO;omie:linha-70;outro;2025-11-19 10:00;concluída;wellington.souza;Não Informado — SÓ FICA DE MANHÃ JULIO - 10 FUNC - atendimento@frican.com.br - não estava Senhor julio nao estava na empresa sua assistente disse que o mesmo nao trata de assuntos financeiros essa epo
tarefa:h5e0956a504;nova;HOLLYTEC METAIS INDUSTRIA E COM. DE MAT. ELETRICOS;omie:linha-80;ligacao;2025-11-19 10:00;concluída;wellington.souza;Touch — FALEI COM A LIENE, A ÉRICA E A TASSIANE NÃO ESTAVAM, MAS A LIENE DISSE QUE PODE SER COM ELA TBM E QUESTIONOU A NR1, DISSE QUE NÓS FAZIAMOS E QUE ENTRA EM VIGOR EM FEV, ELA DISSE QUE RENOVAM O 
tarefa:h726931f581;nova;SUPERMERCADO IRMÃOS LOPES;omie:2025/00002;reuniao;2025-11-19 10:00;concluída;wellington.souza;Reunião — VISITA DA ESPECIALISTA FIZ CONTATO FALEI COMA LUCIANE MARAVILHOSA, PASSOU TODAS AS INFORMAÇÕES RH NÃO ATENDE MAIS POR TELEFONE, SÓ PESSOALMENTE NA AV SÃO PAULO, 335 RESPONSÁVEL É LUCIVAL OU 
tarefa:h96cc00bdd5;nova;SUPERMERCADO IRMÃOS LOPES;omie:2025/00002;email;2025-11-19 10:05;aberta;wellington.souza;e-mail — *Controller MedSeg* Parceria em SST e Medicina Ocupacional, para mais segurança e eficiência
tarefa:hb0bf52ac25;nova;AÇOVISA | São Paulo;omie:linha-9;email;2025-11-19 10:42;aberta;wellington.souza;e-mail — *Controller MedSeg* Parceria em SST e Medicina Ocupacional, para mais segurança e eficiência
tarefa:hf43eb59ce6;nova;AÇOVISA | São Paulo;omie:linha-9;ligacao;2025-11-19 10:43;concluída;wellington.souza;Touch — NEM, LUCAS E ANDERSON SST TEM RAMAL, E A DANI SÓ POR EMAIL, MANDEI OUTRO EMAIL PARA OS 3 JUNTOS. TENTAR CONTATO NOVAMENTE PQ JÁ FUI ATENDIDA POR ELES ALGUMAS VEZES TENTAR CONTATO E MANDAR EMAI
tarefa:h0c8de6f790;nova;HOLLYTEC METAIS INDUSTRIA E COM. DE MAT. ELETRICOS;omie:linha-80;outro;2025-11-19 10:56;concluída;wellington.souza;Não Informado — FALEI COM A LIENE, A ÉRICA E A TASSIANE NÃO ESTAVAM, MAS A LIENE DISSE QUE PODE SER COM ELA TBM E QUESTIONOU A NR1, DISSE QUE NÓS FAZIAMOS E QUE ENTRA EM VIGOR EM FEV, ELA DISSE QUE RE
tarefa:h14d62be511;nova;HOLLYTEC METAIS INDUSTRIA E COM. DE MAT. ELETRICOS;omie:linha-80;email;2025-11-19 11:06;aberta;wellington.souza;e-mail — *Controller MedSeg* Parceria em SST e Medicina Ocupacional, para mais segurança e eficiência
tarefa:h58df2fbac2;nova;Pessoa Física;omie:linha-282;ligacao;2025-11-21 10:40;concluída;comercial;FUP — tentar novo contato dia 21/11 tentativas anteriores sem sucesso sem sucesso 21/11
tarefa:hf396e5d43b;nova;FORT QUIMICA;omie:linha-67;ligacao;2025-11-25 10:00;concluída;wellington.souza;FUP — FALAR EM NOVEMBRO / falar em dez - paga 109,00 por mes - sai 21,66 a vida se a gente cobrir é só agendar especialista / cliente paga menos 5 FUNC - PAGOU 1.300,00 PARA ASO E LAUDOS PRECISA DE CI
tarefa:h219866e5e3;nova;LIFE RECURSOS HUMANOS LTDA;omie:linha-107;ligacao;2025-11-25 14:51;concluída;jakeline.santana;Touch — 900 FUNC - RESPONSÁVEL É ÉRICA OU RENATA E AS MESMAS NÃO ESTAVAM
tarefa:h9d38076525;nova;LMC TINTAS;omie:linha-108;email;2025-11-25 15:10;aberta;wellington.souza;e-mail — *Controller MedSeg* Parceria em SST e Medicina Ocupacional, para mais segurança e eficiência
tarefa:he301afe46a;nova;LMC TINTAS;omie:linha-108;ligacao;2025-11-25 15:11;concluída;wellington.souza;Touch — FALEI COM A SIMONE PEDIU EMAIL // ENVIEI // DISSE QUE ME RESPONDE SUAS NECESSIDADES E A QUANTIDADE DE FUNC ELA MOSTROU INTERESSE E FICOU BEM INTERESSADA POR SERMOS DE GUARULHOS E ELES TBM, SÃO
tarefa:h20b6d1085a;nova;LOC.COM - COMERCIO E LOCACAO DE MAQ E EQUIPAMENTOS;omie:linha-109;ligacao;2025-11-25 15:45;concluída;wellington.souza;Touch — suporte@loccom.com.br - FALEI COM A MANUELA - 20 FUNC RESPONSÁVEL É A LUCIANA E NÃO ESTAVA
tarefa:hddcae7d766;nova;LIFE RECURSOS HUMANOS LTDA;omie:linha-107;ligacao;2025-11-26 10:00;concluída;jakeline.santana;Touch — ATUALIZAR DATA DE RENOVAÇÃO FALEI COM A ÉRICA, RENATA QUE É A RESPONSÁVEL ESTAVA EM CAMPANHA NA EMRPESA E NÃO PODIA ATENDER ÉRICA ME PASSOU O CORPORATIVO DA RENATA - 1191463-6766 PARA AGENDARM
tarefa:h3626b6854c;nova;LIFE RECURSOS HUMANOS LTDA;omie:linha-107;email;2025-11-26 10:25;aberta;jakeline.santana;e-mail — *Controller MedSeg* Parceria em SST e Medicina Ocupacional, para mais segurança e eficiência
tarefa:h615a7789b5;nova;LOC.COM - COMERCIO E LOCACAO DE MAQ E EQUIPAMENTOS;omie:linha-109;email;2025-11-26 10:26;aberta;wellington.souza;e-mail — *Controller MedSeg* Parceria em SST e Medicina Ocupacional, para mais segurança e eficiência
tarefa:h7b0cfa4f35;nova;LIFE RECURSOS HUMANOS LTDA;omie:linha-107;email;2025-11-26 12:06;aberta;jakeline.santana;e-mail — RE: *Controller MedSeg* Parceria em SST e Medicina Ocupacional, para mais segurança e eficiência
tarefa:h9ebe6fa4aa;nova;LUANDRE TEMPORARIOS LTDA;omie:linha-110;ligacao;2025-11-26 16:33;concluída;wellington.souza;Touch — EM CONTATO PELO WHATSAPP
tarefa:h8c09223e7d;nova;LIFE RECURSOS HUMANOS LTDA;omie:linha-107;email;2025-11-26 16:55;aberta;jakeline.santana;e-mail — RES: *Controller MedSeg* Parceria em SST e Medicina Ocupacional, para mais segurança e eficiência
tarefa:h7ad5e1a03c;nova;BIVIK CONFECCOES LTDA;omie:linha-33;ligacao;2025-11-27 09:33;concluída;wellington.souza;Touch — ADRIANA - adriana.checchia@bivic.com .br - 170 func - AGOSTO ESTAVA EM FECHAMENTO DE FOLHA E NÃO CONSEGUIA FALAR SOBRE ISSO, MAS PASSOU INFORMAÇÕES
tarefa:h0f79f1c197;nova;BIVIK CONFECCOES LTDA;omie:linha-33;email;2025-11-27 09:43;aberta;wellington.souza;e-mail — *Controller MedSeg* Parceria em SST e Medicina Ocupacional, para mais segurança e eficiência
tarefa:h9e51b4fb5e;nova;INST. DE ORIENTAÇÃO AS COOP. HAB DE SP INOCOOP SAO;omie:linha-90;ligacao;2025-11-27 10:00;concluída;wellington.souza;Touch — telefone ninguém atende - fazer a ultima tentativa fazer atualização FALEI COM ISABEL - GISELE NÃO ESTAVA - gisele@polaris.org.br - NÃO SABE INFORMAR NUM DE FUNC fazer contato para maiores inf
tarefa:h8ed7f43b8a;nova;LMC TINTAS;omie:linha-108;ligacao;2025-11-27 10:00;concluída;wellington.souza;Touch — VERIFICAR FALEI COM A SIMONE PEDIU EMAIL // ENVIEI // DISSE QUE ME RESPONDE SUAS NECESSIDADES E A QUANTIDADE DE FUNC ELA MOSTROU INTERESSE E FICOU BEM INTERESSADA POR SERMOS DE GUARULHOS E ELE
tarefa:h50e04b62a7;nova;LIFE RECURSOS HUMANOS LTDA;omie:linha-107;email;2025-11-27 10:19;aberta;jakeline.santana;e-mail — RES: *Controller MedSeg* Parceria em SST e Medicina Ocupacional, para mais segurança e eficiência
tarefa:h884291293a;nova;LIFE RECURSOS HUMANOS LTDA;omie:linha-107;email;2025-11-27 10:34;aberta;jakeline.santana;e-mail — RES: *Controller MedSeg* Parceria em SST e Medicina Ocupacional, para mais segurança e eficiência
tarefa:hd67799a388;nova;LUCIANA MARTINS MAGALHAES;omie:linha-111;outro;2025-11-27 11:31;concluída;wellington.souza;Não Informado — TRAB COM A SAMA - LUCIANA - OUT ENTRAR EM CONTATO PARA PEGAR EMAIL PQ O DELA APAGA E QUANT DE FUNC
tarefa:h2f724af58d;nova;LUANDRE TEMPORARIOS LTDA;omie:linha-110;email;2025-11-27 13:57;aberta;wellington.souza;e-mail — RES: CONTATO PARA APRESENTAR E OFERECER SERVIÇOS
tarefa:hbf27648c7d;nova;LUANDRE TEMPORARIOS LTDA;omie:linha-110;email;2025-11-27 13:57;aberta;wellington.souza;e-mail — *Controller MedSeg* Parceria em SST e Medicina Ocupacional, para mais segurança e eficiência
tarefa:ha25aea3bf5;nova;MAIORCA PASSAGENS E TURISMO LTDA;omie:linha-114;email;2025-11-27 16:18;aberta;wellington.souza;e-mail — *Controller MedSeg* Parceria em SST e Medicina Ocupacional, para mais segurança e eficiência
tarefa:hc89c420eb1;nova;MAIORCA PASSAGENS E TURISMO LTDA;omie:linha-114;ligacao;2025-11-27 16:19;concluída;wellington.souza;Touch — FALEI COM ANNE E RENATO DANIELLE - rh@maiorca.com.br - 80 func DANIELLE NÃO ESTAVA
tarefa:h8cf5599b77;nova;LUANDRE TEMPORARIOS LTDA;omie:linha-110;ligacao;2025-11-28 10:00;concluída;wellington.souza;Touch — ATUALIZAR EM CONTATO PELO WHATSAPP Como nao tenho acesso ao Whatsapp enviei outro email
tarefa:hf0636f7afb;nova;MAIORCA PASSAGENS E TURISMO LTDA;omie:linha-114;ligacao;2025-12-02 09:23;concluída;wellington.souza;Touch — ATUALIZAR NÃO SABE O MES DE RENOVAÇÃO, DISSE QUE VAI VER O CONTRATO E RESPONDE POR EMAIL ATUALIZAR O MES DE RENOVAÇÃO FALEI COM ANNE E RENATO DANIELLE - rh@maiorca.com.br - 80 func DANIELLE NÃ
tarefa:h9d9d1c9fa9;nova;MAIORCA PASSAGENS E TURISMO LTDA;omie:linha-114;email;2025-12-02 09:25;aberta;wellington.souza;e-mail — *Controller MedSeg* Parceria em SST e Medicina Ocupacional, para mais segurança e eficiência
tarefa:ha918ba0633;nova;LIFE RECURSOS HUMANOS LTDA;omie:linha-107;ligacao;2025-12-02 10:00;concluída;jakeline.santana;Touch — ATUALIZAR DATA DE RENOVAÇÃO - OUTUBRO FALEI COM A ÉRICA, RENATA QUE É A RESPONSÁVEL ESTAVA EM CAMPANHA NA EMRPESA E NÃO PODIA ATENDER ÉRICA ME PASSOU O CORPORATIVO DA RENATA - 1191463-6766 PAR
tarefa:h0005b76459;nova;LIFE RECURSOS HUMANOS LTDA;omie:linha-107;ligacao;2025-12-02 11:09;concluída;jakeline.santana;Touch — FIZ CONTATO COM A RENATA E ELA RESPONDEU DIZENDO QUE RENOVARAM MES PASSADO, OUTUBRO
tarefa:h28e8e41abd;nova;LIFE RECURSOS HUMANOS LTDA;omie:linha-107;email;2025-12-07 20:57;aberta;jakeline.santana;e-mail — RES: *Controller MedSeg* Parceria em SST e Medicina Ocupacional, para mais segurança e eficiência
tarefa:hc8210f646d;nova;DISPAFILM DO BRASIL LTDA;omie:linha-44;ligacao;2025-12-10 14:00;concluída;wellington.souza;FUP — 08/08 - TENTANDO CONTATO PELO CELULAR - (11) 99446-7706 - 120 FUNC - (11) 3296-7800 11/08 - CONSEGUI CONTATO PELO CEL, ESTAVA INDO ALMOÇAR, MARCAMOS AS 14H00 SÃO EM 4 CNPJ - 510 FUNCIONÁRIOS, PE
tarefa:h4979259e00;nova;LMC TINTAS;omie:linha-108;outro;2026-01-06 09:40;concluída;wellington.souza;Não Informado — Voltar a fazer contato
tarefa:hb9089376ea;nova;MAIORCA PASSAGENS E TURISMO LTDA;omie:linha-114;ligacao;2026-01-14 10:00;concluída;wellington.souza;Touch — ATUALIZAR NÃO SABE O MES DE RENOVAÇÃO, DISSE QUE VAI VER O CONTRATO E RESPONDE POR EMAIL ATUALIZAR O MES DE RENOVAÇÃO FALEI COM ANNE E RENATO DANIELLE - rh@maiorca.com.br - 80 func DANIELLE NÃ
tarefa:h772d5f0690;nova;LUANDRE TEMPORARIOS LTDA;omie:linha-110;ligacao;2026-02-02 10:00;concluída;wellington.souza;FUP — Retornar proxima semana responsavel nao estara
tarefa:h534584379d;nova;SATELITE ABC CONSTRUÇÕES LTDA;omie:linha-292;ligacao;2026-02-03 09:00;concluída;wellington.souza;FUP — ESTAMOS EM CONTATO , PEDIU PARA PROCURAR NA ÉPODA DA RENOVAÇÃO EM FEVEREIRO OU MARÇO
tarefa:hd70b8129d1;nova;Pessoa Física;omie:linha-282;ligacao;2026-02-05 08:30;concluída;comercial;FUP — FAZER NOVO CONTATO liguei porem no tive sucesso agendar nova tentativa
tarefa:hbcc8274947;nova;N.E.W.S. LOGISTICS LTDA;omie:linha-145;ligacao;2026-02-18 11:26;concluída;wellington.souza;FUP — Falei com viviane, responsável pelo RH , a mesma informou tem apenas 3 vidas na empresa, pediu para encaminhar uma apresentação por e-mail vivianenewlogisticas.com.br
tarefa:h416dc4d935;nova;AUTOPEL AUTOMACAO COMER E INFORMATICA LTDA;omie:linha-29;ligacao;2026-02-20 10:00;concluída;wellington.souza;FUP — MANDEI EMAIL NATALY NÃO ESTAVA NA MESA LIGAR DAQUI UM TEMPO PARA ATUALIZAR
tarefa:hee33cdd3df;nova;MAIORCA PASSAGENS E TURISMO LTDA;omie:linha-114;outro;2026-02-23 14:00;concluída;wellington.souza;Não Informado — entra em contato após o almoço, Danielle ocupada
tarefa:hab967f52d3;nova;MAIORCA PASSAGENS E TURISMO LTDA;omie:linha-114;ligacao;2026-02-24 10:00;concluída;wellington.souza;FUP — ainda estava ocupada, ligar amanha cedo para falar melhor com ela
tarefa:hf18d1bf1b2;nova;PLASTIFOZ INDUSTRIA DE PLASTICOS E COMERCIO DE PAP;omie:linha-182;ligacao;2026-02-24 10:37;concluída;wellington.souza;FUP — email enviado THAIS - PAULA - paula@plastifoz.com.br - 41 func só atende por email - tentar falar NÃO ESTAVA, LIGAR MAIS TARDE
tarefa:h2e48d04355;nova;PLASTIFOZ INDUSTRIA DE PLASTICOS E COMERCIO DE PAP;omie:linha-182;ligacao;2026-02-24 14:15;concluída;wellington.souza;FUP — Ligar após o almoço pois a responsáveis ainda não estão
tarefa:hf308c64085;nova;MAIORCA PASSAGENS E TURISMO LTDA;omie:linha-114;outro;2026-02-24 15:30;concluída;wellington.souza;Não Informado — Liguei para conversar com a Daniele, mas foi informado que a mesma passara a manha toda em reunião, me passaram o contato direto dela, e foi recomendado entra em contato mais tarde 337
tarefa:h0bd1929b96;nova;EDIFICIO TATUAPE FLAT SERVICE;omie:linha-52;ligacao;2026-02-25 09:27;concluída;wellington.souza;FUP — Os responsáveis estão ocupados, ligar daqui a 1h
tarefa:h3dd3b3c7fe;nova;EDIFICIO TATUAPE FLAT SERVICE;omie:linha-52;ligacao;2026-02-25 10:00;concluída;wellington.souza;FUP — FIZ CONTATO COM A SYBELLE UMA QUERIDA - TEM + DE 1.000 FUNC CONTRATO É ANUAL E RENOVAM NO COMEÇO DO ANO NÃO LEMBRA O VALOR QUE PAGAM E NÃO VAI MEXER NISSO ATÉ DAR ALGUM PROBLEMA OU CHEGAR O MOME
tarefa:h8fab711ecb;nova;AUTOPEL AUTOMACAO COMER E INFORMATICA LTDA;omie:linha-29;ligacao;2026-02-25 10:00;concluída;wellington.souza;FUP — Ligar segunda feira para falar com a Nataly da segurança do trabalho, a mesma estava ocupado
tarefa:hccba4093c2;nova;PLASTIFOZ INDUSTRIA DE PLASTICOS E COMERCIO DE PAP;omie:linha-182;ligacao;2026-02-25 10:00;concluída;wellington.souza;FUP — Ligar pela manha para encontrar a Paula
tarefa:h0f62d5ff61;nova;EDIFICIO TATUAPE FLAT SERVICE;omie:linha-52;ligacao;2026-02-25 15:49;concluída;wellington.souza;FUP — Foi pedido para encaminhar e-mail a Sibelly, não podem passar o telefone dela, a mesma estava em Home sibelly.leony@melia.com
tarefa:hcc1505a420;nova;LUANDRE TEMPORARIOS LTDA;omie:linha-110;ligacao;2026-02-27 10:00;concluída;wellington.souza;FUP — Ligar e tentar falar com responsavel
tarefa:h29a01e92de;nova;PLASTIFOZ INDUSTRIA DE PLASTICOS E COMERCIO DE PAP;omie:linha-182;ligacao;2026-02-27 16:00;concluída;wellington.souza;FUP — Paula não estava na empresa, ligar novamente pela manha
tarefa:h5d9bf448a3;nova;LUANDRE TEMPORARIOS LTDA;omie:linha-110;ligacao;2026-03-02 08:06;concluída;wellington.souza;FUP — Telefone indisponível, tentar contato novamente
tarefa:haeeaa63939;nova;LUANDRE TEMPORARIOS LTDA;omie:linha-110;outro;2026-03-02 09:17;concluída;wellington.souza;Não Informado — sem sucesso novamente na tentativa de contato
tarefa:hf51ef00ee7;nova;FORT QUIMICA;omie:linha-67;outro;2026-03-02 12:12;concluída;wellington.souza;Não Informado — Celso não estava, ligar amanha
tarefa:hafeca88e87;nova;PLASTIFOZ INDUSTRIA DE PLASTICOS E COMERCIO DE PAP;omie:linha-182;outro;2026-03-02 13:30;concluída;wellington.souza;Não Informado — Paula, estará na empresa somente segunda feira ás 13hrs
tarefa:h1fe11f1be3;nova;PLASTIFOZ INDUSTRIA DE PLASTICOS E COMERCIO DE PAP;omie:linha-182;outro;2026-03-02 15:47;concluída;wellington.souza;Não Informado — Thais esta no lugar de Paula, que está de atestado, pediu para encaminhar um e-mail / email encaminhado
tarefa:h59378e95d0;nova;LUANDRE TEMPORARIOS LTDA;omie:linha-110;outro;2026-03-03 09:55;concluída;wellington.souza;Não Informado — sem sucesso na tentativa de contato
tarefa:hfcfd75abbf;nova;FORT QUIMICA;omie:linha-67;outro;2026-03-03 10:30;concluída;wellington.souza;Não Informado — ligar a partir das 10:30
tarefa:h2d40374274;nova;FORT QUIMICA;omie:linha-67;outro;2026-03-03 10:35;concluída;wellington.souza;Não Informado — celso, não estava novamente na empresa
tarefa:hb57da1137e;nova;FORT QUIMICA;omie:linha-67;outro;2026-03-03 11:00;concluída;wellington.souza;Não Informado — retornar contato celso
tarefa:hb7a8355c0a;nova;VANNUCCI IMPORT,EXPORTACAO E COMERC.DE AUTO PECAS;omie:linha-314;outro;2026-03-03 14:30;concluída;jakeline.santana;Não Informado — Bruno não estava, foi pedido par aligar as 14:30
tarefa:h846da3298b;nova;ECOMASTER INDUSTRIA E COMERCIO DE PRODUTOS QUIMICO;omie:linha-51;outro;2026-03-03 14:58;concluída;wellington.souza;Não Informado — Sem sucesso na tentativa de contato
tarefa:hc1157270d7;nova;ECOMASTER INDUSTRIA E COMERCIO DE PRODUTOS QUIMICO;omie:linha-51;outro;2026-03-04 10:03;concluída;wellington.souza;Não Informado — informou ter renovado o contrato em Janeiro agora, e pediu para entra cem contato em dezembro
tarefa:hb38e2da64e;nova;ECOMASTER INDUSTRIA E COMERCIO DE PRODUTOS QUIMICO;omie:linha-51;outro;2026-03-04 11:00;concluída;wellington.souza;Não Informado — tentar novamente
tarefa:h0f46e66c61;nova;AÇOVISA | São Paulo;omie:linha-9;ligacao;2026-03-04 11:00;concluída;wellington.souza;FUP — NEM, LUCAS E ANDERSON SST TEM RAMAL, E A DANI SÓ POR EMAIL, MANDEI OUTRO EMAIL PARA OS 3 JUNTOS. TENTAR CONTATO NOVAMENTE PQ JÁ FUI ATENDIDA POR ELES ALGUMAS VEZES TENTAR CONTATO E MANDAR EMAIL 
tarefa:h2b5f99cc9c;nova;AST - CONSULTORIA E DESENVOLVIMENTO EMPRESARIAL LT;omie:linha-27;ligacao;2026-03-05 09:51;concluída;wellington.souza;FUP — Elaine, informou que Gleice e vanessa, são da unidade de Guarulhos, me passou o seguinte telefone - Unidade guarulhos1124470666 Contato foi realizado, porém não obtive sucesso
tarefa:hb1276efc73;nova;AST - CONSULTORIA E DESENVOLVIMENTO EMPRESARIAL LT;omie:linha-27;ligacao;2026-03-05 10:00;concluída;wellington.souza;FUP — GLEICE NÃO SABE INFORMAR E DISSE QUE NÃO TEM NENHUMA VANESSA FALEI COM A GLEICE - 10 FUNC - RESP VANESSA NÃO ESTAVA
tarefa:h437e969629;nova;AÇOVISA | São Paulo;omie:linha-9;outro;2026-03-09 09:28;concluída;wellington.souza;Não Informado — Entrei em contato, foi informado que realmente ambos só respondem por e-mail e não atendem ligações, e se não houve respostas é por que não há interesse
tarefa:h3d16b8679a;nova;AÇOVISA | São Paulo;omie:linha-9;outro;2026-03-09 10:40;concluída;wellington.souza;Não Informado — Tentar contato novamente
tarefa:he82700bb8f;nova;GRANADO PHERRO;omie:linha-75;ligacao;2026-03-09 11:45;concluída;wellington.souza;FUP — buscar infermaçoes
tarefa:hd62ec0a0bf;nova;PLASTIFOZ INDUSTRIA DE PLASTICOS E COMERCIO DE PAP;omie:linha-182;outro;2026-03-09 14:00;concluída;wellington.souza;Não Informado — Retorno do email
tarefa:h03d59724c3;nova;GRANADO PHERRO;omie:linha-75;outro;2026-03-09 14:00;concluída;wellington.souza;Não Informado — ao transferir a ligação, ramal caiu, ligar após o almoço
tarefa:h72b9b4e964;nova;BIVIK CONFECCOES LTDA;omie:linha-33;ligacao;2026-03-10 09:00;concluída;wellington.souza;Touch — ATUALIZAR ADRIANA - adriana.checchia@bivic.com .br - 170 func - AGOSTO ESTAVA EM FECHAMENTO DE FOLHA E NÃO CONSEGUIA FALAR SOBRE ISSO, MAS PASSOU INFORMAÇÕES MANDEI EMAIL
tarefa:h0d2079ca0f;nova;SATELITE ABC CONSTRUÇÕES LTDA;omie:linha-292;ligacao;2026-03-10 09:33;concluída;wellington.souza;FUP — Liguei falei com Raiza e a mesma pediu para enviar um novo email para senhor Thomas email enviado
tarefa:h78758a034d;nova;BIVIK CONFECCOES LTDA;omie:linha-33;outro;2026-03-10 11:16;concluída;wellington.souza;Não Informado — Não tem interesse pois renovou recentemente
tarefa:h9509642264;nova;Pessoa Física;omie:linha-282;ligacao;2026-03-11 09:00;concluída;comercial;FUP — nova tentativa pois Rebeca esta em um atendimento externo.
tarefa:h3b8ad3402d;nova;Pessoa Física;omie:linha-282;outro;2026-03-11 10:01;concluída;comercial;Não Informado — Rebeca informou que e a empresa esta passando por uma mudança de local, e pediu para entra em contato em abrirl
tarefa:ha3c0376ac4;nova;INDIANA ARTEFATOS DE BORRACHAS LTDA;omie:linha-84;ligacao;2026-03-12 13:30;concluída;wellington.souza;FUP — EVA ESTAVA OCUPADA, DEPOIS RETORNEI E NÃO PASSOU A LIGAÇÃO, DISSE QUE É POR EMAIL, MANDEI EMAIL 2 (11) 4785-8510 - rh@indianaborrachas.com.br - EVA - FALEI COM A KARINA- PEDIU PARA ENVIAR EMAIL 
tarefa:hc1e7fe0e29;nova;INDIANA ARTEFATOS DE BORRACHAS LTDA;omie:linha-84;outro;2026-03-12 15:27;concluída;wellington.souza;Não Informado — telefone só chama
tarefa:he4bfdbfd95;nova;INDIANA ARTEFATOS DE BORRACHAS LTDA;omie:linha-84;outro;2026-03-12 15:27;concluída;wellington.souza;Não Informado — Tentar contato novamente
tarefa:hedb28cb644;nova;FRICAN COM E REFRIGERACAO;omie:linha-70;outro;2026-03-12 15:30;concluída;wellington.souza;Não Informado — Entrar em contato senhor julio em mar/26
tarefa:hbdce7402cf;nova;INDIANA ARTEFATOS DE BORRACHAS LTDA;omie:linha-84;outro;2026-03-12 15:36;concluída;wellington.souza;Não Informado — telefone indisponivel
tarefa:hd41f46f7ce;nova;ROJEMAC;omie:linha-288;outro;2026-03-16 09:20;concluída;wellington.souza;Não Informado — Sem sucesso na tentativa de contato
tarefa:hc105a89899;nova;ANIN PAPEIS ESPECIAIS;omie:linha-24;ligacao;2026-03-16 10:00;concluída;wellington.souza;FUP — CONCORRENTE Retomar contato com Marcelo ENVIEI EMAIL, ENTRAR EM CONTATO - 250 FUNC - 2085-5140 - R: 251
tarefa:hd417cf1177;nova;MAIORCA PASSAGENS E TURISMO LTDA;omie:linha-114;ligacao;2026-03-16 11:30;concluída;wellington.souza;FUP — Liguei para conversar com a Daniele, mas foi informado que a mesma passara a manha toda em reunião, me passaram o contato direto dela, e foi recomendado entra em contato mais tarde 33719671- Dan
tarefa:h5f70d22eed;nova;EDIFICIO TATUAPE FLAT SERVICE;omie:linha-52;outro;2026-03-16 14:00;concluída;wellington.souza;Não Informado — Entrar em contato para saber os autos do e-mail
tarefa:h1f9344ac5e;nova;ROJEMAC;omie:linha-288;outro;2026-03-16 15:58;concluída;wellington.souza;Não Informado — Ligar novamente, sem sucesso na tentativa de contato
tarefa:h14a757c267;nova;INDIANA ARTEFATOS DE BORRACHAS LTDA;omie:linha-84;outro;2026-03-17 09:10;concluída;wellington.souza;Não Informado — pediu para encaminhar e-mail novamente pois as responsáveis não atendem o telefone, e pediram para aguardar respostas por e-mail e-mail encaminhado
tarefa:hc173f41f59;nova;INJEQUALY INDUSTRIA E COMERCIO LTDA;omie:linha-89;ligacao;2026-03-17 10:00;concluída;wellington.souza;FUP — Ligar falar com Juliana ou Pamela sobre possivel negociação
tarefa:h0d719f3c88;nova;INDIANA ARTEFATOS DE BORRACHAS LTDA;omie:linha-84;outro;2026-03-17 15:37;concluída;wellington.souza;Não Informado — Tentar contato novamente
tarefa:h3a9ebd20b6;nova;EDIFICIO TATUAPE FLAT SERVICE;omie:linha-52;outro;2026-03-17 16:53;concluída;wellington.souza;Não Informado — telefone só chamou anteriormente, ligar novamente
tarefa:hf65bebdb67;nova;SATELITE ABC CONSTRUÇÕES LTDA;omie:linha-292;outro;2026-03-20 14:35;concluída;wellington.souza;Não Informado — Tentar contato novamente
tarefa:h9aa6db7079;nova;AST - CONSULTORIA E DESENVOLVIMENTO EMPRESARIAL LT;omie:linha-27;outro;2026-03-24 10:30;concluída;wellington.souza;Não Informado — tentar contato novamente, nesse numero Vanessa Unidade guarulhos1124470666
tarefa:h25beef7ac1;nova;MIDIA VIEW COMUNICACAO E MARKETING LTDA;omie:linha-130;ligacao;2026-03-24 11:30;concluída;wellington.souza;FUP — Fazer contato para trazer mais informaçoes
tarefa:ha2fc3a59a6;nova;EDIFICIO TATUAPE FLAT SERVICE;omie:linha-52;outro;2026-03-31 08:43;concluída;wellington.souza;Não Informado — telefone SIBELLY.LEONI - 3043-8377, só chamou tentar contato novamente
tarefa:h402a656b00;nova;VANNUCCI IMPORT,EXPORTACAO E COMERC.DE AUTO PECAS;omie:linha-314;outro;2026-03-31 10:00;concluída;jakeline.santana;Não Informado — Bruno foi desligado da empresa, foi pedido para ligar na próxima semana para conversar sobre
tarefa:hb9f01ee122;nova;LMC TINTAS;omie:linha-108;ligacao;2026-03-31 10:00;concluída;wellington.souza;FUP — Ligar mes 03 para falar sobre proposta/RH
tarefa:h0beb1c0394;nova;VANNUCCI IMPORT,EXPORTACAO E COMERC.DE AUTO PECAS;omie:linha-314;outro;2026-03-31 10:07;concluída;jakeline.santana;Não Informado — Bruno Alves, novo responsável do setor RH, pediu para encaminhar um anova apresentação, pois o colaborador antigo foi desligado da empresa, encaminhado um e-mail
tarefa:h4dfba2cb52;nova;GRANADO PHERRO;omie:linha-75;outro;2026-03-31 14:29;concluída;wellington.souza;Não Informado — Tentar contato novamente
tarefa:h17191d2c57;nova;INDUSTRIA METALURGICA SANTA PAULA;omie:linha-86;outro;2026-03-31 16:07;concluída;wellington.souza;Não Informado — Renovou contratado com a contratada que já os atendem a anos, n possui interesse em trocar
tarefa:h7dda78c880;nova;MIDIA VIEW COMUNICACAO E MARKETING LTDA;omie:linha-130;outro;2026-04-09 10:26;concluída;wellington.souza;Não Informado — tentar contato novamente, telefone só chamou
tarefa:h8145c2fb34;nova;GRANADO PHERRO;omie:linha-75;outro;2026-04-09 13:00;concluída;wellington.souza;Não Informado — Telefone só chamou, ligar novamente
tarefa:h1d58b3c4c2;nova;AST - CONSULTORIA E DESENVOLVIMENTO EMPRESARIAL LT;omie:linha-27;outro;2026-04-14 09:48;concluída;wellington.souza;Não Informado — Vanessa Unidade guarulhos1124470666 Ligar na próxima semana
tarefa:ha612ea147a;nova;LATICINIOS PRIME QUEIJOS LTDA;omie:linha-105;ligacao;2026-04-14 10:00;concluída;wellington.souza;FUP — VERIFICAR NOVIDADES, MANDAR EMAIL 2 DE APRESENTAÇÃO PARA SER LEMBRADO rh@queijosroseli.com.br Mayra FALEI COM A NAYARA, TEM 40 FUNC, JÁ TEM PRESTADORA, RENOVA EM JUNHO, PEDIU APRESENTAÇÃO, UMA F
tarefa:hda049c72d1;nova;TINTAS BRAZILIAN;omie:linha-304;ligacao;2026-04-14 10:00;concluída;wellington.souza;FUP — RENOVOU EM JUNHO OU MAIO / PEDIU PARA LIGAR EM ABRIL
tarefa:hf73fa5546a;nova;Pessoa Física;omie:linha-282;outro;2026-04-15 10:02;concluída;comercial;Não Informado — retorno de contato
tarefa:hc63832003b;nova;MULTIARTE COMUNICACAO E ADITORA LTDA;omie:linha-140;ligacao;2026-04-16 14:54;concluída;wellington.souza;FUP — TELEFONE SO CHAMA TENTAR DE NOVO
tarefa:h49a9f3a50e;nova;MUNHOZ LIMA PROJETOS E ASSESSORIA S/S LTDA;omie:linha-142;ligacao;2026-04-16 14:58;concluída;wellington.souza;FUP — NOVO CONTATO
tarefa:he44788bf89;nova;N.C. GAMES & ARCADES COM IMP EXP E LOC DE FITAS MA;omie:linha-144;outro;2026-04-16 15:01;concluída;wellington.souza;Não Informado — FAZER CONTATO PARA APRESENTAR SERVIÇOS
tarefa:hef55676dd0;nova;LATICINIOS PRIME QUEIJOS LTDA;omie:linha-105;outro;2026-04-17 10:09;concluída;wellington.souza;Não Informado — conversei com a Nayara do Rh, a mesma informou ja ter uma contratada mas estão abertos a segunda opinião.. Atualmente existem 40 funcionários registrados , não s abe ao certo qual o ga
tarefa:hf268bec442;nova;NOVOA PRADO CONSULTORIA JURIDICA S/C;omie:linha-163;ligacao;2026-04-17 10:23;concluída;wellington.souza;FUP — Fazer contato para apresentar nossos serviços
tarefa:h0e9a6d7080;nova;NORTH SUPLY EQUIPAMENTOS & SUPRIMENTOS;omie:linha-159;outro;2026-04-17 10:25;concluída;wellington.souza;Não Informado — telefone só chama novamente
tarefa:h2980260a5a;nova;NOVOA PRADO CONSULTORIA JURIDICA S/C;omie:linha-163;outro;2026-04-17 10:28;concluída;wellington.souza;Não Informado — responsável se encontra somente após o feriado
tarefa:h09259596dd;nova;N.C. GAMES & ARCADES COM IMP EXP E LOC DE FITAS MA;omie:linha-144;outro;2026-04-17 10:42;concluída;wellington.souza;Não Informado — Telefone só chama,
tarefa:h5ad06477c3;nova;MULTIARTE COMUNICACAO E ADITORA LTDA;omie:linha-140;outro;2026-04-17 10:53;concluída;wellington.souza;Não Informado — Telefone ainda só chama, tentar novamente
tarefa:hf032150a0f;nova;NORTH SUPLY EQUIPAMENTOS & SUPRIMENTOS;omie:linha-159;ligacao;2026-04-17 11:30;concluída;wellington.souza;FUP — telefone so chamou tentar novamente
tarefa:h39e27e0fc3;nova;LATICINIOS PRIME QUEIJOS LTDA;omie:linha-105;outro;2026-04-17 11:36;concluída;wellington.souza;Não Informado — sem sucesso na tentativa de contato, tentar novamente
tarefa:hfebec39378;nova;OMEGA PROJETOS TECNICOS LTDA;omie:linha-174;ligacao;2026-04-25 15:17;concluída;wellington.souza;FUP — FAZER CONTATO
tarefa:h2e6b7a16bc;nova;MERCANTE TUBOS E ACOS LTDA;omie:linha-125;ligacao;2026-04-30 10:12;concluída;wellington.souza;FUP — Fazer primeiro contato para apresentar nossos serviços
tarefa:h262350b8eb;nova;NORTH SUPLY EQUIPAMENTOS & SUPRIMENTOS;omie:linha-159;outro;2026-04-30 10:26;concluída;wellington.souza;Não Informado — Tentar contato novamente
tarefa:h836e8191df;nova;AUTOPEL AUTOMACAO COMER E INFORMATICA LTDA;omie:linha-29;ligacao;2026-04-30 10:30;concluída;wellington.souza;FUP — Sem sucesso na tentativa de contato
tarefa:h47bf9a8e71;nova;RENAISSANCE;omie:linha-285;ligacao;2026-05-01 15:00;concluída;wellington.souza;FUP — MANDAR EMAIL COM APRESENTAÇÃO 1/2/3/4/5 FALEI COM CAIO, PEDIU EMAIL DE APRES, DISSE Q ACABARAM DE RENOVAR, QUALQUER COISA ENTRA EM CONTATO E NÃO VAI MEXER POR AGORA RESPONSÁVEL É O CAIO - 460 FU
tarefa:h618f4fa275;nova;NEIDE GOMES DE MELO;omie:linha-148;outro;2026-05-04 10:03;concluída;wellington.souza;Não Informado — telefone só chama, tentar contato novamente
tarefa:hc5cc181836;nova;MERCANTE TUBOS E ACOS LTDA;omie:linha-125;outro;2026-05-04 10:23;concluída;wellington.souza;Não Informado — Indisponível , tentar contato novamente
tarefa:h255addcfd0;nova;NORTH SUPLY EQUIPAMENTOS & SUPRIMENTOS;omie:linha-159;outro;2026-05-04 10:37;concluída;wellington.souza;Não Informado — telefone indisponível, tentar novamente
tarefa:h8e1ce8c37b;nova;AUTOPEL AUTOMACAO COMER E INFORMATICA LTDA;omie:linha-29;outro;2026-05-04 11:21;concluída;wellington.souza;Não Informado — nathalia.silva@autopel.com. Nataly, não esta mais na empresa, mandar email para a Nathalia nova funcionaria
tarefa:h8feae5ae66;nova;INJEQUALY INDUSTRIA E COMERCIO LTDA;omie:linha-89;outro;2026-05-04 14:00;concluída;wellington.souza;Não Informado — Ramal do RH, ocupado, ligar mais tarde
tarefa:h2f81923433;nova;NEIDE GOMES DE MELO;omie:linha-148;ligacao;2026-05-04 15:10;concluída;wellington.souza;FUP — LIGAR TENTAR ENCONTRAR ,RESPONSAVEL PELO RH
tarefa:h17add13934;nova;EMILIA BEM CASADOS COM DE DOCES LTDA;omie:linha-57;outro;2026-05-04 15:53;concluída;jakeline.santana;Não Informado — sem contato por telefone, tentar pelo whats
tarefa:h11263aab27;nova;ECOMASTER INDUSTRIA E COMERCIO DE PRODUTOS QUIMICO;omie:linha-51;outro;2026-05-05 10:00;concluída;wellington.souza;Não Informado — FAZER CONTATO PARA ENTRAR EM COTAÇÃO SÃO 2 CNPJ - EM SP SÃO 5 - FECHARAM UM CONTRATO EM JUNHO NÃO ESTAVA / MANDEI EMAIL / RECEPÇÃO NÃO SOUBE INFORMAR QUANDTOS FUNCIONÁRIOS TEM, MAIS DE
tarefa:he0b212be40;nova;SINALPLAN INDUSTRIA E COMERCIO LTDA;omie:linha-296;ligacao;2026-05-07 10:00;concluída;wellington.souza;FUP — VERIFICAR OS ANDAMENTOS
tarefa:h256475de76;nova;OFTALMO S/C LTDA;omie:linha-171;outro;2026-05-07 11:01;concluída;wellington.souza;Não Informado — sem sucesso no contato tentar novamente
tarefa:h7a460c6ffa;nova;OFTALMO S/C LTDA;omie:linha-171;ligacao;2026-05-07 11:50;concluída;wellington.souza;FUP — FAZER CONTATO
tarefa:h08db99d922;nova;TINTAS BRAZILIAN;omie:linha-304;outro;2026-05-08 15:17;concluída;wellington.souza;Não Informado — Tentar contato novamente
tarefa:h8ebe1fc1f4;nova;E.R. GESTAO DE MARCAS E PARTICIPACOES LTDA.;omie:2026/00006;outro;2026-05-08 15:45;concluída;wellington.souza;Não Informado — Contato Inicial, abordagem discreta e utilizando referencias da Unidade Guarulhos da Omie e Vendedor
tarefa:h89dd5ea5e8;nova;CBREALTY PARTICIPACOES LTDA.;omie:2026/00007;outro;2026-05-08 15:45;concluída;wellington.souza;Não Informado — Contato Inicial, abordagem discreta e utilizando referencias da Unidade Guarulhos da Omie e Vendedor
tarefa:h040701a3d4;nova;CLUBE DA CANA BR;omie:2026/00011;outro;2026-05-08 15:45;concluída;wellington.souza;Não Informado — Contato Inicial, abordagem discreta e utilizando referencias da Unidade Guarulhos da Omie e Vendedor
tarefa:h1f8191e104;nova;(MATRIZ) SM SOLUTION TECNOLOGIA;omie:2026/00002;outro;2026-05-11 09:00;concluída;wellington.souza;Não Informado — sem sucesso no contato
tarefa:hcb4f1ae5ef;nova;TINTAS BRAZILIAN;omie:linha-304;outro;2026-05-11 10:02;concluída;wellington.souza;Não Informado — telefone somente chamou
tarefa:h0806c0e876;nova;MDJ MONTAGENS ELETROMECANICAS LTDA;omie:linha-119;ligacao;2026-05-11 10:30;concluída;wellington.souza;FUP — fazer primeiro contato
tarefa:h03bd31e8c5;nova;NEWPOWER SISTEMAS DE ENERGIA S/A;omie:linha-153;ligacao;2026-05-11 10:30;concluída;wellington.souza;FUP — SO CHAMOU TENTAR NOVAMENTO
tarefa:hb5add38317;nova;E.R. GESTAO DE MARCAS E PARTICIPACOES LTDA.;omie:2026/00006;outro;2026-05-11 15:41;concluída;wellington.souza;Não Informado — telefone só chamou,
tarefa:h23cb2475c1;nova;CBREALTY PARTICIPACOES LTDA.;omie:2026/00007;outro;2026-05-11 15:49;concluída;wellington.souza;Não Informado — numero ja incluso, incorreto telefone: (11) 4508-1018 ................. sem sucesso, telefone indisponível
tarefa:ha4852afcd5;nova;CLUBE DA CANA BR;omie:2026/00011;outro;2026-05-11 15:58;concluída;wellington.souza;Não Informado — sem sucesso em ligação, mandei mensagens
tarefa:h203bf65ad8;nova;ALLCLEAN;omie:2026/00035;outro;2026-05-12 10:23;concluída;wellington.souza;Não Informado — telefone só chama, tentar contato novamente
tarefa:h7a77e2a83d;nova;L & C;omie:2026/00033;outro;2026-05-12 10:34;concluída;wellington.souza;Não Informado — telefone só chamou,
tarefa:he4a382579c;nova;DIRE INTELIGÊNCIA;omie:2026/00032;outro;2026-05-12 15:26;concluída;wellington.souza;Não Informado — pediu para retornar mais cedo, pois esta em reuinião
tarefa:hf54b376f86;nova;ALPHA6;omie:2026/00030;outro;2026-05-12 15:35;concluída;wellington.souza;Não Informado — Telefone indisponível
tarefa:h1ddb0cebed;nova;BRAGA MOTOR PEÇAS;omie:2026/00027;outro;2026-05-12 15:45;concluída;wellington.souza;Não Informado — Contato Inicial, abordagem discreta e utilizando referencias da Unidade Guarulhos da Omie e Vendedor
tarefa:h977583977c;nova;LIGA PRODUTOS PARA SORVETES;omie:2026/00028;outro;2026-05-12 15:45;concluída;wellington.souza;Não Informado — Contato Inicial, abordagem discreta e utilizando referencias da Unidade Guarulhos da Omie e Vendedor
tarefa:hfe600b0628;nova;Singulares It Training;omie:2026/00029;outro;2026-05-12 15:45;concluída;wellington.souza;Não Informado — Contato Inicial, abordagem discreta e utilizando referencias da Unidade Guarulhos da Omie e Vendedor
tarefa:h3c4fa1ebf3;nova;ALPHA6;omie:2026/00030;outro;2026-05-12 15:45;concluída;wellington.souza;Não Informado — Contato Inicial, abordagem discreta e utilizando referencias da Unidade Guarulhos da Omie e Vendedor
tarefa:hd8d92eed42;nova;DIRE INTELIGÊNCIA;omie:2026/00032;outro;2026-05-12 15:45;concluída;wellington.souza;Não Informado — Contato Inicial, abordagem discreta e utilizando referencias da Unidade Guarulhos da Omie e Vendedor
tarefa:h07b325b465;nova;L & C;omie:2026/00033;outro;2026-05-12 15:45;concluída;wellington.souza;Não Informado — Contato Inicial, abordagem discreta e utilizando referencias da Unidade Guarulhos da Omie e Vendedor
tarefa:h23bba1195d;nova;ALLCLEAN;omie:2026/00035;outro;2026-05-12 15:45;concluída;wellington.souza;Não Informado — Contato Inicial, abordagem discreta e utilizando referencias da Unidade Guarulhos da Omie e Vendedor
tarefa:h4800a384ad;nova;Singulares It Training;omie:2026/00029;outro;2026-05-12 15:48;concluída;wellington.souza;Não Informado — Telefone indisponível
tarefa:h2ba3752713;nova;LIGA PRODUTOS PARA SORVETES;omie:2026/00028;outro;2026-05-12 15:54;concluída;comercial;Não Informado — sem sucesso no contato telefone, so chama
tarefa:h96f46f5f03;nova;BRAGA MOTOR PEÇAS;omie:2026/00027;outro;2026-05-12 16:15;concluída;wellington.souza;Não Informado — sem sucesso na tentativa de contato tentar novamente
tarefa:h24228f65c0;nova;MR SERVICOS DE PROMOCOES E EVENTOS LTDA;omie:linha-138;outro;2026-05-13 09:39;concluída;wellington.souza;Não Informado — sem sucesso no contato
tarefa:he3147d4fc6;nova;VANNUCCI IMPORT,EXPORTACAO E COMERC.DE AUTO PECAS;omie:linha-314;ligacao;2026-05-13 10:00;concluída;jakeline.santana;FUP — 800 FUNCIONÁRIOS - NÃO SABE QUANTO PAGA OU NÃOQ UIS FALAR - RENOVAÇÃO NO MÊS 7 - LIGAR EM MAIO
tarefa:h824a690009;nova;NOVACIA MARKETING E COMUNICAÇÃO LTDA;omie:linha-162;outro;2026-05-13 10:05;concluída;wellington.souza;Não Informado — Sem sucesso na tentativa de contato
tarefa:h023119098d;nova;Pessoa Física;omie:linha-282;outro;2026-05-13 10:29;concluída;comercial;Não Informado — Tentar contato novamente
tarefa:h3815299fdb;nova;NOVACIA MARKETING E COMUNICAÇÃO LTDA;omie:linha-162;ligacao;2026-05-13 11:30;concluída;wellington.souza;FUP — ligação cai direto no fax tentar novamente
tarefa:h7bbe6e9b67;nova;MR SERVICOS DE PROMOCOES E EVENTOS LTDA;omie:linha-138;ligacao;2026-05-13 14:50;concluída;wellington.souza;FUP — fazer primeiro contato
tarefa:hd537e12868;nova;NEIDA PAULINA LACERDA;omie:linha-147;outro;2026-05-14 11:27;concluída;wellington.souza;Não Informado — telefone só chamou
tarefa:h4dbf2a61ef;nova;LOC.COM - COMERCIO E LOCACAO DE MAQ E EQUIPAMENTOS;omie:linha-109;ligacao;2026-05-14 13:30;concluída;wellington.souza;FUP — Fazer contato
tarefa:h57f0295db6;nova;INJEQUALY INDUSTRIA E COMERCIO LTDA;omie:linha-89;ligacao;2026-05-14 15:03;concluída;wellington.souza;FUP — tentar o ultimo contato, anterior só chama
tarefa:h39013dcce2;nova;NEIDA PAULINA LACERDA;omie:linha-147;ligacao;2026-05-14 15:08;concluída;wellington.souza;FUP — fAZER CONTAO PARA FALAR SOBRE NOSSOS SERVIÇOS
tarefa:h7784f556d5;nova;INJEQUALY INDUSTRIA E COMERCIO LTDA;omie:linha-89;outro;2026-05-14 15:42;concluída;wellington.souza;Não Informado — sem sucesso na tentativa de contato,
tarefa:h27c6720a88;nova;INDIANA ARTEFATOS DE BORRACHAS LTDA;omie:linha-84;outro;2026-05-15 09:12;concluída;wellington.souza;Não Informado — Contato por e-mail
tarefa:h3a2f77418d;nova;NOVA VULCAO S/A TINTAS E VERNIZES;omie:linha-161;outro;2026-05-15 10:20;concluída;wellington.souza;Não Informado — Telefone indisponivél
tarefa:h1ca8acc745;nova;DISPAFILM DO BRASIL LTDA;omie:linha-44;ligacao;2026-05-15 11:00;concluída;wellington.souza;FUP — entrei em contato pelo whats
tarefa:hf1a6891aa6;nova;NOVA VULCAO S/A TINTAS E VERNIZES;omie:linha-161;ligacao;2026-05-15 13:00;concluída;wellington.souza;FUP — responsavel pelo RH nao se encontra ligar de novo
tarefa:h3d855db043;nova;INDIANA ARTEFATOS DE BORRACHAS LTDA;omie:linha-84;outro;2026-05-15 15:25;concluída;wellington.souza;Não Informado — Não consegui contato, para falarmo sobre o email encaminhado
tarefa:h267b8bf414;nova;HOLLYTEC METAIS INDUSTRIA E COM. DE MAT. ELETRICOS;omie:linha-80;ligacao;2026-05-16 10:00;concluída;wellington.souza;FUP — FALEI COM A LIENE, A ÉRICA E A TASSIANE NÃO ESTAVAM, MAS A LIENE DISSE QUE PODE SER COM ELA TBM E QUESTIONOU A NR1, DISSE QUE NÓS FAZIAMOS E QUE ENTRA EM VIGOR EM FEV, ELA DISSE QUE RENOVAM O CO
tarefa:h443c4bd992;nova;AUTOPEL AUTOMACAO COMER E INFORMATICA LTDA;omie:linha-29;outro;2026-05-18 11:22;concluída;wellington.souza;Não Informado — retorno email
tarefa:h3a0b01df07;nova;AUTOPEL AUTOMACAO COMER E INFORMATICA LTDA;omie:linha-29;outro;2026-05-18 14:00;concluída;wellington.souza;Não Informado — telefone só chamou, tentar nov
tarefa:h8d643cfbbf;nova;MUNDO ANIMAL LABORATORIO VETERINARIO LTDA;omie:linha-141;ligacao;2026-05-18 15:30;concluída;wellington.souza;FUP — QUEM ATENDEU PEDIU PARA RETORNAR NAO SOUBE RESPONDER
tarefa:ha24fe3da05;nova;E.R. GESTAO DE MARCAS E PARTICIPACOES LTDA.;omie:2026/00006;outro;2026-05-18 15:41;concluída;wellington.souza;Não Informado — Tentar contato novamente
tarefa:h7e420be573;nova;MR SERVICOS DE PROMOCOES E EVENTOS LTDA;omie:linha-138;outro;2026-05-19 09:39;concluída;wellington.souza;Não Informado — Tentar contato novamente
tarefa:h3097358fcf;nova;ALLTECH;omie:2026/00037;outro;2026-05-19 15:45;concluída;wellington.souza;Não Informado — Contato Inicial, abordagem discreta e utilizando referencias da Unidade Guarulhos da Omie e Vendedor
tarefa:hbfd611d6c8;nova;C. INVESTIMENTOS;omie:2026/00038;outro;2026-05-19 15:45;concluída;wellington.souza;Não Informado — Contato Inicial, abordagem discreta e utilizando referencias da Unidade Guarulhos da Omie e Vendedor
tarefa:h01177b1de8;nova;MIDORI PORTAS E PINTURA;omie:2026/00039;outro;2026-05-19 15:45;concluída;wellington.souza;Não Informado — Contato Inicial, abordagem discreta e utilizando referencias da Unidade Guarulhos da Omie e Vendedor
tarefa:h213eca72d3;nova;ESPIRAL CROSSMEDIA;omie:2026/00040;outro;2026-05-19 15:45;concluída;wellington.souza;Não Informado — Contato Inicial, abordagem discreta e utilizando referencias da Unidade Guarulhos da Omie e Vendedor
tarefa:hdb5e904f2f;nova;ESPIRAL CROSSMEDIA;omie:2026/00040;outro;2026-05-19 16:08;concluída;wellington.souza;Não Informado — sem sucesso n atentativa de contato, tentar novamente
tarefa:h5b74598971;nova;MIDORI PORTAS E PINTURA;omie:2026/00039;outro;2026-05-19 16:11;concluída;wellington.souza;Não Informado — sem sucesso na ligação, mandei mensagens via whats
tarefa:h9a1a5d059f;nova;C. INVESTIMENTOS;omie:2026/00038;outro;2026-05-19 16:16;concluída;wellington.souza;Não Informado — Conversei com Mirian, responsável pela SST a mesma me informou que só realiza exames de Ad e Dem, e não trabalha em um local que tenha riscos então não faz outros exames, mas ficou int
tarefa:he8ac2800be;nova;ALLTECH;omie:2026/00037;outro;2026-05-19 16:39;concluída;wellington.souza;Não Informado — Monica não trabalha mais lál Priscila é a responsável, porém não estava no local, ligar no próximo dia em horário comercial
tarefa:h1a0a91d151;nova;MR SERVICOS DE PROMOCOES E EVENTOS LTDA;omie:linha-138;outro;2026-05-19 16:48;concluída;wellington.souza;Não Informado — sem sucesso no contato
tarefa:h0869161979;nova;EMILIA BEM CASADOS COM DE DOCES LTDA;omie:linha-57;ligacao;2026-05-20 11:00;concluída;jakeline.santana;FUP — falar sobre proposta com joão
tarefa:h290cb5f091;nova;NEXBIOGAS ENERGIAS RENOVAVEIS E PARTICIPAÇOES LTDA;omie:linha-155;ligacao;2026-05-21 10:00;concluída;wellington.souza;FUP — fazer contato para apresentar nossos serviços
tarefa:hd9a9377809;nova;Pessoa Física;omie:linha-282;outro;2026-05-21 10:00;concluída;comercial;Não Informado — rebeca foi desligada, falar com fernando na proxima smana
tarefa:he54e072aea;nova;B.B.A COMEX: SC;omie:2026/00048;outro;2026-05-21 10:51;concluída;wellington.souza;Não Informado — sem sucesso na tentativa de contato, mandei mensagens pelo WhatsApp
tarefa:h74188ba9fd;nova;MCZ;omie:2026/00047;outro;2026-05-21 11:00;concluída;wellington.souza;Não Informado — Evandro, estava muiito ocupada, ligar depois
tarefa:h823189991e;nova;CR;omie:2026/00043;outro;2026-05-21 11:34;concluída;wellington.souza;Não Informado — Felipe, não estava sua funcionaria me encaminhou seu numero de WhatsApp
tarefa:hd65d13b384;nova;PREV ONE;omie:2026/00042;outro;2026-05-21 11:36;concluída;wellington.souza;Não Informado — sem sucesso no contato, mandei mensagens do WhatsApp
tarefa:h91334afdbd;nova;NEXBIOGAS ENERGIAS RENOVAVEIS E PARTICIPAÇOES LTDA;omie:linha-155;outro;2026-05-21 11:48;concluída;wellington.souza;Não Informado — telefone, caixa postal
tarefa:h1dbed7a8d0;nova;Pessoa Física;omie:linha-282;outro;2026-05-21 11:52;concluída;comercial;Não Informado — Fernando não estava
tarefa:h7e0366fc15;nova;START: HOUSE EMPREENDIMENTOS;omie:2026/00014;outro;2026-05-21 15:45;concluída;wellington.souza;Não Informado — Contato Inicial, abordagem discreta e utilizando referencias da Unidade Guarulhos da Omie e Vendedor
tarefa:h66c60c4688;nova;PREV ONE;omie:2026/00042;outro;2026-05-21 15:45;concluída;wellington.souza;Não Informado — Contato Inicial, abordagem discreta e utilizando referencias da Unidade Guarulhos da Omie e Vendedor
tarefa:h82b0cdb04e;nova;CR;omie:2026/00043;outro;2026-05-21 15:45;concluída;wellington.souza;Não Informado — Contato Inicial, abordagem discreta e utilizando referencias da Unidade Guarulhos da Omie e Vendedor
tarefa:hb3117783d2;nova;KOMBAT PNEUS SP;omie:2026/00046;outro;2026-05-21 15:45;concluída;wellington.souza;Não Informado — Contato Inicial, abordagem discreta e utilizando referencias da Unidade Guarulhos da Omie e Vendedor
tarefa:h1a42c2988a;nova;MCZ;omie:2026/00047;outro;2026-05-21 15:45;concluída;wellington.souza;Não Informado — Contato Inicial, abordagem discreta e utilizando referencias da Unidade Guarulhos da Omie e Vendedor
tarefa:h7404f49d9e;nova;B.B.A COMEX: SC;omie:2026/00048;outro;2026-05-21 15:45;concluída;wellington.souza;Não Informado — Contato Inicial, abordagem discreta e utilizando referencias da Unidade Guarulhos da Omie e Vendedor
tarefa:h7ec1856a18;nova;KMA DISTRIBUIDORA DE LIVROS LTDA;omie:linha-102;ligacao;2026-05-26 10:00;concluída;wellington.souza;FUP — RENOVARAM EM JULHO JULHO - claudia@kmadistribuidora.com.br MANDEI EMAIL
tarefa:hedc8cbc805;nova;KMA DISTRIBUIDORA DE LIVROS LTDA;omie:linha-102;outro;2026-05-26 16:25;concluída;wellington.souza;Não Informado — telefone cai na caixa postal
tarefa:h362b73e003;nova;BRAGA MOTOR PEÇAS;omie:2026/00027;outro;2026-05-28 10:05;concluída;wellington.souza;Não Informado — sem sucesso na tentativa de contato,
tarefa:hab82193e67;nova;CLUBE DA CANA BR;omie:2026/00011;outro;2026-05-28 10:12;concluída;wellington.souza;Não Informado — sem sucesso na tentaiva de contato
tarefa:h96e7221bcd;nova;AZUL MOB;omie:2026/00116;outro;2026-05-28 10:16;concluída;wellington.souza;Não Informado — telefone so chamou
tarefa:h7f1b76a092;nova;VARILOG;omie:2026/00112;outro;2026-05-28 11:20;concluída;wellington.souza;Não Informado — telefone só chamou
tarefa:heb08943c85;nova;PREV ONE;omie:2026/00042;outro;2026-05-28 11:37;concluída;wellington.souza;Não Informado — retorno
tarefa:hb227d720ad;nova;BERNADETE CRISTINA F NEVES;omie:2026/00012;outro;2026-05-28 15:45;concluída;wellington.souza;Não Informado — Contato Inicial, abordagem discreta e utilizando referencias da Unidade Guarulhos da Omie e Vendedor
tarefa:h730c5af9e9;nova;Charlie 0 - Aeronautical Training Center;omie:2026/00024;outro;2026-05-28 15:45;concluída;wellington.souza;Não Informado — Contato Inicial, abordagem discreta e utilizando referencias da Unidade Guarulhos da Omie e Vendedor
tarefa:h27f0368a13;nova;UCX - CALDEIRARIA UNIVERSAL;omie:2026/00069;outro;2026-05-28 15:45;concluída;wellington.souza;Não Informado — Contato Inicial, abordagem discreta e utilizando referencias da Unidade Guarulhos da Omie e Vendedor
tarefa:h707b41ae03;nova;STONGEL (ANA CARINE MARTINS LTDA);omie:2026/00070;outro;2026-05-28 15:45;concluída;wellington.souza;Não Informado — Contato Inicial, abordagem discreta e utilizando referencias da Unidade Guarulhos da Omie e Vendedor
tarefa:h496bb2f9d9;nova;VPS;omie:2026/00071;outro;2026-05-28 15:45;concluída;wellington.souza;Não Informado — Contato Inicial, abordagem discreta e utilizando referencias da Unidade Guarulhos da Omie e Vendedor
tarefa:h1dd5d501af;nova;Agora Elevadores;omie:2026/00079;outro;2026-05-28 15:45;concluída;wellington.souza;Não Informado — Contato Inicial, abordagem discreta e utilizando referencias da Unidade Guarulhos da Omie e Vendedor
tarefa:h0c67542025;nova;GAIATEC SISTEMAS;omie:2026/00082;outro;2026-05-28 15:45;concluída;wellington.souza;Não Informado — Contato Inicial, abordagem discreta e utilizando referencias da Unidade Guarulhos da Omie e Vendedor
tarefa:h2b91793390;nova;EVRD;omie:2026/00086;outro;2026-05-28 15:45;concluída;wellington.souza;Não Informado — Contato Inicial, abordagem discreta e utilizando referencias da Unidade Guarulhos da Omie e Vendedor
tarefa:h9ace28549f;nova;VARILOG;omie:2026/00112;outro;2026-05-28 15:45;concluída;wellington.souza;Não Informado — Contato Inicial, abordagem discreta e utilizando referencias da Unidade Guarulhos da Omie e Vendedor
tarefa:h268bbc10ca;nova;AXONN AMBIENTAL EIRELI - ME;omie:2026/00114;outro;2026-05-28 15:45;concluída;wellington.souza;Não Informado — Contato Inicial, abordagem discreta e utilizando referencias da Unidade Guarulhos da Omie e Vendedor
tarefa:h5aa0bca2ee;nova;P3K Serviços de Comunicação Ltda;omie:2026/00115;outro;2026-05-28 15:45;concluída;wellington.souza;Não Informado — Contato Inicial, abordagem discreta e utilizando referencias da Unidade Guarulhos da Omie e Vendedor
tarefa:h22b5b13f1c;nova;AZUL MOB;omie:2026/00116;outro;2026-05-28 15:45;concluída;wellington.souza;Não Informado — Contato Inicial, abordagem discreta e utilizando referencias da Unidade Guarulhos da Omie e Vendedor
tarefa:h07eca39165;nova;CLUBE DA CANA BR;omie:2026/00011;outro;2026-05-28 15:58;concluída;wellington.souza;Não Informado — tentar ligaçao novamente
tarefa:h7a8d574cc9;nova;BRAGA MOTOR PEÇAS;omie:2026/00027;outro;2026-05-28 16:17;concluída;wellington.souza;Não Informado — Tentar contato novamente
tarefa:h079a23ca9b;nova;OFFICER DISTRIBUIDORA DE PRODUTOS DE INFORMÁTICA S;omie:linha-170;ligacao;2026-05-29 11:40;concluída;wellington.souza;FUP — tentar novo contato
tarefa:h4c6383a9de;nova;AUTOPEL AUTOMACAO COMER E INFORMATICA LTDA;omie:linha-29;outro;2026-05-29 13:00;concluída;wellington.souza;Não Informado — tentar cont
tarefa:h8768ac7601;nova;ALPHA6;omie:2026/00030;outro;2026-05-29 15:35;concluída;wellington.souza;Não Informado — Tentar contato novamente
tarefa:hff9d7167c7;nova;B.B.A COMEX: SP;omie:2026/00010;outro;2026-05-29 15:45;concluída;wellington.souza;Não Informado — Contato Inicial, abordagem discreta e utilizando referencias da Unidade Guarulhos da Omie e Vendedor
tarefa:h96591fcea5;nova;E.R. GESTAO DE MARCAS E PARTICIPACOES LTDA.;omie:2026/00006;outro;2026-06-01 08:44;concluída;wellington.souza;Não Informado — sem sucesso na tentiva de contt
tarefa:h6d73607693;nova;PREV ONE;omie:2026/00042;outro;2026-06-01 08:49;concluída;wellington.souza;Não Informado — caixa postal
tarefa:he872742e6b;nova;BERNADETE CRISTINA F NEVES;omie:2026/00012;outro;2026-06-01 09:50;concluída;wellington.souza;Não Informado — Não estava, irá entra em contt comigo
tarefa:h5e1dbac77a;nova;Charlie 0 - Aeronautical Training Center;omie:2026/00024;outro;2026-06-01 10:06;concluída;wellington.souza;Não Informado — sem sucesso na tent de contt , ligar nov
tarefa:he3a8210d33;nova;UCX - CALDEIRARIA UNIVERSAL;omie:2026/00069;outro;2026-06-01 10:38;concluída;wellington.souza;Não Informado — Adriana, pediu para encaminhar um email, a mesma acabou de renovar com a nova contrata, mas possui interesse em NR-1 financeiro@caldeirariauniversal.com.br
tarefa:h302f22714f;nova;CAMPO BELO GERENCIA LTDA.;omie:2026/00008;ligacao;2026-06-01 10:43;concluída;wellington.souza;Touch — Falei com recursos humanos uma senhora chamada Izilda a mesma disse que nao tem interesse de trocar sua pretadora.01/06/263
tarefa:h0b571d4b26;nova;VPS;omie:2026/00071;outro;2026-06-01 10:45;concluída;wellington.souza;Não Informado — sem sucesso, telefone só chamou
tarefa:h83df341fcf;nova;Agora Elevadores;omie:2026/00079;outro;2026-06-01 10:51;concluída;wellington.souza;Não Informado — A cintia não trabalha mais na empresa, A responsável não atende ligações, pediram meu numero para que ela mesmo possa me chamar caso haja interesse pois já possuem uma contratada
tarefa:h5f3198d7d7;nova;GAIATEC SISTEMAS;omie:2026/00082;outro;2026-06-01 11:04;concluída;wellington.souza;Não Informado — Em contato com o victor por telefone
tarefa:h46401aa782;nova;PR - Granja RG;omie:2026/00102;outro;2026-06-01 11:17;concluída;wellington.souza;Não Informado — caixa postal
tarefa:hd69d2b50fa;nova;B.B.A COMEX: SP;omie:2026/00010;outro;2026-06-01 11:19;concluída;wellington.souza;Não Informado — Telefone ocupado, mandei mensagens pelo what
tarefa:h8b936c0988;nova;AUTOPEL AUTOMACAO COMER E INFORMATICA LTDA;omie:linha-29;outro;2026-06-01 14:31;concluída;wellington.souza;Não Informado — sem sucesso na tentativa de contt
tarefa:hf96983537b;nova;OFFICER DISTRIBUIDORA DE PRODUTOS DE INFORMÁTICA S;omie:linha-170;outro;2026-06-01 14:43;concluída;wellington.souza;Não Informado — Telefone mudo/
tarefa:h128c913e85;nova;PR - Granja RG;omie:2026/00102;outro;2026-06-01 15:45;concluída;wellington.souza;Não Informado — Contato Inicial, abordagem discreta e utilizando referencias da Unidade Guarulhos da Omie e Vendedor
tarefa:h9e114cfea1;nova;PREV ONE;omie:2026/00042;outro;2026-06-03 08:49;concluída;wellington.souza;Não Informado — tentar contt nov
tarefa:h0db47e4dc0;nova;CR;omie:2026/00043;outro;2026-06-03 08:58;concluída;wellington.souza;Não Informado — SEM SUCESSO, TELEFONE SO CHAMOU
tarefa:h0e13acb786;nova;PR - Granja RG;omie:2026/00102;outro;2026-06-03 09:03;concluída;wellington.souza;Não Informado — caixa postal
tarefa:h08fc0a6d96;nova;MISSINCLOF COM DE VEST. E ACESS.LTDA ME;omie:linha-133;outro;2026-06-03 09:46;concluída;wellington.souza;Não Informado — Só chamou
tarefa:hb25603ec8b;nova;SPRINTER RECURSOS HUMANOS LTDA;omie:linha-299;outro;2026-06-03 09:50;concluída;wellington.souza;Não Informado — Telefone indisponível
tarefa:h757588dca5;nova;INDUSTRIA TECNICA HILARIO LTDA;omie:linha-87;outro;2026-06-03 09:58;concluída;wellington.souza;Não Informado — telefone indisponivel
tarefa:hb43a02246d;nova;SPRINTER RECURSOS HUMANOS LTDA;omie:linha-299;ligacao;2026-06-03 10:00;concluída;wellington.souza;FUP — acabou de renovar e não vai mexer com isso mandar email 2 e agendar para ano que vem verificar a renovação
tarefa:h24bfae3ef4;nova;INDUSTRIA TECNICA HILARIO LTDA;omie:linha-87;ligacao;2026-06-03 10:00;concluída;wellington.souza;FUP — SÓ NA RENOVAÇÃO , LIGAR EM MAIO
tarefa:h8be35fd46c;nova;MISSINCLOF COM DE VEST. E ACESS.LTDA ME;omie:linha-133;ligacao;2026-06-03 10:36;concluída;wellington.souza;FUP — Primeiro contato
tarefa:hdb5ffc4e01;nova;STONGEL (ANA CARINE MARTINS LTDA);omie:2026/00070;outro;2026-06-03 10:43;concluída;wellington.souza;Não Informado — Entra em contato Quarta feira, para falar com o emerson, que volta quarta
tarefa:hd6ba3e0230;nova;PREV ONE;omie:2026/00042;outro;2026-06-03 11:06;concluída;wellington.souza;Não Informado — telefone indisponivel
tarefa:ha86b2db67b;nova;PR - Granja RG;omie:2026/00102;outro;2026-06-03 11:17;concluída;wellington.souza;Não Informado — tentar contt nov
tarefa:h0da2eb9ec5;nova;CR;omie:2026/00043;ligacao;2026-06-03 11:34;concluída;wellington.souza;FUP — retorno
tarefa:h927d1b8aec;nova;PENTAX MEDICAL BRASIL;omie:2026/00099;outro;2026-06-03 15:45;concluída;wellington.souza;Não Informado — NÃO POSSUI INTERESSE, JA TEM UMA EMPRESA A BASTANTE TEMPO
tarefa:h66f6d01fd5;nova;GUILLAUMON;omie:2025/00001;ligacao;2026-06-05 10:45;concluída;wellington.souza;FUP — PATRICIA PEDIU EMAIL E DISSE QUE ENTRA EM CONTATO SE TIVER ALGUMA SOLICITAÇÃO EM ALGUM CONDOMINIO DA GUIKKAUMON O CONTRATO RENOVA EM JUNHO estava em reunião FALEI COM A PATRICIA QUE ESTAVA ENTRA
tarefa:h26ef902b86;nova;ANIN PAPEIS ESPECIAIS;omie:linha-24;outro;2026-06-05 10:50;concluída;wellington.souza;Não Informado — ja possui uma contratada
tarefa:h174e717f54;nova;GUILLAUMON;omie:2025/00001;outro;2026-06-08 10:13;concluída;wellington.souza;Não Informado — Patricia me informou que todos os condomínios já possuem contratadas, mas caso algum surgir, entrara em contt comigo via e-mail
tarefa:h9476b4e8ec;nova;MIRAMAD COMERCIAL LTDA-ME;omie:linha-132;outro;2026-06-08 10:45;concluída;wellington.souza;Não Informado — Apresentar nossos serviços
tarefa:hbac2e958b3;nova;MIRAMAD COMERCIAL LTDA-ME;omie:linha-132;outro;2026-06-08 14:54;concluída;wellington.souza;Não Informado — telefone s[o chama, tentar contt nov
tarefa:h35cb022e42;nova;SWEET CREAM CHOCOLATES;omie:2026/00095;outro;2026-06-08 15:41;concluída;wellington.souza;Não Informado — telefone indisponivel
tarefa:h15f4163556;nova;TRIPLE T DISTRIBUIDORA DE VEICULOS LTDA;omie:linha-309;ligacao;2026-06-09 10:00;concluída;wellington.souza;Touch — FALEI COM A JULIANA FECHARAM NO COMEÇO DE SETEMBRO E NÃO VÃO MEXER NISSO AGORA
tarefa:h57a676804f;nova;NEIDE GOMES DE MELO;omie:linha-148;outro;2026-06-09 10:20;concluída;wellington.souza;Não Informado — Ligar novamente
tarefa:h43451cf2b8;nova;B.B.A COMEX: SP;omie:2026/00010;outro;2026-06-09 11:21;concluída;wellington.souza;Não Informado — retorno
tarefa:h2fb372ff1a;nova;Pessoa Física;omie:2026/00120;ligacao;2026-06-09 11:30;concluída;wellington.souza;FUP — A mesma disse ter uma pendencia a resolve com Tulio farei uma tarefa para dia 25/05 para saber se ja foi regularizada Nao tem interesse vou agendar uma tarefa para daqui 12 meses
tarefa:hea6afb75d6;nova;TRIPLE T DISTRIBUIDORA DE VEICULOS LTDA;omie:linha-309;outro;2026-06-09 13:14;concluída;wellington.souza;Não Informado — sem sucesso na ligação
tarefa:hf2e64d2aac;nova;MARMORARIA JARDIM GUAPIRA;omie:2026/00081;outro;2026-06-09 13:17;concluída;wellington.souza;Não Informado — Daniel, não estava só na próxima semana
tarefa:h2d112cffa2;nova;JS COM DE MARMORES;omie:2026/00092;outro;2026-06-09 13:21;concluída;wellington.souza;Não Informado — Sem sucesso na tentativa de contato
tarefa:h7f488b3301;nova;MAURICIO OZI SOCIEDADE DE ADVOGADOS;omie:linha-117;ligacao;2026-06-09 14:00;concluída;wellington.souza;FUP — ligar para conseguir falar com RH
tarefa:h46a867d43f;nova;ECOMASTER INDUSTRIA E COMERCIO DE PRODUTOS QUIMICO;omie:linha-51;outro;2026-06-09 15:18;concluída;wellington.souza;Não Informado — telefone só chama
tarefa:hd7f1dda294;nova;FRICAN COM E REFRIGERACAO;omie:linha-70;outro;2026-06-09 15:36;concluída;wellington.souza;Não Informado — sem sucesso na tentiva de contt
tarefa:ha6ed7056b5;nova;TRIPLE T DISTRIBUIDORA DE VEICULOS LTDA;omie:linha-309;outro;2026-06-09 15:39;concluída;wellington.souza;Não Informado — sem sucesso novamente na ligação
tarefa:h49df7802fd;nova;MARMORARIA JARDIM GUAPIRA;omie:2026/00081;outro;2026-06-09 15:45;concluída;wellington.souza;Não Informado — Contato Inicial, abordagem discreta e utilizando referencias da Unidade Guarulhos da Omie e Vendedor
tarefa:h202fec492d;nova;JS COM DE MARMORES;omie:2026/00092;outro;2026-06-09 15:45;concluída;wellington.souza;Não Informado — Contato Inicial, abordagem discreta e utilizando referencias da Unidade Guarulhos da Omie e Vendedor
tarefa:h53b77e1c2c;nova;SWEET CREAM CHOCOLATES;omie:2026/00095;outro;2026-06-09 15:45;concluída;wellington.souza;Não Informado — Contato Inicial, abordagem discreta e utilizando referencias da Unidade Guarulhos da Omie e Vendedor
tarefa:hc9e6a75909;nova;GITO ADMINISTRACAO E PARTICIPACAO LTDA;omie:linha-73;outro;2026-06-09 16:14;concluída;wellington.souza;Não Informado — Raquel, esta fora da empresa, só responde por e-mail: e-mail encaminhado
tarefa:h5bc1b559bd;nova;INDUSTRIA TECNICA HILARIO LTDA;omie:linha-87;outro;2026-06-09 16:32;concluída;wellington.souza;Não Informado — telefone cai na caixa postal sempre
tarefa:h0dea7ce700;nova;LATICINIOS PRIME QUEIJOS LTDA;omie:linha-105;outro;2026-06-09 16:52;concluída;wellington.souza;Não Informado — ja renovou com a contratada atual, caso de interesse possuem nosso email, e irá retornar
tarefa:h50fb3667fd;nova;MICROSFFER SOLUCOES TECNOLOGICAS LTDA;omie:linha-128;outro;2026-06-09 17:11;concluída;wellington.souza;Não Informado — TELEFONE NÃO EXISTE
tarefa:hdcd5f56cc2;nova;MIGLIORE CORRETORA DE SEGUROS LTDA;omie:linha-131;outro;2026-06-09 17:12;concluída;wellington.souza;Não Informado — sem sucesso, telefone cai na caixa postal
tarefa:h337bcac300;nova;MELCHIOR MICHELETTI E AMENDOEIRA ADVOGADOS;omie:linha-122;ligacao;2026-06-10 10:00;concluída;wellington.souza;FUP — Fazer contato para apresentação online
tarefa:h3fb0d63507;nova;VELLOSO ENGENHARIA;omie:2026/00090;outro;2026-06-10 13:39;concluída;wellington.souza;Não Informado — telefone só chama
tarefa:hb83e07d59e;nova;DANNY - COLOR COMERCIO DE CORANTES MANUFATURADOS LTDA;omie:2026/00078;outro;2026-06-10 13:41;concluída;wellington.souza;Não Informado — telefone só chama
tarefa:h1eed177769;nova;DANNY - COLOR COMERCIO DE CORANTES MANUFATURADOS LTDA;omie:2026/00078;outro;2026-06-10 13:41;concluída;wellington.souza;Não Informado — sem sucesso na tentativa de contato,
tarefa:h0151b6a8cb;nova;MIRAMAD COMERCIAL LTDA-ME;omie:linha-132;outro;2026-06-10 13:42;concluída;wellington.souza;Não Informado — Telefone indisponível
tarefa:h9c15b07c92;nova;NEIDE GOMES DE MELO;omie:linha-148;outro;2026-06-10 13:44;concluída;wellington.souza;Não Informado — telefone fica mudo a cai na caixa postal,
tarefa:hff8229f683;nova;NEIDE GOMES DE MELO;omie:linha-148;outro;2026-06-10 13:47;concluída;wellington.souza;Não Informado — sem sucesso, tentar contato nov
tarefa:hcea1be08cf;nova;MELCHIOR MICHELETTI E AMENDOEIRA ADVOGADOS;omie:linha-122;outro;2026-06-10 14:13;concluída;wellington.souza;Não Informado — Responsável pela SST, se chama Roberta, que estava de home office foi me passado o email, e telefone (roberta.bemvinda@mmalaw.com.br ) (11980615771) Em contato com a mesma pelo WhatsAp
tarefa:h94d77d6695;nova;GITO ADMINISTRACAO E PARTICIPACAO LTDA;omie:linha-73;outro;2026-06-10 14:31;concluída;wellington.souza;Não Informado — informou que quando haver interesse, retorna
tarefa:h5d8646679a;nova;MIRAMAD COMERCIAL LTDA-ME;omie:linha-132;outro;2026-06-10 14:54;concluída;wellington.souza;Não Informado — contt nov
tarefa:h84a856f82e;nova;DANNY - COLOR COMERCIO DE CORANTES MANUFATURADOS LTDA;omie:2026/00078;outro;2026-06-10 15:45;concluída;wellington.souza;Não Informado — Contato Inicial, abordagem discreta e utilizando referencias da Unidade Guarulhos da Omie e Vendedor
tarefa:h278c87880f;nova;VELLOSO ENGENHARIA;omie:2026/00090;outro;2026-06-10 15:45;concluída;wellington.souza;Não Informado — Contato Inicial, abordagem discreta e utilizando referencias da Unidade Guarulhos da Omie e Vendedor
tarefa:h7184a3477c;nova;DIRE INTELIGÊNCIA;omie:2026/00032;outro;2026-06-11 09:00;concluída;wellington.souza;Não Informado — Ligar novamente
tarefa:h7c06267d34;nova;B.B.A COMEX: SC;omie:2026/00048;outro;2026-06-11 10:51;concluída;wellington.souza;Não Informado — tentar contato nov.
tarefa:h0d0a4f13b7;nova;NEIDA PAULINA LACERDA;omie:linha-147;outro;2026-06-11 11:27;concluída;wellington.souza;Não Informado — tentar contato novament
tarefa:h77ded006d7;nova;DIRE INTELIGÊNCIA;omie:2026/00032;outro;2026-06-11 14:01;concluída;wellington.souza;Não Informado — Camila, da recepção, informou que a Fernanda está ocupada, está em reunião e tirou a tarde para isso Informou que a Fernanda é a unica responsável, sendo a chefe do departamento pessoa
tarefa:h2ad51dc9c1;nova;B.B.A COMEX: SC;omie:2026/00048;outro;2026-06-11 14:15;concluída;wellington.souza;Não Informado — telefone caiu na caixa postal
tarefa:hd30d5911ee;nova;NEIDA PAULINA LACERDA;omie:linha-147;outro;2026-06-11 14:16;concluída;wellington.souza;Não Informado — Telefone ocupado
tarefa:h2608bfb487;nova;(MATRIZ) SM SOLUTION TECNOLOGIA;omie:2026/00002;ligacao;2026-06-11 14:16;concluída;wellington.souza;FUP — Nova tenativa
tarefa:hfab84b20ae;nova;(MATRIZ) SM SOLUTION TECNOLOGIA;omie:2026/00002;outro;2026-06-11 14:19;concluída;wellington.souza;Não Informado — telefone mudo
tarefa:h7634f5e42a;nova;Prananda Produtos Artesanais;omie:2026/00076;outro;2026-06-11 14:36;concluída;wellington.souza;Não Informado — telefone caiu na caixa postal
tarefa:h6e46d36820;nova;Prananda Produtos Artesanais;omie:2026/00076;outro;2026-06-11 15:45;concluída;wellington.souza;Não Informado — Contato Inicial, abordagem discreta e utilizando referencias da Unidade Guarulhos da Omie e Vendedor
tarefa:h19d1839e36;nova;AMIGUINHO NUCLEO DE EDUCACAO E RECREACAO LTDA;omie:linha-21;ligacao;2026-06-12 10:00;concluída;wellington.souza;FUP — MANDEI EMAIL - CONFIRMAR RECEBIMENTO / PEGAR NUM DE FUNCION / AGENDAR ESPECIALISTA / FAZER CONTATO 1 - LIGAR EM JANEIRO
tarefa:hcc5d5c0dfe;nova;NOVACIA MARKETING E COMUNICAÇÃO LTDA;omie:linha-162;outro;2026-06-12 10:06;concluída;wellington.souza;Não Informado — Tentar contato novamente
tarefa:h7f151741bd;nova;Pessoa Física;omie:linha-282;outro;2026-06-12 11:03;concluída;wellington.souza;Não Informado — Kauany, não atendeu as ligações, mandei mensagens via WhatsApp
tarefa:hceabd681c5;nova;IVAN RODOLFO GROTTI MAGAZINE;omie:2026/00123;outro;2026-06-12 11:17;concluída;wellington.souza;Não Informado — Ivan/ Viviane não atendeu a ligação, mensagem encaminhada via WhatsApp
tarefa:ha5e68301ea;nova;BOAS COMPRAS ONLINE LTDA;omie:2026/00124;outro;2026-06-12 11:45;concluída;wellington.souza;Não Informado — -Sem sucesso na tentativa de contato - mandei mensagens via WhatsApp
tarefa:h524c9c5f43;nova;NOVACIA MARKETING E COMUNICAÇÃO LTDA;omie:linha-162;outro;2026-06-12 12:54;concluída;wellington.souza;Não Informado — A responsável se chama Clarice, e estava de home, foi pedido para encaminhar um e-mail : adiministrativo@novacia.com.br
tarefa:h18753ba24d;nova;AUTOPEL AUTOMACAO COMER E INFORMATICA LTDA;omie:linha-29;outro;2026-06-12 14:36;concluída;wellington.souza;Não Informado — tentar contt nov
tarefa:h2014a484aa;nova;J.P.G INDUSTRIA E COMERCIO DE SORVETES LTDA;omie:2026/00126;outro;2026-06-12 16:57;concluída;wellington.souza;Não Informado — sem sucesso na ligação , mandei mensagens via WhatsApp
tarefa:h201518f761;nova;Pessoa Física;omie:linha-282;outro;2026-06-15 11:06;concluída;wellington.souza;Não Informado — Kauany, informou pelo WhatsApp que já é cliente da Controller MedSeg
tarefa:h815ff86faf;nova;IVAN RODOLFO GROTTI MAGAZINE;omie:2026/00123;outro;2026-06-15 11:18;concluída;wellington.souza;Não Informado — retorno
tarefa:h651987a684;nova;AMIGUINHO NUCLEO DE EDUCACAO E RECREACAO LTDA;omie:linha-21;outro;2026-06-15 12:34;concluída;wellington.souza;Não Informado — telefone caiu na caixa postal
tarefa:h64732ba7e9;nova;MAURICIO OZI SOCIEDADE DE ADVOGADOS;omie:linha-117;outro;2026-06-15 13:25;concluída;wellington.souza;Não Informado — Tentar contato novamente
tarefa:h9cf6f6b6c7;nova;J.P.G INDUSTRIA E COMERCIO DE SORVETES LTDA;omie:2026/00126;outro;2026-06-15 14:00;concluída;wellington.souza;Não Informado — Tentar contato novamente
tarefa:h3123c58c62;nova;DIRE INTELIGÊNCIA;omie:2026/00032;outro;2026-06-15 14:05;concluída;wellington.souza;Não Informado — entra em contato para saber autos do email
tarefa:h8a3eed31dd;nova;NEOMILITAR;omie:2026/00074;outro;2026-06-15 14:11;concluída;wellington.souza;Não Informado — telefone só chama
tarefa:h8a3243c239;nova;NEOMILITAR;omie:2026/00074;outro;2026-06-15 15:45;concluída;wellington.souza;Não Informado — Contato Inicial, abordagem discreta e utilizando referencias da Unidade Guarulhos da Omie e Vendedor
tarefa:hcff9719773;nova;MAURICIO OZI SOCIEDADE DE ADVOGADOS;omie:linha-117;outro;2026-06-15 16:09;concluída;wellington.souza;Não Informado — Telefone, só chama
tarefa:h61d68deb66;nova;IVAN RODOLFO GROTTI MAGAZINE;omie:2026/00123;outro;2026-06-15 16:25;concluída;wellington.souza;Não Informado — telefone so chamou e não respondeu WhatsApp, mandei mensagens novamente
tarefa:h5822c3802f;nova;IVAN RODOLFO GROTTI MAGAZINE;omie:2026/00123;outro;2026-06-15 16:43;concluída;wellington.souza;Não Informado — sem sucesso
tarefa:h24e8f72035;nova;PADARIA MARIA CEREJA LTDA;omie:2026/00044;outro;2026-06-16 09:22;concluída;wellington.souza;Não Informado — telefone só chama
tarefa:he46ed54b45;nova;MISSINCLOF COM DE VEST. E ACESS.LTDA ME;omie:linha-133;outro;2026-06-16 09:47;concluída;wellington.souza;Não Informado — tentar contt nov
tarefa:h31123cfd76;nova;IDEAL 2 COMERCIO E SERVICOS DE EMBALAGENS LTDA EPP;omie:linha-82;ligacao;2026-06-16 10:00;concluída;wellington.souza;FUP — MIRIAN - RENOVOU EM AGOSTO - 100 - rh@cialivro.com
tarefa:had02f6154f;nova;BOAS COMPRAS ONLINE LTDA;omie:2026/00124;outro;2026-06-16 10:00;concluída;wellington.souza;Não Informado — retorno
tarefa:h9e8b940976;nova;J.P.G INDUSTRIA E COMERCIO DE SORVETES LTDA;omie:2026/00126;outro;2026-06-16 10:00;concluída;wellington.souza;Não Informado — retorno
tarefa:h32821c5fb6;nova;ECOMASTER INDUSTRIA E COMERCIO DE PRODUTOS QUIMICO;omie:linha-51;outro;2026-06-16 10:08;concluída;wellington.souza;Não Informado — retorna contato
tarefa:h68b6c934f8;nova;CLUBE DA CANA BR;omie:2026/00011;ligacao;2026-06-16 10:13;concluída;wellington.souza;FUP — tentar contt nov
tarefa:h0bfcc874d3;nova;AZUL MOB;omie:2026/00116;outro;2026-06-16 10:16;concluída;wellington.souza;Não Informado — tentar cott nov
tarefa:h7cd4f73318;nova;Charlie 0 - Aeronautical Training Center;omie:2026/00024;outro;2026-06-16 10:18;concluída;wellington.souza;Não Informado — tentar contato nov
tarefa:h00918ec19a;nova;PADARIA MARIA CEREJA LTDA;omie:2026/00044;outro;2026-06-16 10:22;concluída;wellington.souza;Não Informado — Luciana, respondeu pelo whatsap e conversamos por lá, a mesma informou já ter uma empresa, mas pediu para encaminhar um email ao RH : sandra@mariacereja.com.br
tarefa:hb53e2e15d9;nova;ALLCLEAN;omie:2026/00035;outro;2026-06-16 10:24;concluída;wellington.souza;Não Informado — tentra contato novamente
tarefa:h3719f75d1f;nova;B.B.A COMEX: RJ 01;omie:2026/00009;outro;2026-06-16 10:43;concluída;comercial;Não Informado — Ramal é transferido mais logo cai , sem sucesso na ligação
tarefa:hd40bdce997;nova;NEIDA PAULINA LACERDA;omie:linha-147;outro;2026-06-16 10:49;concluída;wellington.souza;Não Informado — telefone só chama, sem sucesso na tentativa de contato
tarefa:hb02eb4414a;nova;HOLLYTEC METAIS INDUSTRIA E COM. DE MAT. ELETRICOS;omie:linha-80;outro;2026-06-16 11:10;concluída;wellington.souza;Não Informado — RAMAL OCUPADO, LIGAR NOVAMENTE
tarefa:h0c08375144;nova;MISSINCLOF COM DE VEST. E ACESS.LTDA ME;omie:linha-133;outro;2026-06-16 11:30;concluída;wellington.souza;Não Informado — sem sucesso, telefone só chama
tarefa:ha959b25173;nova;IDEAL 2 COMERCIO E SERVICOS DE EMBALAGENS LTDA EPP;omie:linha-82;outro;2026-06-16 11:36;concluída;wellington.souza;Não Informado — Mirian, informou que esta muito satisfeita com a contratada atual, pagam um valor fixo, e quando precisa paga 30 reais por fora, mas informou que não tem rotatividade de funcionários q
tarefa:hb630190b7b;nova;ESPIRAL CROSSMEDIA;omie:2026/00040;outro;2026-06-16 11:40;concluída;wellington.souza;Não Informado — sem sucesso, telefone ligação fica muda
tarefa:h9a176bf500;nova;TRIPLE T DISTRIBUIDORA DE VEICULOS LTDA;omie:linha-309;outro;2026-06-16 11:46;concluída;wellington.souza;Não Informado — sem sucesso novamente na tentativa de contato
tarefa:he63e6287c8;nova;HOLLYTEC METAIS INDUSTRIA E COM. DE MAT. ELETRICOS;omie:linha-80;outro;2026-06-16 11:49;concluída;wellington.souza;Não Informado — Raamais ocupados
tarefa:h9b3cfc47ee;nova;FRICAN COM E REFRIGERACAO;omie:linha-70;outro;2026-06-16 11:55;concluída;wellington.souza;Não Informado — Camili, me informou que o responsável só trata por email, que não possui outra forma de contato email: atendimento@frican.com.br
tarefa:h7bf4800d27;nova;B.B.A COMEX: SC;omie:2026/00048;outro;2026-06-16 13:00;concluída;wellington.souza;Não Informado — tentar contt novamente
tarefa:he6cf4a1a89;nova;BOAS COMPRAS ONLINE LTDA;omie:2026/00124;outro;2026-06-16 13:10;concluída;wellington.souza;Não Informado — Sem sucesso na ligação, só chama, mandei mensagens novamente pelo WhatsApp
tarefa:h57cc403990;nova;MARMORARIA JARDIM GUAPIRA;omie:2026/00081;outro;2026-06-16 13:18;concluída;wellington.souza;Não Informado — tentar contato nov
tarefa:hff7a40cf55;nova;J.P.G INDUSTRIA E COMERCIO DE SORVETES LTDA;omie:2026/00126;outro;2026-06-16 13:18;concluída;wellington.souza;Não Informado — sem sucesso na ligação novamente, telefone só chama, mensagens encaminhadas por WhatsApp
tarefa:h55a46ee263;nova;ECOMASTER INDUSTRIA E COMERCIO DE PRODUTOS QUIMICO;omie:linha-51;outro;2026-06-16 13:23;concluída;wellington.souza;Não Informado — Renovou recentemente, não deseja mudar no momento
tarefa:h88932b6f27;nova;CLUBE DA CANA BR;omie:2026/00011;outro;2026-06-16 13:27;concluída;wellington.souza;Não Informado — sem sucesso novamente no contato e não responde minhas mensagens via Whats
tarefa:h74de9a8da9;nova;AZUL MOB;omie:2026/00116;outro;2026-06-16 13:32;concluída;wellington.souza;Não Informado — telefone so chama, tentar contato novamente
tarefa:h4d7077abc1;nova;ALLCLEAN;omie:2026/00035;outro;2026-06-16 13:40;concluída;wellington.souza;Não Informado — telefone só chama, sem sucesso
tarefa:h3ad2c88a6d;nova;NEIDA PAULINA LACERDA;omie:linha-147;outro;2026-06-16 14:17;concluída;wellington.souza;Não Informado — tentar contt novamente
tarefa:h95cc5a222b;nova;TRIPLE T DISTRIBUIDORA DE VEICULOS LTDA;omie:linha-309;outro;2026-06-16 15:40;concluída;wellington.souza;Não Informado — tentar contt nov
tarefa:hdcbfacd560;nova;B.B.A COMEX: RJ 01;omie:2026/00009;outro;2026-06-16 15:45;concluída;wellington.souza;Não Informado — Contato Inicial, abordagem discreta e utilizando referencias da Unidade Guarulhos da Omie e Vendedor
tarefa:h2f3b312748;nova;PADARIA MARIA CEREJA LTDA;omie:2026/00044;outro;2026-06-16 15:45;concluída;wellington.souza;Não Informado — Contato Inicial, abordagem discreta e utilizando referencias da Unidade Guarulhos da Omie e Vendedor
tarefa:h2be99c4d6d;nova;B.B.A COMEX: SC;omie:2026/00048;outro;2026-06-16 15:45;concluída;wellington.souza;Não Informado — telefone só chama
tarefa:h8ced416e89;nova;MATRIZ;omie:2026/00108;outro;2026-06-16 15:45;concluída;wellington.souza;Não Informado — Contato Inicial, abordagem discreta e utilizando referencias da Unidade Guarulhos da Omie e Vendedor
tarefa:h043a18c603;nova;Gentrop Cloud Brasil;omie:2026/00100;outro;2026-06-16 16:44;concluída;wellington.souza;Não Informado — telefone só chamou,
tarefa:hcfd4e725e7;nova;DUPATU ELETRO;omie:2026/00097;outro;2026-06-16 16:50;concluída;wellington.souza;Não Informado — Sem sucesso na tentativa de contato
tarefa:h4ad64d86f7;nova;ING SUPERABRASIVOS IND E COMERCIO LTDA-EPP;omie:linha-88;ligacao;2026-06-17 10:00;concluída;wellington.souza;FUP — BRUNO TRANSF PARA PAULO - IVAN ATENDEU E DISSE QUE É R: 209 - ADRIANA RENOVAM EM JULHO - 23 FUNC - adm@maxximadiamantados.com.br
tarefa:had144e317d;nova;PRIMICIA DOS PÃES;omie:linha-186;ligacao;2026-06-17 10:00;concluída;wellington.souza;Touch — RENOVAM EM MAIO - IZALIA NÃO QUIS PASSAR NUM DE FUNCIONÁRIOS FECHARAM EM MAIO COM A RCS - A MAIS CARA DE TODAS PEDIU APRESENTAÇÃO E PROPOSTA
tarefa:h6601993283;nova;IVAN RODOLFO GROTTI MAGAZINE;omie:2026/00123;outro;2026-06-17 10:00;concluída;wellington.souza;Não Informado — tentar conttt novamente
tarefa:h2e35551c79;nova;MAURICIO OZI SOCIEDADE DE ADVOGADOS;omie:linha-117;outro;2026-06-17 10:12;concluída;wellington.souza;Não Informado — telefone cai na caixa postal
tarefa:ha132652a13;nova;DIRE INTELIGÊNCIA;omie:2026/00032;outro;2026-06-17 10:16;concluída;wellington.souza;Não Informado — Telefone, na caixa postal
tarefa:h298ef7e9f4;nova;MIX ELETRO;omie:2026/00105;outro;2026-06-17 10:23;concluída;wellington.souza;Não Informado — sem sucesso, telefone só chama
tarefa:h686b3a32d7;nova;TRIWATT TECNOLOGIA ELETRICA LTDA;omie:2026/00154;outro;2026-06-17 10:27;concluída;wellington.souza;Não Informado — Caixa Postal,
tarefa:h3478a70e7e;nova;MURAD VESSANI OFTALMOLOGIA LTDA;omie:linha-143;outro;2026-06-17 10:57;concluída;wellington.souza;Não Informado — telefone só chama
tarefa:h5b8907b511;nova;OLIVEIRA SILVA & ALVES COR DE SEG LTDA;omie:linha-173;ligacao;2026-06-17 14:24;concluída;wellington.souza;FUP — Ligar novamente
tarefa:h7843f20883;nova;ING SUPERABRASIVOS IND E COMERCIO LTDA-EPP;omie:linha-88;outro;2026-06-17 15:13;concluída;wellington.souza;Não Informado — Acabaram de renovar, no momento não possuem interesse em mudar no momento, mas pediu para entrar em contato no próximo ano
tarefa:hdba8b461cc;nova;MURAD VESSANI OFTALMOLOGIA LTDA;omie:linha-143;ligacao;2026-06-17 15:30;concluída;wellington.souza;FUP — RESPONSAVEL PELO RH RETORNA DEPOIS DO DIA 10/05
tarefa:h91f76bfbbc;nova;TRIWATT TECNOLOGIA ELETRICA LTDA;omie:2026/00154;outro;2026-06-17 15:45;concluída;wellington.souza;Não Informado — Contato Inicial, abordagem discreta e utilizando referencias da Unidade Guarulhos da Omie e Vendedor
tarefa:h98a317e467;nova;Gentrop Cloud Brasil;omie:2026/00100;outro;2026-06-17 15:45;concluída;wellington.souza;Não Informado — Contato Inicial, abordagem discreta e utilizando referencias da Unidade Guarulhos da Omie e Vendedor
tarefa:h5dca8e8519;nova;MIX ELETRO;omie:2026/00105;outro;2026-06-17 15:45;concluída;wellington.souza;Não Informado — Contato Inicial, abordagem discreta e utilizando referencias da Unidade Guarulhos da Omie e Vendedor
tarefa:h5095031c16;nova;DIRE INTELIGÊNCIA;omie:2026/00032;outro;2026-06-17 15:51;concluída;wellington.souza;Não Informado — A responsável estava novamente em reunião, ligar cedo para tentar encontrá-la
tarefa:h6c39944466;nova;IVAN RODOLFO GROTTI MAGAZINE;omie:2026/00123;outro;2026-06-17 16:03;concluída;wellington.souza;Não Informado — sem sucesso, novamente
tarefa:hbba90e5d85;nova;PADARIA MARIA CEREJA LTDA;omie:2026/00044;outro;2026-06-18 09:22;concluída;wellington.souza;Não Informado — Tentar contato novamente
tarefa:h046e5faabb;nova;GITO ADMINISTRACAO E PARTICIPACAO LTDA;omie:linha-73;outro;2026-06-18 11:00;concluída;wellington.souza;Não Informado — Retorno para os autos do e-mail
tarefa:h352c458e73;nova;MICROSFFER SOLUCOES TECNOLOGICAS LTDA;omie:linha-128;ligacao;2026-06-18 11:00;concluída;wellington.souza;FUP — Tentar contato novamente
tarefa:h8d89e7004a;nova;VANNUCCI IMPORT,EXPORTACAO E COMERC.DE AUTO PECAS;omie:linha-314;outro;2026-06-19 10:12;concluída;jakeline.santana;Não Informado — entrar vem contato para saber autos do email
tarefa:h64af9fc4ad;nova;DUPATU ELETRO;omie:2026/00097;outro;2026-06-19 15:45;concluída;wellington.souza;Não Informado — Contato Inicial, abordagem discreta e utilizando referencias da Unidade Guarulhos da Omie e Vendedor
tarefa:he50ef1ebff;nova;MAURICIO OZI SOCIEDADE DE ADVOGADOS;omie:linha-117;outro;2026-06-19 16:10;concluída;wellington.souza;Não Informado — tentar contt novamente
tarefa:h79db09113b;nova;IVAN RODOLFO GROTTI MAGAZINE;omie:2026/00123;outro;2026-06-19 16:26;concluída;wellington.souza;Não Informado — Retorno novamente
tarefa:h9706e9b3f1;nova;NUCLEO PAULISTA COMERCIO DE MATERIAL;omie:linha-165;ligacao;2026-06-20 10:31;concluída;wellington.souza;FUP — telefone so chama tentar novamente
tarefa:h135bb6ef0d;nova;Charlie 0 - Aeronautical Training Center;omie:2026/00024;outro;2026-06-22 09:57;concluída;wellington.souza;Não Informado — sem sucesso no conttao,
tarefa:he36d0e406c;nova;Kombat Soluções em Máquinas e Equipamentos;omie:2026/00085;outro;2026-06-22 10:15;concluída;wellington.souza;Não Informado — Luiz não estava na empresa, seu secretario me passou seu numero particular, mas o mesmo não atendeu= 12991458778 mandei mensagens via WhatsApp
tarefa:h02a3ad7fb7;nova;NUCLEO PAULISTA COMERCIO DE MATERIAL;omie:linha-165;outro;2026-06-22 10:30;concluída;wellington.souza;Não Informado — telefone só chama, sem sucesso
tarefa:hd6d32cb585;nova;Kombat Soluções em Máquinas e Equipamentos;omie:2026/00085;outro;2026-06-22 15:45;concluída;wellington.souza;Não Informado — Contato Inicial, abordagem discreta e utilizando referencias da Unidade Guarulhos da Omie e Vendedor
tarefa:h634cd16161;nova;Micro Injeção Indústria e Comércio Ltda ME;omie:2026/00106;outro;2026-06-22 15:45;concluída;wellington.souza;Não Informado — Contato Inicial, abordagem discreta e utilizando referencias da Unidade Guarulhos da Omie e Vendedor
tarefa:h6d880ac1d2;nova;Charlie 0 - Aeronautical Training Center;omie:2026/00024;outro;2026-06-22 15:49;concluída;wellington.souza;Não Informado — sem sucesso, tentar contato novamente
tarefa:h6181105a27;nova;NOVA ESTRELA EMBALAGENS LTDA;omie:linha-160;outro;2026-06-23 08:55;concluída;wellington.souza;Não Informado — telefone só chama
tarefa:ha41e077636;nova;NOVA ESTRELA EMBALAGENS LTDA;omie:linha-160;ligacao;2026-06-23 09:30;concluída;wellington.souza;FUP — so chamou ligar novamente
tarefa:h4b3b0b9dce;nova;PRIMICIA DOS PÃES;omie:linha-186;outro;2026-06-23 10:00;concluída;wellington.souza;Não Informado — tentar contato novamente, a responsavél não estava
tarefa:hb32b59820e;nova;ARMAZENS GERAIS TRIANGULO EIRELI EPP;omie:2025/00003;ligacao;2026-06-23 10:00;concluída;wellington.souza;FUP — FALEI COM A GRAYCE, TOP SÃO 70 FUNC RENOVAM EM AGOSTO ESTÃO COM A PERSEG FALEI DE TREINAMENTOS E QUE LIGARÍAMOS MAIS PRA FRENTE
tarefa:hb580608505;nova;TINTAS BRAZILIAN;omie:linha-304;outro;2026-06-23 10:03;concluída;wellington.souza;Não Informado — Tentar contato novamente
tarefa:hbcde07c83b;nova;CBREALTY PARTICIPACOES LTDA.;omie:2026/00007;outro;2026-06-23 10:05;concluída;wellington.souza;Não Informado — telefone: (11) 4508-1018 sem sucesso, caixa postal
tarefa:hd04165fb6e;nova;TRIWATT TECNOLOGIA ELETRICA LTDA;omie:2026/00154;outro;2026-06-23 10:27;concluída;wellington.souza;Não Informado — Tentar contato novamente
tarefa:h444fa6880e;nova;MUNHOZ LIMA PROJETOS E ASSESSORIA S/S LTDA;omie:linha-142;outro;2026-06-23 10:44;concluída;wellington.souza;Não Informado — telefone anteriormente indisponível, tentar novamente
tarefa:h2bf341ad16;nova;P3K Serviços de Comunicação Ltda;omie:2026/00115;outro;2026-06-23 10:53;concluída;wellington.souza;Não Informado — Ligar na prox semana, responsavél não estava
tarefa:h5a158f78d6;nova;DISPAFILM DO BRASIL LTDA;omie:linha-44;outro;2026-06-23 11:29;concluída;wellington.souza;Não Informado — TENTAR CONTATO
tarefa:h4a73e2cadd;nova;CBREALTY PARTICIPACOES LTDA.;omie:2026/00007;outro;2026-06-23 15:50;concluída;wellington.souza;Não Informado — Tentar contato novamente
tarefa:h57b1b3ae2a;nova;TRIWATT TECNOLOGIA ELETRICA LTDA;omie:2026/00154;outro;2026-06-24 08:24;concluída;wellington.souza;Não Informado — caixa postal, tentar contato novamente
tarefa:hc050313ee1;nova;MUNHOZ LIMA PROJETOS E ASSESSORIA S/S LTDA;omie:linha-142;outro;2026-06-24 08:57;concluída;wellington.souza;Não Informado — Numero ainda indisponível,
tarefa:h37ae2d3687;nova;PR - Granja RG;omie:2026/00102;outro;2026-06-24 09:04;concluída;wellington.souza;Não Informado — tentar contato nov
tarefa:h620f8581f4;nova;P3K Serviços de Comunicação Ltda;omie:2026/00115;outro;2026-06-24 09:05;concluída;wellington.souza;Não Informado — telefone só chama
tarefa:hc743800d50;nova;PR - Granja RG;omie:2026/00102;outro;2026-06-24 09:29;concluída;wellington.souza;Não Informado — sem sucesso novamente na tentativa de contato
tarefa:h4120da1c4d;nova;SPRINTER RECURSOS HUMANOS LTDA;omie:linha-299;outro;2026-06-24 09:50;concluída;wellington.souza;Não Informado — tentar contt nov
tarefa:h8856974c3c;nova;LATICINIOS PRIME QUEIJOS LTDA;omie:linha-105;outro;2026-06-24 10:21;concluída;wellington.souza;Não Informado — retorno sobre o email encaminhado
tarefa:ha31b24142f;nova;MAIORCA PASSAGENS E TURISMO LTDA;omie:linha-114;outro;2026-06-24 11:01;concluída;wellington.souza;Não Informado — pediu para encaminhar um email com uma apresentação, email encaminhado
tarefa:h7e28a728e6;nova;KMA DISTRIBUIDORA DE LIVROS LTDA;omie:linha-102;outro;2026-06-24 16:25;concluída;wellington.souza;Não Informado — tentar contt nov
tarefa:hbd43b152fe;nova;MAIORCA PASSAGENS E TURISMO LTDA;omie:linha-114;outro;2026-06-24 16:57;concluída;wellington.souza;Não Informado — tentar contt nov
tarefa:he48bf60fee;nova;Singulares It Training;omie:2026/00029;outro;2026-06-25 09:37;concluída;wellington.souza;Não Informado — telefone ainda indisponivel
tarefa:h27987f9b4a;nova;ROSAS E LIMA COMERCIAL LTDA ME;omie:2026/00104;outro;2026-06-25 09:42;concluída;wellington.souza;Não Informado — telefone indisponível tentar novamente contato
tarefa:h6d51478314;nova;INDUSTRIA TECNICA HILARIO LTDA;omie:linha-87;outro;2026-06-25 09:58;concluída;wellington.souza;Não Informado — tentar contt nov
tarefa:h35a2b4ea1d;nova;BIVIK CONFECCOES LTDA;omie:linha-33;ligacao;2026-06-25 10:00;concluída;wellington.souza;FUP — ATUALIZAR / ESTÁ NO TEMPO ADRIANA - adriana.checchia@bivic.com .br - 170 func - AGOSTO ESTAVA EM FECHAMENTO DE FOLHA E NÃO CONSEGUIA FALAR SOBRE ISSO, MAS PASSOU INFORMAÇÕES MANDEI EMAIL
tarefa:h1955e351bc;nova;Kombat Nordeste;omie:2026/00084;outro;2026-06-25 10:03;concluída;wellington.souza;Não Informado — seu funcionário informou que o luiz, não estará na empresa essa semana, somente a próxima semana ele me passou o contato do WhatsApp do luiz, mandei mensagens
tarefa:ha67edd82ac;nova;Kombat Nordeste;omie:2026/00084;outro;2026-06-25 15:45;concluída;wellington.souza;Não Informado — Contato Inicial, abordagem discreta e utilizando referencias da Unidade Guarulhos da Omie e Vendedor
tarefa:h8bffec804f;nova;ROSAS E LIMA COMERCIAL LTDA ME;omie:2026/00104;outro;2026-06-25 15:45;concluída;wellington.souza;Não Informado — Contato Inicial, abordagem discreta e utilizando referencias da Unidade Guarulhos da Omie e Vendedor
tarefa:h9af07217c3;nova;Singulares It Training;omie:2026/00029;outro;2026-06-25 15:52;concluída;wellington.souza;Não Informado — Tentar contato novamente
tarefa:h37b85a326c;nova;E.R. GESTAO DE MARCAS E PARTICIPACOES LTDA.;omie:2026/00006;outro;2026-06-25 16:35;concluída;wellington.souza;Não Informado — pediu para ligar na prox semana
tarefa:h486733db01;nova;MIGLIORE CORRETORA DE SEGUROS LTDA;omie:linha-131;outro;2026-06-26 09:05;concluída;wellington.souza;Não Informado — telefone encerra sozinho
tarefa:had733875ba;nova;MAXIVAL BROADCAST;omie:2026/00093;outro;2026-06-26 10:26;concluída;wellington.souza;Não Informado — sem sucesso, entrar em contato novamente
tarefa:hdb460f82de;nova;SMART ELECTRIC ENGENHARIA E SISTEMAS LTDA;omie:2026/00089;outro;2026-06-26 10:53;concluída;wellington.souza;Não Informado — telefone possui recado eletrônico, e não passa a ligação quando se apresenta
tarefa:hccf466fd1b;nova;ALVORADA-SERV COMÉRCIO E DISTRIBUIÇÃO LTDA;omie:2026/00066;outro;2026-06-26 13:40;concluída;wellington.souza;Não Informado — telefone só chamou
tarefa:h7f2472d586;nova;GITO ADMINISTRACAO E PARTICIPACAO LTDA;omie:linha-73;ligacao;2026-06-26 15:35;concluída;wellington.souza;Touch — MANDAR EMAIL APRES 12345 RAQUEL - raquel@gito.com.br NÃO QUIS PASSAR A QUANTIDADE DE FUNC PEDIU PRA ENVIAR EMAIL DE APRES ACABOU DE RENOVAR E NÃO VAI FALAR SOBRE ISSO AGORA, MAS VBAI GUARDAR O
tarefa:h0a2575126d;nova;R T TONER;omie:2026/00026;outro;2026-06-26 15:45;concluída;wellington.souza;Não Informado — Contato Inicial, abordagem discreta e utilizando referencias da Unidade Guarulhos da Omie e Vendedor
tarefa:hfee13ac1c4;nova;GPACK SOLUÇÕES;omie:2026/00063;outro;2026-06-26 15:45;concluída;wellington.souza;Não Informado — Contato Inicial, abordagem discreta e utilizando referencias da Unidade Guarulhos da Omie e Vendedor
tarefa:h59cf5c9dae;nova;ALVORADA-SERV COMÉRCIO E DISTRIBUIÇÃO LTDA;omie:2026/00066;outro;2026-06-26 15:45;concluída;wellington.souza;Não Informado — Contato Inicial, abordagem discreta e utilizando referencias da Unidade Guarulhos da Omie e Vendedor
tarefa:h5c7f945c71;nova;SADARC INDUSTRIA;omie:2026/00068;outro;2026-06-26 15:45;concluída;wellington.souza;Não Informado — Contato Inicial, abordagem discreta e utilizando referencias da Unidade Guarulhos da Omie e Vendedor
tarefa:h3db4801664;nova;SMART ELECTRIC ENGENHARIA E SISTEMAS LTDA;omie:2026/00089;outro;2026-06-26 15:45;concluída;wellington.souza;Não Informado — Contato Inicial, abordagem discreta e utilizando referencias da Unidade Guarulhos da Omie e Vendedor
tarefa:h25b2985a34;nova;MAXIVAL BROADCAST;omie:2026/00093;outro;2026-06-26 15:45;concluída;wellington.souza;Não Informado — Contato Inicial, abordagem discreta e utilizando referencias da Unidade Guarulhos da Omie e Vendedor
tarefa:h3853204cb8;nova;MIGLIORE CORRETORA DE SEGUROS LTDA;omie:linha-131;outro;2026-06-26 17:13;concluída;wellington.souza;Não Informado — tentar novamente
tarefa:hb7915674b7;nova;TRIPLE T DISTRIBUIDORA DE VEICULOS LTDA;omie:linha-309;outro;2026-06-29 13:14;concluída;wellington.souza;Não Informado — tentar contato nov
tarefa:h8b2faf465b;nova;TISEG CORRETORA DE SEGUROS;omie:2026/00054;outro;2026-06-30 09:11;concluída;wellington.souza;Não Informado — telefone só chama, sem sucesso no contato
tarefa:h3e167be101;nova;FORTIM ACUMULADORES INDUSTRIAIS;omie:2026/00019;outro;2026-06-30 09:52;concluída;wellington.souza;Não Informado — Leticia, informou que não possui uma pessoa ao certo responsável pelo SST, informou que consigo falar somente por email : recursoshumanos@grupofortim.com.br
tarefa:h59484b0502;nova;EVRD;omie:2026/00086;outro;2026-06-30 11:07;concluída;wellington.souza;Não Informado — tentar cntt nov
tarefa:hbc2b17ff9e;nova;MOOCA CARTUCHOS E SUPRIMENTOS LTDA;omie:linha-136;outro;2026-06-30 11:16;concluída;wellington.souza;Não Informado — telefone só chama
tarefa:hd415a17075;nova;STONGEL (ANA CARINE MARTINS LTDA);omie:2026/00070;outro;2026-06-30 11:50;concluída;wellington.souza;Não Informado — so chama, sem sucess novamente
tarefa:ha0516e7c4c;nova;ARMAZENS GERAIS TRIANGULO EIRELI EPP;omie:2025/00003;outro;2026-06-30 14:00;concluída;wellington.souza;Não Informado — tentar contato, mais tarde, grayce não estava
tarefa:h77518a8495;nova;Micro Injeção Indústria e Comércio Ltda ME;omie:2026/00106;outro;2026-06-30 14:00;concluída;wellington.souza;Não Informado — Fabiano não existe na empresa, e o telefone cadastrado, está incorreto, numero correto: (11) 4441-4033 etrar em contato
tarefa:haafbd1283b;nova;AZUL MOB;omie:2026/00116;outro;2026-06-30 14:00;concluída;wellington.souza;Não Informado — Tentar contato novamente
tarefa:hf44fe39aaa;nova;STONGEL (ANA CARINE MARTINS LTDA);omie:2026/00070;outro;2026-06-30 14:06;concluída;wellington.souza;Não Informado — tentar contato na prox semana
tarefa:h3e6a6ea68a;nova;MFV EMPREENDIMENTO;omie:2026/00015;outro;2026-06-30 14:30;concluída;wellington.souza;Não Informado — Informou ja terem uma contratada e não possui interessem em mudar
tarefa:h66ad8dd06c;nova;ARMAZENS GERAIS TRIANGULO EIRELI EPP;omie:2025/00003;outro;2026-06-30 14:36;concluída;wellington.souza;Não Informado — Novamente Glayce, não estava , tentar encontrá-la pela manha
tarefa:h1954791f20;nova;Micro Injeção Indústria e Comércio Ltda ME;omie:2026/00106;outro;2026-06-30 14:40;concluída;wellington.souza;Não Informado — empresa não existe, karol da recepção informou que o numero não é dessa empresa, mas pesquisei e o numero é da empresa,
tarefa:h61d533f8b3;nova;MOOCA CARTUCHOS E SUPRIMENTOS LTDA;omie:linha-136;ligacao;2026-06-30 14:43;concluída;wellington.souza;FUP — FAZER CONTATO
tarefa:hc12b37e2f4;nova;MFV EMPREENDIMENTO;omie:2026/00015;outro;2026-06-30 15:45;concluída;wellington.souza;Não Informado — Contato Inicial, abordagem discreta e utilizando referencias da Unidade Guarulhos da Omie e Vendedor Nova tentativa anteriores em sucesso
tarefa:h727415067b;nova;FORTIM ACUMULADORES INDUSTRIAIS;omie:2026/00019;outro;2026-06-30 15:45;concluída;wellington.souza;Não Informado — Contato Inicial, abordagem discreta e utilizando referencias da Unidade Guarulhos da Omie e Vendedor
tarefa:h3612f7738a;nova;MARIA CEREJA PROMOÇÃO DE VENDAS LTDA;omie:2026/00045;outro;2026-06-30 15:45;concluída;wellington.souza;Não Informado — Contato Inicial, abordagem discreta e utilizando referencias da Unidade Guarulhos da Omie e Vendedor
tarefa:hfe9a837320;nova;TISEG CORRETORA DE SEGUROS;omie:2026/00054;outro;2026-06-30 15:45;concluída;wellington.souza;Não Informado — Contato Inicial, abordagem discreta e utilizando referencias da Unidade Guarulhos da Omie e Vendedor
tarefa:h90df19091b;nova;AZUL MOB;omie:2026/00116;outro;2026-06-30 16:26;concluída;wellington.souza;Não Informado — email encaminhado para a juliana, responsável pela SST
tarefa:hc7d710311d;nova;MARIA CEREJA PROMOÇÃO DE VENDAS LTDA;omie:2026/00045;outro;2026-07-01 09:38;concluída;wellington.souza;Não Informado — Telefone só chamou, tentar contato novamente
tarefa:h4194ba577b;nova;EMILIA BEM CASADOS COM DE DOCES LTDA;omie:linha-57;ligacao;2026-07-07 14:00;concluída;jakeline.santana;FUP — Mara, está com problemas pessoais. Não é o momento adequado agora. Ligar daqui 1 mês. 07/08 tentativa de contato realizada sem sucesso.
tarefa:h7654c12349;nova;MIGLIORE CORRETORA DE SEGUROS LTDA;omie:linha-131;ligacao;2026-07-11 10:30;concluída;wellington.souza;FUP — Apresentar nossos serviços
tarefa:h948323897f;nova;STONGEL (ANA CARINE MARTINS LTDA);omie:2026/00070;outro;2026-07-13 11:00;concluída;wellington.souza;Não Informado — retonar daqui a pouco
tarefa:h129049da06;nova;PRIMICIA DOS PÃES;omie:linha-186;outro;2026-07-17 09:51;concluída;wellington.souza;Não Informado — Izalia nunca se encontra, ja foi encaminhado email, mas não houve respotas, ir tentando contato
tarefa:ha4741a39bd;nova;ALLTECH;omie:2026/00037;outro;2026-07-17 10:00;concluída;wellington.souza;Não Informado — retorno
tarefa:h5fc7846b20;nova;NOVA VULCAO S/A TINTAS E VERNIZES;omie:linha-161;outro;2026-07-17 10:20;concluída;wellington.souza;Não Informado — tentar contato nov
tarefa:h697b927b26;nova;NUXX CONFECCOES DE ROUPAS LTDA - EPP;omie:linha-166;ligacao;2026-07-17 10:38;concluída;wellington.souza;FUP — fazer primeiro contato
tarefa:hd23719e765;nova;VPS;omie:2026/00071;outro;2026-07-17 10:46;concluída;wellington.souza;Não Informado — tentar contt nov
tarefa:hc29c3257ef;nova;NEXBIOGAS ENERGIAS RENOVAVEIS E PARTICIPAÇOES LTDA;omie:linha-155;outro;2026-07-17 11:48;concluída;wellington.souza;Não Informado — tentar contato nov
tarefa:h126af41afa;nova;SADARC INDUSTRIA;omie:2026/00068;outro;2026-07-17 13:35;concluída;wellington.souza;Não Informado — telefone indisponível , tentar contato novamente
tarefa:h36391f0a91;nova;GPACK SOLUÇÕES;omie:2026/00063;outro;2026-07-17 13:44;concluída;wellington.souza;Não Informado — Tentar contato novamente
tarefa:h95cd9ef6e6;nova;PLANETA PSF;omie:2026/00053;outro;2026-07-17 15:45;concluída;wellington.souza;Não Informado — Contato Inicial, abordagem discreta e utilizando referencias da Unidade Guarulhos da Omie e Vendedor
tarefa:h1a5b246c6d;nova;JULIANA COSMÉTICOS;omie:2026/00064;outro;2026-07-17 15:45;concluída;wellington.souza;Não Informado — Contato Inicial, abordagem discreta e utilizando referencias da Unidade Guarulhos da Omie e Vendedor
tarefa:hd256c06282;nova;PELEGRINELLI & PADOAN - ADVOGADOS;omie:2026/00080;outro;2026-07-17 15:45;concluída;wellington.souza;Não Informado — Contato Inicial, abordagem discreta e utilizando referencias da Unidade Guarulhos da Omie e Vendedor
tarefa:h673bcb4090;nova;Smart Brokers;omie:2026/00060;outro;2026-07-18 15:45;concluída;wellington.souza;Não Informado — Contato Inicial, abordagem discreta e utilizando referencias da Unidade Guarulhos da Omie e Vendedor
tarefa:h7913fe8d0e;nova;HOLLYTEC METAIS INDUSTRIA E COM. DE MAT. ELETRICOS;omie:linha-80;outro;2026-07-20 08:52;concluída;wellington.souza;Não Informado — ramal ocupado
tarefa:h5296fb55dd;nova;PRIMICIA DOS PÃES;omie:linha-186;outro;2026-07-20 09:08;concluída;wellington.souza;Não Informado — Já renovaram, e estão satisfeitos
tarefa:h950ab4ed53;nova;TISEG CORRETORA DE SEGUROS;omie:2026/00054;outro;2026-07-20 09:13;concluída;wellington.souza;Não Informado — Tentar contato novamente
tarefa:h18d1cf6c90;nova;ALLTECH;omie:2026/00037;outro;2026-07-20 09:24;concluída;wellington.souza;Não Informado — telefone só chama, tentar contt nov
tarefa:hacb14c0747;nova;NOVA VULCAO S/A TINTAS E VERNIZES;omie:linha-161;outro;2026-07-20 09:38;concluída;wellington.souza;Não Informado — telefone caiu na caixa postal
tarefa:haaf7a31ea1;nova;VPS;omie:2026/00071;outro;2026-07-20 09:45;concluída;wellington.souza;Não Informado — telefone só chama
tarefa:hcd17d43e62;nova;NEXBIOGAS ENERGIAS RENOVAVEIS E PARTICIPAÇOES LTDA;omie:linha-155;outro;2026-07-20 09:50;concluída;wellington.souza;Não Informado — Rede ocupado, sem sucesso na tentativa de contato
tarefa:h98882baea0;nova;NR PNEUS CENTRO AUTOMOTIVO LTDA;omie:linha-164;ligacao;2026-07-20 10:30;concluída;wellington.souza;FUP — Ligar para primeiro contato
tarefa:h4baec66bbd;nova;GPACK SOLUÇÕES;omie:2026/00063;outro;2026-07-20 10:46;concluída;wellington.souza;Não Informado — Telefone só chama,
tarefa:h1dc0c32a78;nova;Smart Brokers;omie:2026/00060;outro;2026-07-20 11:05;concluída;wellington.souza;Não Informado — Telefone só chamou, tentar contato novamente
tarefa:h0b6a4e2c55;nova;HOLLYTEC METAIS INDUSTRIA E COM. DE MAT. ELETRICOS;omie:linha-80;outro;2026-07-20 11:49;concluída;wellington.souza;Não Informado — retornar contato
tarefa:h65edba5051;nova;NUXX CONFECCOES DE ROUPAS LTDA - EPP;omie:linha-166;outro;2026-07-20 11:49;concluída;wellington.souza;Não Informado — Ao me identificar desligaram, tentei retornar mas não consegui o contato
tarefa:h10f8ea52d0;nova;JULIANA COSMÉTICOS;omie:2026/00064;outro;2026-07-20 14:19;concluída;wellington.souza;Não Informado — telefone só chama
tarefa:h32334e3404;nova;PLANETA PSF;omie:2026/00053;outro;2026-07-20 16:30;concluída;wellington.souza;Não Informado — telefone só chamou,
tarefa:h1089e5951f;nova;MICHEL JALBUT CONFECÇOES - ME;omie:linha-126;outro;2026-07-21 08:26;concluída;wellington.souza;Não Informado — Telefone indisponível
tarefa:h08fbac16e1;nova;MAXIVAL BROADCAST;omie:2026/00093;outro;2026-07-21 08:27;concluída;wellington.souza;Não Informado — Caixa Postal, sem sucesso no contato
tarefa:hc4e71f260f;nova;NVH - NOVA VISAO HUMANA SERVICOS LTDA;omie:linha-167;outro;2026-07-21 08:29;concluída;wellington.souza;Não Informado — telefone só chama
tarefa:ha48e4b853b;nova;MAIORCA PASSAGENS E TURISMO LTDA;omie:linha-114;outro;2026-07-21 08:36;concluída;wellington.souza;Não Informado — sem sucesso, contt caixa postal
tarefa:hd5a2867fc8;nova;ROJEMAC;omie:linha-288;outro;2026-07-21 09:20;aberta;wellington.souza;Não Informado — Tentar contato novamente
tarefa:ha320b38072;nova;MICHEL JALBUT CONFECÇOES - ME;omie:linha-126;ligacao;2026-07-21 10:16;concluída;wellington.souza;FUP — Apresentar nossos serviços
tarefa:h1d7b6d8496;nova;MOBILE VET;omie:2026/00062;outro;2026-07-21 10:18;concluída;wellington.souza;Não Informado — tentar contato novamente sem, telefone caiu na caixa postal
tarefa:h910102d5ac;nova;MAXIVAL BROADCAST;omie:2026/00093;outro;2026-07-21 10:26;concluída;wellington.souza;Não Informado — Tentar contato novamente
tarefa:h1f7309f333;nova;INJEQUALY INDUSTRIA E COMERCIO LTDA;omie:linha-89;outro;2026-07-21 10:33;concluída;wellington.souza;Não Informado — Juliana, pediu para entrar em contato mais pra frente pois acabaram de renovar, com uma outra prestadora e está satisfeita até o momento
tarefa:hc813f1b4bb;nova;NVH - NOVA VISAO HUMANA SERVICOS LTDA;omie:linha-167;ligacao;2026-07-21 10:43;concluída;wellington.souza;FUP — Falar sobre possivel proposta
tarefa:h9fd84a1511;nova;MAIORCA PASSAGENS E TURISMO LTDA;omie:linha-114;outro;2026-07-21 11:03;concluída;wellington.souza;Não Informado — retorno para saber os autos do email
tarefa:hfcbc330468;nova;JS COM DE MARMORES;omie:2026/00092;outro;2026-07-21 13:21;aberta;wellington.souza;Não Informado — Tentar contato novamente
tarefa:h4ce571a070;nova;MOBILE VET;omie:2026/00062;outro;2026-07-21 14:00;concluída;wellington.souza;Não Informado — Contato Inicial, abordagem discreta e utilizando referencias da Unidade Guarulhos da Omie e Vendedor
tarefa:h0b49ec5993;nova;INJEQUALY INDUSTRIA E COMERCIO LTDA;omie:linha-89;outro;2026-07-21 15:42;concluída;wellington.souza;Não Informado — Tentar contato novamente
tarefa:heca4e91c6a;nova;GOLD SALGADOS;omie:2026/00052;outro;2026-07-21 15:45;aberta;wellington.souza;Não Informado — Contato Inicial, abordagem discreta e utilizando referencias da Unidade Guarulhos da Omie e Vendedor
tarefa:h00adbbc0bb;nova;IVAN RODOLFO GROTTI MAGAZINE;omie:2026/00123;outro;2026-07-21 16:03;aberta;wellington.souza;Não Informado — Tentar contato novamente
tarefa:hc182d33e8b;nova;MICHEL JALBUT CONFECÇOES - ME;omie:linha-126;outro;2026-07-22 08:26;aberta;wellington.souza;Não Informado — Tentar contato novamente
tarefa:hc75e5e5a6e;nova;NOVA ESTRELA EMBALAGENS LTDA;omie:linha-160;outro;2026-07-22 08:57;aberta;wellington.souza;Não Informado — tentar contt novamente
tarefa:h1962ad50ee;nova;MENNO GRÁFICA E INFORMÁTICA LTDA-EPP;omie:linha-124;ligacao;2026-07-22 10:09;aberta;wellington.souza;FUP — Fazer contato para apresentar nossos serviços
tarefa:h28cb6cd12e;nova;MIX ELETRO;omie:2026/00105;outro;2026-07-22 10:24;aberta;wellington.souza;Não Informado — Tentar contato novamente
tarefa:h947c6e8daa;nova;NOVOA PRADO CONSULTORIA JURIDICA S/C;omie:linha-163;outro;2026-07-22 10:28;aberta;wellington.souza;Não Informado — retornar contato
tarefa:hd2f22266ba;nova;Kombat Nordeste;omie:2026/00084;outro;2026-07-22 10:33;aberta;wellington.souza;Não Informado — Luiz informou por mensagens que pode falar somente na próxima semana
tarefa:h853986e047;nova;Smart Brokers;omie:2026/00060;outro;2026-07-22 11:05;aberta;wellington.souza;Não Informado — retorno
tarefa:hfed58e7f40;nova;PREV ONE;omie:2026/00042;outro;2026-07-22 11:07;aberta;wellington.souza;Não Informado — tentar contt nov
tarefa:hbfe7e6dbb0;nova;PELEGRINELLI & PADOAN - ADVOGADOS;omie:2026/00080;outro;2026-07-22 11:15;aberta;wellington.souza;Não Informado — Tentar contato novamente
tarefa:h3c9b53fa83;nova;NUXX CONFECCOES DE ROUPAS LTDA - EPP;omie:linha-166;outro;2026-07-22 11:51;aberta;wellington.souza;Não Informado — tentar contt novamente
tarefa:h0bc070b30c;nova;NR PNEUS CENTRO AUTOMOTIVO LTDA;omie:linha-164;outro;2026-07-22 11:56;aberta;wellington.souza;Não Informado — tentar contt novamente
tarefa:h843725758b;nova;C. INVESTIMENTOS;omie:2026/00038;outro;2026-07-22 14:00;aberta;wellington.souza;Não Informado — Retorno sobre o email
tarefa:he9b1716274;nova;N.E.W.S. LOGISTICS LTDA;omie:linha-145;ligacao;2026-07-22 15:03;aberta;wellington.souza;FUP — LIGAR FALAR COM VIVIANE FOI ENVIADO APRESENTAÇÃO 10/02 RETORNO PARA VSABER O QUE ACHARAM
tarefa:hb5113d4333;nova;SWEET CREAM CHOCOLATES;omie:2026/00095;outro;2026-07-22 15:41;aberta;wellington.souza;Não Informado — tentar contato nov
tarefa:h66380850c8;nova;ACACIA;omie:2026/00073;outro;2026-07-22 15:45;aberta;wellington.souza;Não Informado — Contato Inicial, abordagem discreta e utilizando referencias da Unidade Guarulhos da Omie e Vendedor
tarefa:he279a0e7b4;nova;PLANETA PSF;omie:2026/00053;outro;2026-07-22 16:30;aberta;wellington.souza;Não Informado — tentar contato nov
tarefa:h0be51158cf;nova;NEWTORK IND E COM DE EQUIPAMENTOS PARA AR COND. LT;omie:linha-154;ligacao;2026-07-22 16:42;aberta;wellington.souza;FUP — LIGAR PARA FALAR SOBRE APRESENTAÇAO
tarefa:ha77f883675;nova;MAXIVAL BROADCAST;omie:2026/00093;outro;2026-07-23 08:27;aberta;wellington.souza;Não Informado — tentar contt novamente
tarefa:hcc8b9158e5;nova;NVH - NOVA VISAO HUMANA SERVICOS LTDA;omie:linha-167;outro;2026-07-23 08:30;aberta;wellington.souza;Não Informado — tentar contt novamente
tarefa:h5e412fe23c;nova;MAIORCA PASSAGENS E TURISMO LTDA;omie:linha-114;outro;2026-07-23 08:36;aberta;wellington.souza;Não Informado — tentar contt nov
tarefa:h2b978e0926;nova;HOLLYTEC METAIS INDUSTRIA E COM. DE MAT. ELETRICOS;omie:linha-80;outro;2026-07-23 08:53;aberta;wellington.souza;Não Informado — Tentar contato novamente
tarefa:h844fc7357b;nova;VPS;omie:2026/00071;outro;2026-07-23 09:46;aberta;wellington.souza;Não Informado — Tentar contato novamente
tarefa:h52b23379f9;nova;EDIFICIO TATUAPE FLAT SERVICE;omie:linha-52;outro;2026-07-23 10:00;aberta;wellington.souza;Não Informado — Telefone só chamou, tentar contato novamente
tarefa:h92ab25ef67;nova;TRANSOIL COM E DES DE RESIDUOS LTDA;omie:linha-307;ligacao;2026-07-23 10:00;aberta;wellington.souza;FUP — fazer contato super grossa, acabou de fechar, pediu email e não quis passar a quantidade de rfuncionários para enviar uma proposta, só ano que vem financeiro@grigolettodiesel.com.br
tarefa:hbb1d5cc887;nova;DISPAFILM DO BRASIL LTDA;omie:linha-44;ligacao;2026-07-23 10:24;concluída;comercial;Touch — telefone do felipe: 11994467706 ele não atende ligações por telefone, pois não tem ramal, não atendeu e não vizualizou mensagens tentar contato por telefone ou WhatsApp ---- REALIZADO: 12/08/2
tarefa:h6fabb303d7;nova;NUCLEO PAULISTA COMERCIO DE MATERIAL;omie:linha-165;outro;2026-07-23 10:30;aberta;wellington.souza;Não Informado — Tentar contato novamente
tarefa:h336aab5897;nova;PLASTIFOZ INDUSTRIA DE PLASTICOS E COMERCIO DE PAP;omie:linha-182;outro;2026-07-23 10:30;aberta;wellington.souza;Não Informado — Paula não estava, somente dia 10 após o almoço retorno de contato para tentar falar com a mesma
tarefa:h82170c429b;nova;GPACK SOLUÇÕES;omie:2026/00063;outro;2026-07-23 10:46;aberta;wellington.souza;Não Informado — Tentar contato novamente
tarefa:hf919137dd5;nova;NYLACAST IND E COM DE PLASTICOS DE ENGENHARIA LTDA;omie:linha-168;ligacao;2026-07-23 11:00;aberta;wellington.souza;FUP — Responsavel so estara depois do dia 02/05
tarefa:h007b21cb41;nova;VARILOG;omie:2026/00112;outro;2026-07-23 11:21;aberta;wellington.souza;Não Informado — tentar cott nov
tarefa:hd367bf7472;nova;BANCO LUSO BRASILEIRO S/A;omie:linha-30;ligacao;2026-07-23 11:30;aberta;wellington.souza;FUP — Fazer primeiro contato tentar possivel agendamento
tarefa:h49c12b93fe;nova;FORT QUIMICA;omie:linha-67;outro;2026-07-23 11:30;concluída;wellington.souza;Não Informado — Tentar o ultimo contato ---- REALIZADO: Liguei, o Luiz me atendeu e me pediu para encaminhar um e-mail.
tarefa:h1e55671644;nova;MIDIA VIEW COMUNICACAO E MARKETING LTDA;omie:linha-130;outro;2026-07-23 11:32;aberta;wellington.souza;Não Informado — telefone só chama, tentar contato novamente
tarefa:h3ed3e799dc;nova;(MATRIZ) SM SOLUTION TECNOLOGIA;omie:2026/00002;outro;2026-07-23 14:19;aberta;wellington.souza;Não Informado — Tentar contato novamente
tarefa:hcd996d708a;nova;OFFICER DISTRIBUIDORA DE PRODUTOS DE INFORMÁTICA S;omie:linha-170;outro;2026-07-23 14:43;aberta;wellington.souza;Não Informado — Tentar contato novamente
tarefa:hb3bbdf08b3;nova;INDIANA ARTEFATOS DE BORRACHAS LTDA;omie:linha-84;outro;2026-07-23 15:25;concluída;wellington.souza;Não Informado — tentar contato nov
tarefa:h36a5ae30cd;nova;DISTRIBUIDORA;omie:2026/00056;outro;2026-07-23 15:45;aberta;wellington.souza;Não Informado — Contato Inicial, abordagem discreta e utilizando referencias da Unidade Guarulhos da Omie e Vendedor
tarefa:h5e184006d2;nova;Granja RG-ME;omie:2026/00103;outro;2026-07-23 15:45;aberta;wellington.souza;Não Informado — Contato Inicial, abordagem discreta e utilizando referencias da Unidade Guarulhos da Omie e Vendedor
tarefa:hed3432dbf2;nova;DNAgro do Brasil;omie:2026/00110;outro;2026-07-23 15:45;aberta;wellington.souza;Não Informado — Contato Inicial, abordagem discreta e utilizando referencias da Unidade Guarulhos da Omie e Vendedor
tarefa:h74bb4008d0;nova;ALLTECH;omie:2026/00037;outro;2026-07-24 09:24;aberta;wellington.souza;Não Informado — tentar contt nov
tarefa:h6c51e3ad66;nova;NOVA VULCAO S/A TINTAS E VERNIZES;omie:linha-161;outro;2026-07-24 09:38;aberta;wellington.souza;Não Informado — Tentar contato novamente
tarefa:hbaab27aa3e;nova;NEXBIOGAS ENERGIAS RENOVAVEIS E PARTICIPAÇOES LTDA;omie:linha-155;outro;2026-07-24 09:51;aberta;wellington.souza;Não Informado — tentar contt nova
tarefa:hdde9d5fa63;nova;MOBILE VET;omie:2026/00062;outro;2026-07-24 10:23;aberta;wellington.souza;Não Informado — tentar contato novamente, o anterior só chamou
tarefa:hb56a8b0170;nova;MERCANTE TUBOS E ACOS LTDA;omie:linha-125;outro;2026-07-24 10:29;aberta;wellington.souza;Não Informado — Tentar contato novamente
tarefa:h8867839632;nova;OBJETIVA EVENTOS S/S LTDA;omie:linha-169;ligacao;2026-07-24 10:52;aberta;wellington.souza;FUP — tenatr conato novamente
tarefa:heedee82e25;nova;TISEG CORRETORA DE SEGUROS;omie:2026/00054;outro;2026-07-24 11:02;aberta;wellington.souza;Não Informado — Telefone indisponível anteriormente, tentar contt novamente
tarefa:hafad8fdcc5;nova;MARIA CEREJA PROMOÇÃO DE VENDAS LTDA;omie:2026/00045;outro;2026-07-24 11:17;aberta;wellington.souza;Não Informado — Tentar contato novamente
tarefa:h48176f6265;nova;SADARC INDUSTRIA;omie:2026/00068;outro;2026-07-24 11:41;aberta;wellington.souza;Não Informado — telefone só chama, tentar contt nov
tarefa:h4d12e9128f;nova;AMIGUINHO NUCLEO DE EDUCACAO E RECREACAO LTDA;omie:linha-21;outro;2026-07-24 12:40;aberta;wellington.souza;Não Informado — Tentar contato novamente
tarefa:h6d5e9b0066;nova;VELLOSO ENGENHARIA;omie:2026/00090;outro;2026-07-24 13:39;aberta;wellington.souza;Não Informado — tentar contt nov
tarefa:h625027e9a0;nova;JULIANA COSMÉTICOS;omie:2026/00064;outro;2026-07-24 14:19;aberta;wellington.souza;Não Informado — tentar contato nov
tarefa:h5936f29aab;nova;ARMAZENS GERAIS TRIANGULO EIRELI EPP;omie:2025/00003;outro;2026-07-24 14:37;aberta;wellington.souza;Não Informado — Tentar contato novamente
tarefa:hf284c41968;nova;SANTA GULA SALGADOS;omie:2026/00088;outro;2026-07-24 15:40;aberta;wellington.souza;Não Informado — Contato Inicial, abordagem discreta e utilizando referencias da Unidade Guarulhos da Omie e Vendedor
tarefa:hc4ec806aa3;nova;AERO PALETES;omie:2026/00021;outro;2026-07-24 15:45;aberta;wellington.souza;Não Informado — Contato Inicial, abordagem discreta e utilizando referencias da Unidade Guarulhos da Omie e Vendedor
tarefa:h0416218d72;nova;Protector Brasil;omie:2026/00022;outro;2026-07-24 15:45;aberta;wellington.souza;Não Informado — Contato Inicial, abordagem discreta e utilizando referencias da Unidade Guarulhos da Omie e Vendedor
tarefa:h252e121a56;nova;AGROTOOLS FILIAL;omie:2026/00107;outro;2026-07-24 15:45;aberta;wellington.souza;Não Informado — Contato Inicial, abordagem discreta e utilizando referencias da Unidade Guarulhos da Omie e Vendedor
tarefa:h64a201dcd4;nova;MURAD VESSANI OFTALMOLOGIA LTDA;omie:linha-143;outro;2026-07-27 10:58;aberta;wellington.souza;Não Informado — Tentar contato novamente
tarefa:hfc7d30fc3a;nova;LOC.COM - COMERCIO E LOCACAO DE MAQ E EQUIPAMENTOS;omie:linha-109;outro;2026-07-27 11:36;aberta;wellington.souza;Não Informado — tentar contato nov
tarefa:ha219fa2a88;nova;OXTHER INDUSTRIA DE COSMETICOS LTDA;omie:2026/00127;reuniao;2026-07-28 09:00;concluída;jakeline.santana;Reunião — Reunião presencial Oxther Rua caracol, 56 Jd Paulista (Pimentas) Reunião realizada com a Laise e o Paulo (rh), a reunião foi conduzida pelo marcelo, o mesmo confirmou algumas informações com
tarefa:hb6258da696;nova;PR - Granja RG;omie:2026/00102;outro;2026-07-28 09:29;aberta;wellington.souza;Não Informado — Tentar contato novamente
tarefa:hc2c5846387;nova;DIRE INTELIGÊNCIA;omie:2026/00032;outro;2026-07-28 10:16;aberta;wellington.souza;Não Informado — tentar contt novamente
tarefa:h945383fe0a;nova;MOOCA CARTUCHOS E SUPRIMENTOS LTDA;omie:linha-136;outro;2026-07-28 11:17;aberta;wellington.souza;Não Informado — Tentar contato novamente
tarefa:he3a5aa936a;nova;MS CURSOS LTDA - ME;omie:linha-139;ligacao;2026-07-28 16:20;aberta;wellington.souza;FUP — TENTAR CONTATO NOVAMENTE SO CHAMA
tarefa:h65bccb1561;nova;TRIWATT TECNOLOGIA ELETRICA LTDA;omie:2026/00154;outro;2026-07-29 08:25;concluída;wellington.souza;Não Informado — Tentar contato novamente
tarefa:h59aa9c271a;nova;TRIWATT TECNOLOGIA ELETRICA LTDA;omie:2026/00154;ligacao;2026-07-29 10:19;concluída;bruno.goncalo;Touch — O Wellington disse que conversou com esta oportunidade, porem eles solicitaram para retomarmos o contato em Setembro/2026
tarefa:hae01320f43;nova;NIGRI & BASICHES PLANEJAMENTO DE INTERIORES LTDA;omie:linha-156;outro;2026-07-29 10:30;aberta;wellington.souza;Não Informado — tentar novamente so chamou
tarefa:h120ad297c5;nova;ALPHA6;omie:2026/00030;outro;2026-07-29 11:22;aberta;wellington.souza;Não Informado — tentar contt nov
tarefa:hfbaa3bdd8b;nova;GRANADO PHERRO;omie:linha-75;outro;2026-07-29 11:29;aberta;wellington.souza;Não Informado — Telefone indisponível, tentar contato novamente
tarefa:ha11e8d3630;nova;MISSINCLOF COM DE VEST. E ACESS.LTDA ME;omie:linha-133;outro;2026-07-29 11:30;aberta;wellington.souza;Não Informado — Tentar contato novamente
tarefa:h801a425b4a;nova;START: HOUSE EMPREENDIMENTOS;omie:2026/00014;ligacao;2026-07-29 11:56;aberta;wellington.souza;FUP — telefone da controller
tarefa:h80aa1fc92f;nova;QUINOVA LTDA;omie:2026/00132;ligacao;2026-07-29 13:30;concluída;bruno.goncalo;Touch — O Wellington ligou para o Raphael falando sobre o novo projeto de SST e solicitou para agendarmos uma reunião de apresentação. O Raphael disse que vai conversar com o RH e pediu para voltarmos
tarefa:hb0dc76306a;nova;ALVORADA-SERV COMÉRCIO E DISTRIBUIÇÃO LTDA;omie:2026/00066;outro;2026-07-29 13:40;aberta;wellington.souza;Não Informado — Tentar contato novamente
tarefa:h54f36039cc;nova;R T TONER;omie:2026/00026;outro;2026-07-29 14:00;aberta;wellington.souza;Não Informado — Tentar contato novamente
tarefa:h83c556b236;nova;MARMORARIA JARDIM GUAPIRA;omie:2026/00081;outro;2026-07-29 14:00;aberta;wellington.souza;Não Informado — Tentar contato novamente
tarefa:h54b9ddfff8;nova;EBE ORGANIZACAO INTEGRADA LTDA;omie:2026/00131;ligacao;2026-07-29 14:00;concluída;bruno.goncalo;Touch — Ligação realizada para Raquel, falando sobre nosso projeto comercial de STT e verificando a possibilidade de realizarmos uma reunião de apresentação para os responsáveis.
tarefa:h82df536887;nova;OXTHER INDUSTRIA DE COSMETICOS LTDA;omie:2026/00127;outro;2026-07-29 14:14;concluída;jakeline.santana;Nota — Proposta formalizada e enviada.
tarefa:ha869b88ae8;nova;GARDEN INDUSTRIA E COMERCIO DE COSMETICOS LTDA;omie:2026/00130;ligacao;2026-07-29 14:59;concluída;bruno.goncalo;Touch — Ligação realizada para Karen, falando sobre nosso projeto comercial de STT e verificando a possibilidade de realizarmos uma reunião de apresentação para os responsáveis, a mesma solicitou para
tarefa:hdd34074c8f;nova;MR SERVICOS DE PROMOCOES E EVENTOS LTDA;omie:linha-138;outro;2026-07-29 15:00;aberta;wellington.souza;Não Informado — tentar nov.
tarefa:h1f93214256;nova;DUPATU ELETRO;omie:2026/00097;outro;2026-07-29 16:51;aberta;wellington.souza;Não Informado — Tentar contato novamente
tarefa:h6becfa8f99;nova;FRICAN COM E REFRIGERACAO;omie:linha-70;outro;2026-07-30 10:00;aberta;wellington.souza;Não Informado — tentar contato nov
tarefa:heeaf412c9a;nova;BRAGA MOTOR PEÇAS;omie:2026/00027;outro;2026-07-30 10:05;aberta;wellington.souza;Não Informado — tentar nov
tarefa:h678df12cd2;nova;CBREALTY PARTICIPACOES LTDA.;omie:2026/00007;outro;2026-07-30 10:06;aberta;wellington.souza;Não Informado — Tentar contato novamente
tarefa:h748f8ea072;nova;Agora Elevadores;omie:2026/00079;outro;2026-07-30 10:52;aberta;wellington.souza;Não Informado — retorno
tarefa:hfd665e7a4e;nova;NM DE R PINHEIRO - ME;omie:linha-157;ligacao;2026-07-30 11:00;aberta;wellington.souza;FUP — fazer conato para oferecer nossos serviços
tarefa:h711c2f4a0f;nova;NOVA ESTRELA EMBALAGENS LTDA;omie:linha-160;outro;2026-07-30 11:00;aberta;wellington.souza;Não Informado — telefone só chamou, tentar contt novamente
tarefa:h241ba8c147;nova;PADARIA MARIA CEREJA LTDA;omie:2026/00044;outro;2026-07-30 11:23;aberta;wellington.souza;Não Informado — retorno, autos do email
tarefa:h933c1f4648;nova;ESPIRAL CROSSMEDIA;omie:2026/00040;outro;2026-07-30 11:40;aberta;wellington.souza;Não Informado — Tentar contato novamente
tarefa:h62b5011301;nova;MICROSFFER SOLUCOES TECNOLOGICAS LTDA;omie:linha-128;outro;2026-07-30 14:30;aberta;wellington.souza;Não Informado — tentar contato nov
tarefa:hb01acac199;nova;Prananda Produtos Artesanais;omie:2026/00076;outro;2026-07-30 14:37;aberta;wellington.souza;Não Informado — tentar contato, novamente
tarefa:hef4fce5eb8;nova;GARDEN INDUSTRIA E COMERCIO DE COSMETICOS LTDA;omie:2026/00130;ligacao;2026-07-30 14:37;concluída;bruno.goncalo;Touch — A FAZER: Ligar novamente para Karen, verificar se o Thiago entrou em contato com ela e em caso de negativa passar o contato dele diretamente para ela, também verificar se ela conseguiu convers
tarefa:h4fc35c41a7;nova;SCIENTECH AMBIENTAL INDUSTRIA E COMERCIO LTDA;omie:2026/00136;ligacao;2026-07-30 15:00;concluída;comercial;Touch — Conversei via WhatsApp com José Leal, falamos sobre nosso projeto comercial de SST e verificando a possibilidade de realizarmos uma reunião de apresentação para os responsáveis.
tarefa:h89be5958b0;nova;M&G TECH INSTALACOES LTDA;omie:2026/00135;outro;2026-07-30 15:06;concluída;jakeline.santana;Nota — Contato realizado com o marcos, informou que já tem contrato mas que iram precisar renovar no próximo mes, pediu para retomar o contato após o dia 10
tarefa:hdff510f6eb;nova;NELSON CUKIER;omie:linha-149;ligacao;2026-07-30 15:12;aberta;wellington.souza;FUP — FAZER CONTATO PARA FALAR RH
tarefa:h7e01a5e714;nova;QUINOVA LTDA;omie:2026/00132;ligacao;2026-07-30 15:15;concluída;bruno.goncalo;Touch — A FAZER: Ligar para o Raphael verificando se ele conseguiu conversar com o seu time de RH para realizarmos uma reunião de SST --- REALIZADO: Contato realizado com o Raphael via whats: [15:26, 
tarefa:hb240b65ad7;nova;BOTHANY CARE;omie:2026/00057;outro;2026-07-30 15:45;aberta;wellington.souza;Não Informado — Contato Inicial, abordagem discreta e utilizando referencias da Unidade Guarulhos da Omie e Vendedor
tarefa:h1eb095d13b;nova;JARAGUA EMBALAGENS;omie:2026/00096;outro;2026-07-30 15:45;aberta;wellington.souza;Não Informado — Contato Inicial, abordagem discreta e utilizando referencias da Unidade Guarulhos da Omie e Vendedor
tarefa:h720533e9a7;nova;AZUL MOB;omie:2026/00116;outro;2026-07-30 16:26;aberta;wellington.souza;Não Informado — retorno para autos do email
tarefa:h3addca12bb;nova;SERIPIERRI COMERCIO DE TONER LTDA ME;omie:linha-294;ligacao;2026-07-31 09:19;aberta;wellington.souza;FUP — fazer primeiro contato
tarefa:h64c1a3cc17;nova;MIGLIORE CORRETORA DE SEGUROS LTDA;omie:linha-131;outro;2026-07-31 09:23;aberta;wellington.souza;Não Informado — tentar conttao novamente
tarefa:h9c661dc5fe;nova;ROSAS E LIMA COMERCIAL LTDA ME;omie:2026/00104;outro;2026-07-31 09:45;aberta;wellington.souza;Não Informado — Tentar contato novamente
tarefa:h1ff4b4f577;nova;Charlie 0 - Aeronautical Training Center;omie:2026/00024;outro;2026-07-31 09:57;aberta;wellington.souza;Não Informado — Tentar contato novamente
tarefa:h3b9806fd8b;nova;ALLCLEAN;omie:2026/00035;outro;2026-07-31 10:00;aberta;wellington.souza;Não Informado — Tentar contato novamente
tarefa:h210139e172;nova;KOMBAT PNEUS SP;omie:2026/00046;outro;2026-07-31 10:00;aberta;wellington.souza;Não Informado — Tentar retorno amanha , pois a Marcia não estava
tarefa:h49e6480236;nova;BOAS COMPRAS ONLINE LTDA;omie:2026/00124;outro;2026-07-31 10:00;aberta;wellington.souza;Não Informado — retorno
tarefa:h1fdffeae17;nova;Kombat Soluções em Máquinas e Equipamentos;omie:2026/00085;outro;2026-07-31 10:16;aberta;wellington.souza;Não Informado — Tentar contato novamente
tarefa:h50e861de78;nova;SATELITE ABC CONSTRUÇÕES LTDA;omie:linha-292;outro;2026-07-31 10:20;aberta;wellington.souza;Não Informado — Tentar contato novamente
tarefa:hb769e7d1ef;nova;L & C;omie:2026/00033;outro;2026-07-31 10:37;aberta;wellington.souza;Não Informado — Tentar contato novamente
tarefa:h1e681074a8;nova;KOMBAT PNEUS SP;omie:2026/00046;outro;2026-07-31 11:00;aberta;wellington.souza;Não Informado — Ligar mais cedo, pois a mesma não estava
tarefa:ha0fac00ef5;nova;EVRD;omie:2026/00086;outro;2026-07-31 11:00;aberta;wellington.souza;Não Informado — Tentar contato novamente
tarefa:h3bb9369095;nova;OLIVEIRA SILVA & ALVES COR DE SEG LTDA;omie:linha-173;outro;2026-07-31 11:41;aberta;wellington.souza;Não Informado — responsavél estara na empresa na proxima semana, entrar em contato quinta,
tarefa:he9930ed4ed;nova;J.P.G INDUSTRIA E COMERCIO DE SORVETES LTDA;omie:2026/00126;outro;2026-07-31 13:19;aberta;wellington.souza;Não Informado — retorno, sem sucesso no contato anterior
tarefa:hc49d5ba340;nova;DANNY - COLOR COMERCIO DE CORANTES MANUFATURADOS LTDA;omie:2026/00078;outro;2026-07-31 13:41;aberta;wellington.souza;Não Informado — Tentar contato novamente
tarefa:h820047a88f;nova;NEOMILITAR;omie:2026/00074;outro;2026-07-31 14:11;aberta;wellington.souza;Não Informado — Tentar contato novamente
tarefa:h8b27102306;nova;OXTHER INDUSTRIA DE COSMETICOS LTDA;omie:2026/00127;ligacao;2026-07-31 14:15;concluída;jakeline.santana;FUP — A Laise pediupara que eu verificasse com o Paulo sobre a rpoposta. O mesmo informou que estava em fechamento e ainda não tinha tido tempo de analisar a proposta.
tarefa:h0619c23492;nova;ALFA PET;omie:2026/00134;ligacao;2026-07-31 14:24;concluída;wellington.souza;Touch — Wellington está em contato com o MIke
tarefa:h868c6e047a;nova;IMPACTO FOR SCHOOL;omie:2026/00051;outro;2026-07-31 15:45;aberta;wellington.souza;Não Informado — Contato Inicial, abordagem discreta e utilizando referencias da Unidade Guarulhos da Omie e Vendedor
tarefa:h719c3b089c;nova;Micro Injeção Indústria e Comércio Ltda ME;omie:2026/00106;outro;2026-07-31 15:50;aberta;wellington.souza;Não Informado — tentar uma nova abordagem
tarefa:hf1387c0462;nova;VANNUCCI IMPORT,EXPORTACAO E COMERC.DE AUTO PECAS;omie:linha-314;ligacao;2026-07-31 17:28;concluída;jakeline.santana;FUP — Fazer contato para saber sobre email Jakeline - tentei contato via email e ligação sem sucesso.
tarefa:linha-4;já em produção;GREGORY MODAS INDUSTRIA E COMERCIO LTDA;omie:linha-76;ligacao;2026-08-03 10:00;aberta;wellington.souza;FUP — Ligar e falar sobre cotação com Adriana.
tarefa:hf5225d8eef;nova;GARDEN INDUSTRIA E COMERCIO DE COSMETICOS LTDA;omie:2026/00130;ligacao;2026-08-03 10:39;concluída;bruno.goncalo;Touch — A FAZER: Verificar se a Karen deu retorno via whats e em caso de negativa ligar para ela, perguntando novamente se o Thiago entrou em contato com ela para falar do sistema e se consegue me pas
tarefa:h9bf3ac4462;nova;UCX - CALDEIRARIA UNIVERSAL;omie:2026/00069;outro;2026-08-03 10:40;aberta;wellington.souza;Não Informado — retorno
tarefa:h721170ae53;nova;Pessoa Física;omie:linha-282;ligacao;2026-08-03 10:52;concluída;bruno.goncalo;Touch — A FAZER: Entrar em contato com a Fernando para tentar agendamento de uma reunião. --- REALIZADO: Ligação realizada para o Fernando, porem só chamou até dar caixa postal.
tarefa:h272a004a82;nova;FRANCISCO GERALDO INDUSTRIA E COMERCIO DE MOVEIS LTDA;omie:linha-69;outro;2026-08-03 11:21;concluída;comercial;Não Informado — ligar em 08/26 para enviar proposta proximo a renovação --- REALIZADO: 07/08/2026 - tentei contato com o Maike mas ele não atendeu.
tarefa:h19f2f88069;nova;EBE ORGANIZACAO INTEGRADA LTDA;omie:2026/00131;ligacao;2026-08-03 11:30;concluída;bruno.goncalo;Touch — A FAZER: Entrar em contato com a Raquel, lhe passar o contato do Thiago, também verificar se ela conseguiu conversar com os responsáveis de SST para realizamos uma reunião com eles. --- REALIZ
tarefa:linha-3;já em produção;TRISTAR VIAGENS E TURISMO LTDA;omie:linha-310;ligacao;2026-08-03 11:52;aberta;wellington.souza;FUP — ACABOU DE RENOVAR, SÓ EM AGOSTO DE 2026
tarefa:linha-5;já em produção;Neoex;omie:2026/00137;ligacao;2026-08-03 14:00;concluída;jakeline.santana;FUP — Verificar se eles analisaram a proposta e se podemos dar andamento no contrato, confirmar quantidade de vidas atual. Realizada - O Flávio informou que ainda não teve retorno do setor responsável
tarefa:hc654ef3544;nova;QUINOVA LTDA;omie:2026/00132;ligacao;2026-08-03 14:15;concluída;bruno.goncalo;Touch — A FAZER: Ligar para Valdete (11) 99545-3493 me apresentar e informar que o Raphael me passou o contato dela para apresentarmos o projeto de SST --- REALIZADO: Ligação realizada para Valdete (0
tarefa:h3a6ec491f2;nova;A & T;omie:2026/00072;outro;2026-08-03 15:45;aberta;wellington.souza;Não Informado — Contato Inicial, abordagem discreta e utilizando referencias da Unidade Guarulhos da Omie e Vendedor
tarefa:hf9ce893e3c;nova;DANNY - COLOR COMERCIO DE CORANTES MANUFATURADOS LTDA;omie:2026/00138;ligacao;2026-08-03 16:41;concluída;bruno.goncalo;Touch — Ligação realizada para o Guilherme falando sobre o projeto se SST, o mesmo disse que o Túlio já havia conversado com ele também, porem seu contrato esta para vencer apenas em 2027 e pediu para
tarefa:h39314e947f;nova;SCIENTECH AMBIENTAL INDUSTRIA E COMERCIO LTDA;omie:2026/00136;ligacao;2026-08-04 09:20;concluída;comercial;Touch — A FAZER: Entrar em contato com Rafael Oliveira me apresentar e informar que o José Leal me informou que o contrato deles está prestes a vencer e solicitou para agendarmos uma reunião para apre
tarefa:linha-6;já em produção;LUCIANA MARTINS MAGALHAES;omie:linha-111;ligacao;2026-08-04 10:00;aberta;wellington.souza;FUP — TRAB COM A SAMA - LUCIANA - OUT ENTRAR EM CONTATO PARA PEGAR EMAIL PQ O DELA APAGA E QUANT DE FUNC
tarefa:h471a816775;nova;MATRIZ;omie:2026/00108;outro;2026-08-04 10:00;aberta;wellington.souza;Não Informado — ligar a partir das 10hrs
tarefa:h03198fd1fb;nova;FORTIM ACUMULADORES INDUSTRIAIS;omie:2026/00019;outro;2026-08-04 10:06;aberta;wellington.souza;Não Informado — retorno para autos do email
tarefa:linha-7;já em produção;MICROMEDICAL IMPLANTES DO BRASIL LTDA;omie:linha-127;ligacao;2026-08-04 10:21;aberta;wellington.souza;FUP — Apresentar nossos serviços
tarefa:h02f192da3d;nova;EBE ORGANIZACAO INTEGRADA LTDA;omie:2026/00131;ligacao;2026-08-04 10:36;concluída;bruno.goncalo;Touch — A FAZER: Ligar para Cinthia (11) 2421-3720 do DP, me apresentar, informar que a Raquel me passou seu contato para lhe apresentarmos o projeto de SST. --- REALIZADO: Ligação realizada para Cint
tarefa:h51964f181e;nova;MIRAMAD COMERCIAL LTDA-ME;omie:linha-132;outro;2026-08-04 13:30;aberta;wellington.souza;Não Informado — tentar contt novamente
tarefa:h7c5e8d60ab;nova;MELCHIOR MICHELETTI E AMENDOEIRA ADVOGADOS;omie:linha-122;outro;2026-08-04 14:15;aberta;wellington.souza;Não Informado — retorno
tarefa:h82ca01e68b;nova;GARDEN INDUSTRIA E COMERCIO DE COSMETICOS LTDA;omie:2026/00130;ligacao;2026-08-04 14:59;concluída;bruno.goncalo;Touch — A FAZER: Verificar se a Karen deu retorno via whats e em caso de negativa, ligar para mesma novamente solicitando o contato do RH para apresentarmos o projeto de SST. --- REALIZADO: Liguei par
tarefa:h4338855f0c;nova;OXTHER INDUSTRIA DE COSMETICOS LTDA;omie:2026/00127;outro;2026-08-05 09:30;concluída;jakeline.santana;Não Informado — Retomar o contato com o Paulo, verificar se ele analisou a proposta junto com a Laise. 04/08 tentativa de contato sem sucessso. 05/08 - contato realizado via whatsapp com a Laise, a me
tarefa:h7211d65c51;nova;QUINOVA LTDA;omie:2026/00132;ligacao;2026-08-05 10:25;concluída;bruno.goncalo;Touch — A FAZER: Ligar novamente para Valdete (11) 99545-3493 e em caso de dificuldade de contato, solicitar o auxilio do Raphael para agendarmos uma reunião de apresentação do projeto de SST. --- REA
tarefa:hd2a54546cd;nova;N.C. GAMES & ARCADES COM IMP EXP E LOC DE FITAS MA;omie:linha-144;outro;2026-08-05 10:43;aberta;wellington.souza;Não Informado — Tentar contato novamente
tarefa:hab36104ef9;nova;Pessoa Física;omie:linha-282;ligacao;2026-08-05 10:47;concluída;bruno.goncalo;Touch — A FAZER: Ligar novamente para o Fernando para tentar agendamento de uma reunião sobre SST --- REALIZADO: Ligação realizada para o Fernando, porem só chamou, na sequencia lhe abordei via whats:
tarefa:hd02e75bf3f;nova;EBE ORGANIZACAO INTEGRADA LTDA;omie:2026/00131;ligacao;2026-08-05 11:12;concluída;bruno.goncalo;Touch — A FAZER: Ligar novamente para Cinthia (11) 2421-3720 do DP, me apresentar, informar que a Raquel me passou seu contato para lhe apresentarmos o projeto de SST. --- REALIZADO: Ligação realizada
tarefa:ha6de7fad19;nova;GADE SOLUCOES LOGISTICAS & COMERCIAIS LTDA;omie:2026/00140;outro;2026-08-05 11:40;concluída;comercial;Não Informado — Conversei com a Caroline via WhatsApp, falei sobre o projeto SST e verificando a possibilidade de realizarmos uma reunião de apresentação. --- Reunião agendada para o dia 13/08/2026 ás
tarefa:h2d1983f60b;nova;OPA COMERCIO LTDA;omie:2026/00177;ligacao;2026-08-05 14:30;concluída;comercial;Touch — Entrei em contato com a Maria falando sobre o projeto SST e verificando a possibilidade de agendar uma reunião de apresentação,
tarefa:hc33fceca1b;nova;FibraSHP;omie:2026/00067;outro;2026-08-05 15:45;aberta;wellington.souza;Não Informado — Contato Inicial, abordagem discreta e utilizando referencias da Unidade Guarulhos da Omie e Vendedor
tarefa:h0fed67bd95;nova;MIDORI PORTAS E PINTURA;omie:2026/00039;outro;2026-08-05 16:11;aberta;wellington.souza;Não Informado — tentar contt nov
tarefa:h5488c8451b;nova;Gentrop Cloud Brasil;omie:2026/00100;outro;2026-08-05 16:44;aberta;wellington.souza;Não Informado — Tentar contato novamente
tarefa:linha-10;já em produção;M&G TECH INSTALACOES LTDA;omie:2026/00135;ligacao;2026-08-06 09:00;concluída;jakeline.santana;FUP — Entrar em contato e agendar reunião para apresentar o nosso contrato keth agendou uma reunião para 17/08 com o marcos
tarefa:h0dd5e27145;nova;MAX-MACHINE MAQUINAS E EQUIPAMENTOS INDUSTRIAIS LTDA;omie:2026/00144;ligacao;2026-08-06 10:20;concluída;comercial;Touch — Entrei em contato com o João falando sobre o projeto SST e verificando a possibilidade de agendar uma reunião para apresentação. Ele informou que ultimamente está corrido e combinamos de que e
tarefa:h91b034c0db;nova;DIVERBRAS INDUSTRIA E COMERCIO LTDA;omie:2026/00145;ligacao;2026-08-06 10:41;concluída;comercial;Touch — Liguei para o Gerson falando sobre o projeto SST e verificando a possibilidade de agendar uma reunião de apresentação. Ele informou que essa semana está corrida, mas me pediu para entrar em co
tarefa:h64edf16848;nova;QUINOVA LTDA;omie:2026/00132;ligacao;2026-08-06 11:10;concluída;bruno.goncalo;Touch — A FAZER: Verificar se a Valdete deu algum retorno via whats, para que possamos lhe apresentar o projeto de SST. --- REALIZADO: A Valdete parou de responder via whats
tarefa:linha-9;já em produção;NEW SERVICE RECURSOS HUMANOS LTDA;omie:linha-152;ligacao;2026-08-06 11:30;aberta;wellington.souza;FUP — SONDAGEM PARACE SE TRATAR DE UMA TERCEIRIZAÇÃO COM UM NUMERO SIGNIFICATIVO DE VIDAS
tarefa:hd285d6dc0a;nova;EXTERNATO DE EDUCACAO INFANTIL SANTA RITA LTDA;omie:2026/00148;ligacao;2026-08-06 12:00;concluída;comercial;Touch — Conversei com a Sarah (11) 95817-4782 sobre o projeto SST e verifiquei a possibilidade de agendar uma reunião presencial para apresentação. Ela disse que iria verificar uma data e me retornari
tarefa:hc97d70e616;nova;HIGI MULHER COMERCIO E SERVICOS LTDA;omie:2026/00146;ligacao;2026-08-06 13:48;concluída;comercial;Touch — Conversei com o Amauri sobre o projeto SST e ele me passou o contato da Dayana para agendar uma reunião de apresentação. Reunião agendada para o dia 11/08/2026 ás 15h00
tarefa:h722d258fc2;nova;B.B.A COMEX: SC;omie:2026/00048;outro;2026-08-06 14:00;aberta;wellington.souza;Não Informado — Tentar contato novamente
tarefa:linha-8;já em produção;MOTA COM DE COBERTURA LTDA-ME;omie:linha-137;ligacao;2026-08-06 15:00;aberta;wellington.souza;FUP — Tentar contato novamente
tarefa:h6e03bace2d;nova;POWER FIELD SOLUCOES ELETRICAS LTDA;omie:2026/00147;ligacao;2026-08-06 15:55;concluída;comercial;Touch — Entrei em contato com o Renato falando sobre o projeto SST e verificando a possibilidade de agendar uma reunião.
tarefa:h2866a5d2ac;nova;M&G TECH INSTALACOES LTDA;omie:2026/00135;ligacao;2026-08-06 16:59;concluída;comercial;Touch — Contato realizado com o Marcos, ele informou que precisa renovar o contrato e que já possui duas propostas. Reunião de apresentação agendada para o dia 17/08/2026 ás 10h00.
tarefa:ha837a0f2f0;nova;VANNUCCI IMPORT,EXPORTACAO E COMERC.DE AUTO PECAS;omie:linha-314;outro;2026-08-07 09:13;concluída;jakeline.santana;Não Informado — - Ligação realizada com a sandra. A sede deles pegou fogo.. Qualquer novo contrato está suspenso por um ano, eles decidiram manter a empresa que já atendia eles por enquanto pois estão
tarefa:h3f3b3b146b;nova;GARDEN INDUSTRIA E COMERCIO DE COSMETICOS LTDA;omie:2026/00130;ligacao;2026-08-07 09:23;concluída;bruno.goncalo;Touch — A FAZER: Verificar se a Karen deu algum retorno via whats, em caso de negativa, ligar novamente para mesma e se a dificuldade de contato persistir passar para o time de SDR tentar pegar o cont
tarefa:hdb11d5879d;nova;LMC TINTAS;omie:linha-108;outro;2026-08-07 09:32;aberta;wellington.souza;Não Informado — Simone informou que a empresa está passando por um período delicado, onde os sócios estão em conversar para verificar um possível encerramento da mesma, entrei em contato no final de m
tarefa:linha-13;já em produção;JOMIL;omie:linha-96;ligacao;2026-08-07 10:00;concluída;tulio.horta;FUP — Ligar e falar com seu João 07/08 tentei contato com o João sem sucesso, enviei um email.
tarefa:linha-12;já em produção;MIDIA VIEW COMUNICACAO E MARKETING LTDA;omie:linha-129;ligacao;2026-08-07 10:20;aberta;wellington.souza;FUP — Apresentar nossa empresa
tarefa:hbe9b3b69b6;nova;EBE ORGANIZACAO INTEGRADA LTDA;omie:2026/00131;ligacao;2026-08-07 10:30;concluída;comercial;Touch — A FAZER: Ligar para Cinthia (11) 97133-4492 me apresentando e perguntando se pode falar alguns minutos, para que possamos apresentar o projeto de SST. Quem nos passou seu contato foi a Raquel 
tarefa:h119ec44817;nova;RENAISSANCE;omie:linha-285;outro;2026-08-07 10:49;aberta;wellington.souza;Não Informado — telefone só chama, tentar contato novamente
tarefa:h2860d2b99b;nova;QUINOVA LTDA;omie:2026/00132;ligacao;2026-08-07 11:10;concluída;comercial;Touch — A FAZER: Ligar ou abordar a Valdete (11) 99545-3493 via whats novamente, para realizarmos uma reunião de apresentação, em caso de dificuldade de contato a mesma, solicitar o auxilio do Raphael
tarefa:hc3ff0c0733;nova;EXTERNATO DE EDUCACAO INFANTIL SANTA RITA LTDA;omie:2026/00148;ligacao;2026-08-07 13:00;concluída;comercial;Touch — Cobrar o retorno da Sarah referente a reunião de apresentação.
tarefa:h40b6f12790;nova;AMARELINHOS BAR BELA VISTA LTDA;omie:2026/00149;ligacao;2026-08-07 14:00;concluída;comercial;Touch — Conversei com a Katharynne sobre o projeto SST e verifiquei a possibilidade de agendar uma reunião de apresentação.
tarefa:h4345f1198b;nova;SINALPLAN INDUSTRIA E COMERCIO LTDA;omie:linha-296;ligacao;2026-08-07 14:14;concluída;comercial;Touch — pediu para falarmos após o dia 20 --- REALIZADO: Entrei em contato, mas o Cesar não estava.
tarefa:hef19784c3c;nova;Sorvetes Baby;omie:2026/00020;outro;2026-08-07 15:45;aberta;wellington.souza;Não Informado — Contato Inicial, abordagem discreta e utilizando referencias da Unidade Guarulhos da Omie e Vendedor
tarefa:h42a31e833b;nova;DSM COMERCIO E SERVICO LTDA;omie:2026/00151;ligacao;2026-08-07 16:34;concluída;comercial;Touch — Entrei em contato com o Daniel falando sobre o projeto SST e verificando a possibilidade de agendar uma reunião de apresentação.
tarefa:hc533147bb9;nova;MUNDO ANIMAL LABORATORIO VETERINARIO LTDA;omie:linha-141;outro;2026-08-07 17:17;aberta;wellington.souza;Não Informado — tentar nov
tarefa:h6be28d5c87;nova;Singulares It Training;omie:2026/00029;outro;2026-08-10 09:37;aberta;wellington.souza;Não Informado — Tentar contato novamente
tarefa:h7048ed892f;nova;3C FACILITIES LTDA;omie:2026/00157;ligacao;2026-08-10 09:53;concluída;gabriel.lira;Touch — Cliente estava sendo tratada pela Karine. Tentei contato com ela via whatsapp e ligação, mas sem sucesso.
tarefa:linha-14;já em produção;Neoex;omie:2026/00137;ligacao;2026-08-10 10:00;concluída;jakeline.santana;FUP — A fazer - Verificar se o Flávio teve algum retorno do setor responsável. Feito - Tentei contato sem sucesso.
tarefa:h3531900ace;nova;DIVERBRAS INDUSTRIA E COMERCIO LTDA;omie:2026/00145;ligacao;2026-08-10 10:00;concluída;comercial;Touch — Entrar em contato com o Gerson para agendar uma reunião de apresentação.
tarefa:h9159653df1;nova;EBE ORGANIZACAO INTEGRADA LTDA;omie:2026/00131;outro;2026-08-10 10:30;concluída;comercial;Não Informado — A FAZER: Cobrar a Karina 11 97133-4493 um retorno referente ao agendamento da reunião de apresentação. --- REALIZADO: Tentei contato com a Karina, mas sem sucesso.
tarefa:h054cc0ec85;nova;MULTIARTE COMUNICACAO E ADITORA LTDA;omie:linha-140;outro;2026-08-10 10:53;aberta;wellington.souza;Não Informado — TENTAR CONTATO
tarefa:ha906e5a58c;nova;GARDEN INDUSTRIA E COMERCIO DE COSMETICOS LTDA;omie:2026/00130;ligacao;2026-08-10 11:30;concluída;comercial;Touch — A FAZER: Entrar em contato com a Karen para lhe solicitar o contato da pessoa responsável pela gestão da parte de Saúde e Segurança do Trabalho para realizarmos uma reunião. Já solicitei o con
tarefa:h5caad56bf3;nova;ESTEIO ENGENHARIA E FUNDACOES LTDA;omie:2026/00150;reuniao;2026-08-10 16:00;concluída;jakeline.santana;Reunião — A fazer - Reunião online agendada para o dia 10/08/2026 ás 16h00. Feito - A reunião contou com a participação de Jakeline Santana, Valéria e Wellington Souza. A empresa possui dois CNPJs, se
tarefa:h6fa54324c9;nova;NAIRO GILMAR DA SILVA THEOBALD LTDA;omie:2026/00272;ligacao;2026-08-10 16:00;concluída;comercial;Touch — Chamei a Lydia (Financeiro) 11 93702-7967 verificando a possibilidade de agendarmos uma reunião de apresentação, ela me passou o contato da Luana (RH). Chamei a Luana, mas não obtive sucesso.
tarefa:hf085a49fc2;nova;FRANCISCO GERALDO INDUSTRIA E COMERCIO DE MOVEIS LTDA;omie:linha-69;ligacao;2026-08-10 16:22;concluída;comercial;Touch — Liguei para o Maike, mas ele não me atendeu.
tarefa:h3fe7311812;nova;POWER FIELD SOLUCOES ELETRICAS LTDA;omie:2026/00147;reuniao;2026-08-10 16:30;concluída;bruno.goncalo;Reunião — NOSHOW Reunião de apresentação agendada para 10/08 às 16:30. Antes da reunião verificar o print em anexo. --- Lead solicitou para reagendarmos para dia 11/08 às 09:00
tarefa:h0f691cbb01;nova;TRIWATT TECNOLOGIA ELETRICA LTDA;omie:2026/00154;ligacao;2026-08-10 17:34;concluída;gabriel.lira;Touch — Oportunidade agendada (cliente da Omie).
tarefa:h9101b09844;nova;QUINOVA LTDA;omie:2026/00132;ligacao;2026-08-11 08:42;concluída;comercial;Touch — A FAZER: Entrar em contato com a Valdete para agendar uma reunião de apresentação do projeto SST. --- REALIZADO: Conforme solicitado pela cliente, entrei em contato com ela porém ela segue com
tarefa:linha-16;já em produção;ESTEIO ENGENHARIA E FUNDACOES LTDA;omie:2026/00150;ligacao;2026-08-11 08:55;concluída;jakeline.santana;FUP — A fazer - Enviar proposta Feito - proposta enviada por email. Ficou assim a proposta: 1 - CNPJ até 05 funcionários registrados ¿¿¿ R$ 180,00 mensais 2- CNPJ com 50 vidas R$ 15,00 (Quinze reais) 
tarefa:h538f51112e;nova;POWER FIELD SOLUCOES ELETRICAS LTDA;omie:2026/00147;reuniao;2026-08-11 09:00;concluída;bruno.goncalo;Reunião — APRE Reunião de apresentação reagendada para 11/08 às 09:00. --- Reunião realizada com o Renato Cruz, atualmente possuem 9 vidas. Estrutura: O grupo possui 2 CNPJs, porém toda a parte de pes
tarefa:h376e5535c7;nova;PRESTOSERV DESMONTES CONTROLADOS S.A.;omie:2026/00152;ligacao;2026-08-11 09:00;concluída;comercial;Touch — A FAZER: Entrar em contato com o Gustavo, me apresentar e verificar a possibilidade de agendar uma reunião de apresentação d projeto SST. --- REALIZADO: Conversei com o Gustavo e a reunião foi
tarefa:hf0c40de031;nova;P3K Serviços de Comunicação Ltda;omie:2026/00115;outro;2026-08-11 09:06;aberta;wellington.souza;Não Informado — Tentar contato novamente
tarefa:h93846ea49b;nova;FRANCISCO GERALDO INDUSTRIA E COMERCIO DE MOVEIS LTDA;omie:linha-69;ligacao;2026-08-11 10:00;concluída;comercial;Touch — A FAZER: ligar para o Maike e verificar a possibilidade de agendar uma reunião de apresentação. --- REALIZADO: Ligue, mas ninguém atendeu.
tarefa:h0662554898;nova;AMARELINHOS BAR BELA VISTA LTDA;omie:2026/00149;reuniao;2026-08-11 10:00;concluída;bruno.goncalo;Reunião — Reunião agendada para o dia 11/08/2026 ás 10h00. Ela informou que já apresenta discordâncias com a empresa que a atende no momento. --- Reunião realizada com a Katharynne Possuem 26 colabora
tarefa:hfa2c779d0f;nova;LIFE RECURSOS HUMANOS LTDA;omie:linha-107;ligacao;2026-08-11 11:10;concluída;comercial;Touch — FIZ CONTATO COM A RENATA PELO WHATS E ELA RESPONDEU DIZENDO QUE RENOVARAM MES PASSADO, OUTUBRO ---- REALIZADO: Liguei e conversei com a Ariane, ela informou que já está cotando e agendamos uma
tarefa:hbc76b5bdee;nova;EXTERNATO DE EDUCACAO INFANTIL SANTA RITA LTDA;omie:2026/00148;reuniao;2026-08-11 14:00;concluída;jakeline.santana;Reunião — Reunião PRESENCIAL agendada para o dia 11/08/2026 ás 14h00 com Hadarssa (11) 94039-3941. Endereço: R. Barbosa, 289 - Macedo Reunião realizada com a Hadarssa, empresa possui dois CNPJs com 50
tarefa:h94f38dc696;nova;HIGI MULHER COMERCIO E SERVICOS LTDA;omie:2026/00146;reuniao;2026-08-11 15:00;concluída;bruno.goncalo;Reunião — Amauri me passou o contato da Dayana para agendar uma reunião de apresentação. Reunião agendada para o dia 11/08/2026 ás 15h00 --- Reunião realizada com a Dayana A empresa possui 6 colaborad
tarefa:hacbf6608b4;nova;PRESTOSERV DESMONTES CONTROLADOS S.A.;omie:2026/00152;reuniao;2026-08-11 16:00;concluída;jakeline.santana;Reunião — Reunião online agendada para 11/08/2026 ás 16h00. A reunião contou com a participação de Adriana Fonseca, Gustavo Crepalde, Tales Melo Ramos, Jakeline Santana e Wellington Souza. Adriana é e
tarefa:hb7ee55f5cd;nova;SINALPLAN INDUSTRIA E COMERCIO LTDA;omie:linha-296;ligacao;2026-08-11 16:30;concluída;comercial;Touch — A FAZER: Ligar novamente para o Cesar e verificar a possibilidade de agendar uma reunião. --- REALIZADO: A Marina não faz mais parte da equipe e o Cesar está viajando, mas volta amanhã, 12/08/
tarefa:hfc6c2311da;nova;BERNADETE CRISTINA F NEVES;omie:2026/00012;outro;2026-08-12 09:55;aberta;wellington.souza;Não Informado — retorno
tarefa:linha-21;já em produção;PRESTOSERV DESMONTES CONTROLADOS S.A.;omie:2026/00152;ligacao;2026-08-12 10:00;concluída;jakeline.santana;FUP — Proposta enviada - R$ 25,00 por vida além de desconto nos treinamentos das NRs.
tarefa:linha-19;já em produção;POWER FIELD SOLUCOES ELETRICAS LTDA;omie:2026/00147;ligacao;2026-08-12 11:28;concluída;bruno.goncalo;FUP — FUP REALIZADO: Proposta enviada para o Renato.
tarefa:h01d8073a75;nova;DSM COMERCIO E SERVICO LTDA;omie:2026/00151;reuniao;2026-08-12 14:00;concluída;jakeline.santana;Reunião — Reunião agendada para o dia 12/08/2026 ás 14h00 A reunião contou com a participação de Daniel Spagnoletto, Jakeline Santana e Wellington Souza. Daniel possui três CNPJs: uma distribuidora, o
tarefa:h99197d2a26;nova;LIFE RECURSOS HUMANOS LTDA;omie:linha-107;reuniao;2026-08-12 15:00;concluída;jakeline.santana;Reunião — Reunião online agendada para 12/08/2026 ás 15h00 Durante minha conversa com a Ariane, ela informou que estão na Republica e quer uma clínica próxima, perguntou se atende telemedicina e pergu
tarefa:h1b98c6ada2;nova;SCIENTECH AMBIENTAL INDUSTRIA E COMERCIO LTDA;omie:2026/00136;ligacao;2026-08-12 15:00;concluída;comercial;Touch — A FAZER: Cobrar o retorno do Rafael e agendar uma reunião para apresentação. --- REALIZADO: Não consigo contato com o José.
tarefa:linha-20;já em produção;EXTERNATO DE EDUCACAO INFANTIL SANTA RITA LTDA;omie:2026/00148;ligacao;2026-08-12 15:00;concluída;jakeline.santana;FUP — Proposta enviada para a Hadarssa, chegamos em R$14,00 por vida por CNPJ e como cortesia colocamos os treinamentos de NR-1 e brigada de incêndio.
tarefa:linha-17;já em produção;ALFA PET;omie:2026/00134;ligacao;2026-08-12 17:42;concluída;jakeline.santana;FUP — 12/08 - Tentativa de contato com o Mike para assumir os contatos. Sem sucesso. Wellington me passou todo o histórico de negociação, Mike ficou de enviar um PDF com o descritivo de todos os custo
tarefa:linha-26;já em produção;AMARELINHOS BAR BELA VISTA LTDA;omie:2026/00149;ligacao;2026-08-13 09:09;concluída;bruno.goncalo;FUP — A REALIZAR: Envio de proposta comercial
tarefa:linha-22;já em produção;EMILIA BEM CASADOS COM DE DOCES LTDA;omie:linha-57;ligacao;2026-08-13 09:26;concluída;jakeline.santana;FUP — Tentativa de contato, verificar com o João se podemos retomar as negociações. Feito - em contato com o Joao o mesmo solicitou uma nova proposta, enviei para os dois CNPJs.
tarefa:h8d8bb1cb7f;nova;LIFE RECURSOS HUMANOS LTDA;omie:linha-107;reuniao;2026-08-13 10:00;concluída;jakeline.santana;Reunião — A reunião contou com a participação de Ariane Silveira, Jakeline Santana, Wellington Souza e Marcelo, diretor da Controller. A empresa atua com serviços temporários, atendendo principalmente
tarefa:linha-23;já em produção;ALFA PET;omie:2026/00134;ligacao;2026-08-13 10:00;concluída;jakeline.santana;FUP — A fazer- Entrar em contato com o Mike via ligação, informar que o Wellington me passou o contato dele para que eu acompanhe as negociações, solicitar PDF dos custos. Feito - tentei contato via l
tarefa:h888cab8a7a;nova;CESAR TRANSPORTES, GUINDASTES E EQUIPAMENTOS S.A;omie:2026/00155;ligacao;2026-08-13 10:05;concluída;gabriel.lira;Touch — Tentei contato via telefone pelo 0800 e pelo número do RH, mas sem sucesso.
tarefa:linha-25;já em produção;HIGI MULHER COMERCIO E SERVICOS LTDA;omie:2026/00146;ligacao;2026-08-13 11:50;concluída;bruno.goncalo;FUP — A FAZER: Proposta comercial enviada via whats
tarefa:he1bacaef73;nova;DIVERBRAS INDUSTRIA E COMERCIO LTDA;omie:2026/00145;ligacao;2026-08-13 14:40;concluída;comercial;Touch — Conversei com o Gerson, ele informou que no momento não tem disponibilidade para agendar uma reunião devido a correria. Retomar o contato no futuro.
tarefa:h8cf61a7d27;nova;ULTRA SOLARES SERVICOS DE ENGENHARIA ELETRICA LTDA;omie:2026/00160;ligacao;2026-08-13 14:40;concluída;comercial;Touch — Entrei em contato com a Natália informando sobre o projeto SST e verificando a possibilidade de agendar uma reunião de apresentação. Reunião online agendada para o dia 18/08 ás 16h00.
tarefa:h6ccb3cc327;nova;MEDICINA RMF SERVICOS MEDICOS LTDA.;omie:2026/00156;ligacao;2026-08-13 15:32;concluída;comercial;Touch — Entrei em contato com a Nádia, falando sobre o projeto SST e verificando a possibilidade de agendar uma reunião de apresentação. Ela ficou de verificar uma data na semana que vem e me dar um r
tarefa:hc36da7b14b;nova;GADE SOLUCOES LOGISTICAS & COMERCIAIS LTDA;omie:2026/00140;reuniao;2026-08-13 16:00;concluída;jakeline.santana;Reunião — Reunião agendada para o dia 13/08/2026 ás 16h00. NOSHOW Em contato via wpp a cliente informou que não conseguiria participar hoje da reunião, solicitou reagendamento para próxima semana, ofe
tarefa:linha-27;já em produção;LIFE RECURSOS HUMANOS LTDA;omie:linha-107;ligacao;2026-08-14 09:00;concluída;jakeline.santana;FUP — A fazer - Caso o Marcelo ainda não tenha enviado as informações para que seja elaborado a proposta, cobrar. Assim que tiver todas as informações, formalizar e enviar para a Ariane. Realizado - P
tarefa:linha-31;já em produção;PRESTOSERV DESMONTES CONTROLADOS S.A.;omie:2026/00152;ligacao;2026-08-14 10:00;concluída;jakeline.santana;FUP — A fazer- entrar em contato com o Gustavo, verificar se ele analisou a proposta e se podemos prosseguir com o contrato. Feito - em contato com o Gustavo o mesmo informou que ainda não analisou a 
tarefa:hb1edd4870c;nova;SUPER COLLOR FABRICACAO DE MATERIAIS PLASTICOS LTDA;omie:2026/00159;ligacao;2026-08-14 10:00;concluída;comercial;Touch — Entrei em contato com a Jaqueline, falando sobre o projeto SST e verificando a possibilidade de agendar uma reunião de apresentação
tarefa:h836b1162ef;nova;3C FACILITIES LTDA;omie:2026/00157;ligacao;2026-08-14 10:20;concluída;gabriel.lira;Touch — Consegui falar com um funcionário do RH e ele mencionou que a Mariam está de férias, ela retorna na próxima semana.
tarefa:ha99f8c7434;nova;YELLOW IMOVEIS LTDA;omie:2026/00158;ligacao;2026-08-14 10:47;concluída;comercial;Touch — Entrei em contato com a Andressa me apresentei e falei um pouco sobre o projeto SST. Reunião agendada para dia 17/08 ás 15h00.
tarefa:h1cee5c05db;nova;MEDICINA RMF SERVICOS MEDICOS LTDA.;omie:2026/00156;ligacao;2026-08-14 11:00;concluída;comercial;Touch — A FAZER: Cobrar um retorno da Nádia referente a data para a reunião de agendamento. --- REALIZADO: Conversei com a Nádia, a reunião online agendada para dia 19/08 ás 11h00
tarefa:h4601f94df0;nova;MCZ;omie:2026/00047;outro;2026-08-14 11:02;aberta;wellington.souza;Não Informado — tentar contt nov
tarefa:linha-29;já em produção;ALFA PET;omie:2026/00134;ligacao;2026-08-14 14:00;concluída;jakeline.santana;FUP — A fazer - Caso o Mike não tenha respondido o wpp, ligar novamente, se não tiver sucesso enviar mensagem pro well. feito - Mike informou que estava em uma feira, pediu para falarmos na próxima se
tarefa:linha-30;já em produção;Neoex;omie:2026/00137;ligacao;2026-08-14 14:00;concluída;jakeline.santana;FUP — A fazer - Retomar o contato e verificar se o Flávio teve algum retorno sobre a proposta. Em contato com o Flávio o mesmo informou que o contrato com a empresa atual vai até dezembro, eles precis
tarefa:hf391be94c5;nova;M&G TECH INSTALACOES LTDA;omie:2026/00135;reuniao;2026-08-17 10:00;concluída;jakeline.santana;Reunião — Contato realizado com o Marcos, ele informou que precisa renovar o contrato e que já possui duas propostas. Reunião de apresentação agendada para o dia 17/08/2026 ás 10h00. NOSHOW O cliente 
tarefa:hf34c6e6473;nova;GADE SOLUCOES LOGISTICAS & COMERCIAIS LTDA;omie:2026/00140;ligacao;2026-08-17 10:00;concluída;comercial;Touch — A fazer - retomar o contato com a Caroline para reagendamento. -- REALIZADO: Entrei em contato com a Caroline, mas ela não me respondeu.
tarefa:h11262a589c;nova;OPA COMERCIO LTDA;omie:2026/00177;ligacao;2026-08-17 10:00;concluída;comercial;Touch — A FAZER: Cobrar um retorno sobre o agendamento da reunião. --- REALIZADO: reunião agendada para o dia 21/08 ás 15h00
tarefa:linha-33;já em produção;EMILIA BEM CASADOS COM DE DOCES LTDA;omie:linha-57;ligacao;2026-08-17 10:24;concluída;jakeline.santana;FUP — Retomar o contato com o João, verificar se le conseguiu analisar a proposta. Feito - tentei contato via ligação e whats sem sucesso.
tarefa:linha-35;já em produção;ALFA PET;omie:2026/00134;ligacao;2026-08-17 10:37;concluída;jakeline.santana;FUP — Retomar o contato com o Mike, verificar se ele onsegue enviar o PDF para elaborarmos uma proposta. Tentei contato sem sucesso
tarefa:h32e9d9f53e;nova;EBE ORGANIZACAO INTEGRADA LTDA;omie:2026/00131;ligacao;2026-08-17 11:00;concluída;comercial;Touch — A FAZER: Cobrar a Karina 11 97133-4493 um retorno referente ao agendamento da reunião de apresentação. ---- REALIZADO: Tentei contato com a Karina, mas não obtive sucesso.
tarefa:h75b7547111;nova;TRIWATT TECNOLOGIA ELETRICA LTDA;omie:2026/00154;reuniao;2026-08-17 11:00;concluída;bruno.goncalo;Reunião — Edmar é cliente Omie, hoje ele possui uma empresa que faz a gestão de Medicina Ocupacional, mas tem interesse em conhecer nossa empresa. Hoje eles possuem 30 funcionários. --- Reunião realiz
tarefa:h408726c533;nova;INDUSTRIA TECNICA HILARIO LTDA;omie:linha-87;outro;2026-08-17 14:00;aberta;wellington.souza;Não Informado — tentar um ultimo contato
tarefa:h48f0176e25;nova;SUPER COLLOR FABRICACAO DE MATERIAIS PLASTICOS LTDA;omie:2026/00159;reuniao;2026-08-17 14:00;concluída;bruno.goncalo;Reunião — Reunião online agendada para o dia 17/08/2026 ás 14h00 --- Reunião realizada com a Jakeline Lima Atualmente possuem 17 colaboradores e terão 1 admissão nos próximos dias (totalizando 18). At
tarefa:hb28cecc19c;nova;ANA GAMING BRASIL SA;omie:2026/00173;ligacao;2026-08-17 14:06;concluída;comercial;Touch — Entrei em contato com o Thiago, me apresentei e falei sobre o projeto SST verificando a possibilidade de agendar uma reunião de apresentação.
tarefa:linha-34;já em produção;LIFE RECURSOS HUMANOS LTDA;omie:linha-107;ligacao;2026-08-17 15:00;concluída;jakeline.santana;FUP — A fazer - Retomar o contato com a Ariane, verificar se ela analisou a proposta. Feito- A Ariane informou que irá apresentar a proposta para o diretor e me dá um retorno amanhã.
tarefa:h7ab0e843cb;nova;YELLOW IMOVEIS LTDA;omie:2026/00158;reuniao;2026-08-17 15:00;concluída;jakeline.santana;Reunião — Reunião online agendada para dia 17/08 ás 15h00. A reunião contou com a participação de **Jakeline Santana e do responsável pelo Financeiro da Yellow**. Atualmente, a empresa possui **5 func
tarefa:h3c3eabec04;nova;VERTICAL PETROLEO LTDA;omie:2026/00175;ligacao;2026-08-17 15:12;concluída;comercial;Touch — Entrei em contato com o Rony, me apresentei e falei sobre o projeto SST. Ele me pediu para que enviasse o portfólio por e-mail.
tarefa:hde24dbdfb6;nova;EXCLUSIVA AGENCIAMENTO E TERCEIRIZACAO LTDA;omie:2026/00061;ligacao;2026-08-17 15:45;concluída;gabriel.lira;Touch — Em contato com Yam, ele informou que só vai atrás de novos contratos no final do ano, essa época não faz sentido para ele.
tarefa:hec1cd5844a;nova;ALLOS S.A.;omie:2026/00182;ligacao;2026-08-17 16:00;concluída;gabriel.lira;Touch — Em contato com o Gabriel sobre SST.
tarefa:linha-38;já em produção;HIGI MULHER COMERCIO E SERVICOS LTDA;omie:2026/00146;ligacao;2026-08-17 16:34;concluída;bruno.goncalo;FUP — A FAZER: Entra em contato com a Dayana para verificar se analisou nossa proposta e tirar possíveis duvidas. --- REALIZADO: Contato realizado com a Dayana via whats: [16:09, 17/08/2026] Bruno Gon
tarefa:linha-39;já em produção;AMARELINHOS BAR BELA VISTA LTDA;omie:2026/00149;ligacao;2026-08-17 17:00;concluída;bruno.goncalo;FUP — A REALIZAR: Entrar em contato com a Katharynne, verificando se analisou nossa proposta comercial, se ficou alguma dúvida e se podemos evoluir com o projeto de SST --- Ligação realizada para Kath
tarefa:h79c274a474;nova;BERTHOLDI LAVANDERIA LTDA;omie:2026/00190;ligacao;2026-08-18 08:53;concluída;comercial;Touch — Entrei em contato com a Priscila falando sobre o projeto SST e verificando a possibilidade de agendar uma reunião de apresentação.
tarefa:linha-43;já em produção;ESTEIO ENGENHARIA E FUNDACOES LTDA;omie:2026/00150;ligacao;2026-08-18 09:00;concluída;jakeline.santana;FUP — A fazer - Retomar o contato com a Valéria, verificar se ela analisou a proposta e se ficou alguma dúvida. Feito - Valéria informou via whats que não recebeu a proposta, pediu para que eu reenviv
tarefa:h71edc44c07;nova;CONNECT DIGITAL SERVICOS ADMINISTRATIVOS LTDA;omie:2026/00191;ligacao;2026-08-18 09:06;concluída;comercial;Touch — Entrei em contato com o Carlos falando sobre o projeto SST e verificando a possibilidade de agendar uma reunião de apresentação.
tarefa:h209a9515c7;nova;B.B.A COMEX: RJ 01;omie:2026/00009;ligacao;2026-08-18 09:10;concluída;comercial;Touch — Entrei em contato com ao Rubens falando sobre o projeto SST e verificando a possibilidade de agendar uma reunião de apresentação.
tarefa:h352dfd7eab;nova;GPAM TRANSPORTES & LOGISTICA LTDA;omie:2026/00192;ligacao;2026-08-18 09:17;concluída;comercial;Touch — Entrei em contato com a Clarice falando sobre o projeto SST e verificando a possibilidade de agendar uma reunião de apresentação.
tarefa:hfb23dc9df3;nova;TORRE EMERGENCIAS MEDICAS LTDA;omie:2026/00193;ligacao;2026-08-18 09:23;concluída;gabriel.lira;Touch — Falei com Favinia, ela disse que não pretende fazer nenhuma contratação agora por cona de mudanças internas na empresa. Pediu para retornar o contato no próximo mês.
tarefa:h730a4f2097;nova;SAPPORO INDUSTRIA COMERCIO E DISTRIBUICAO DE ALIMENTOS LTDA.;omie:2026/00194;ligacao;2026-08-18 09:33;concluída;comercial;Touch — Entrei em contato com o Evandro falando sobre o projeto SST e verificando a possibilidade de agendar uma reunião de apresentação.
tarefa:h0e64400001;nova;LIGA PRODUTOS PARA SORVETES;omie:2026/00028;ligacao;2026-08-18 09:38;concluída;comercial;Touch — Entrei em contato com a Debora falando sobre o projeto SST e verificando a possibilidade de agendar uma reunião de apresentação.
tarefa:hbc355dc0af;nova;TRIWATT TECNOLOGIA ELETRICA LTDA;omie:2026/00154;email;2026-08-18 09:44;aberta;bruno.goncalo;e-mail — Controller | Informações para Elaboração da Proposta Comercial de SST
tarefa:hba6de12b2b;nova;JOMIL;omie:linha-96;ligacao;2026-08-18 09:46;concluída;gabriel.lira;Touch — Tentei contato via telefone, mas a empresa já estava fechada.
tarefa:h57eeec9251;nova;PROVIVI DO BRASIL SERVICOS AGRICOLAS LTDA;omie:2026/00198;ligacao;2026-08-18 09:46;concluída;gabriel.lira;Touch — Tentei contato via whatsapp (cliente Bruno Omie)
tarefa:h1f786de252;nova;ZETTI QUIMICA COMERCIAL EIRELI;omie:2026/00199;ligacao;2026-08-18 09:49;concluída;comercial;Touch — Entrei em contato com a Elisangela falando sobre o projeto SST e verificando a possibilidade de agendar uma reunião de apresentação.
tarefa:h1cbf4dd792;nova;DIAS METALS INDUSTRIAL E COMERCIAL LTDA;omie:2026/00200;ligacao;2026-08-18 09:55;concluída;comercial;Touch — Entrei em contato com o Christian falando sobre o projeto SST e verificando a possibilidade de agendar uma reunião de apresentação.
tarefa:hb47d44bf3b;nova;M&G TECH INSTALACOES LTDA;omie:2026/00135;ligacao;2026-08-18 10:00;concluída;comercial;Touch — Retomar o contato para reagendamento --- REALIZADO: passei algumas sugestões de data, mas ele não me deu um retorno.
tarefa:linha-45;já em produção;TRIWATT TECNOLOGIA ELETRICA LTDA;omie:2026/00154;ligacao;2026-08-18 10:00;concluída;bruno.goncalo;FUP — A FAZER: Entrar em contato via e-mail com a Juciane verificando quais são os 14 exames e quais os treinamentos normativos (NRs) que eles necessitam. Também verificar quais as regiões os colabora
tarefa:h0c2f6f5ff6;nova;L DAS NEVES BONIFACIO MONTAGEM INDUSTRIAL;omie:2026/00203;ligacao;2026-08-18 10:06;concluída;comercial;Touch — Entrei em contato com Leilson falando sobre o projeto SST e verificando a possibilidade de agendar uma reunião de apresentação.
tarefa:h4c65151a8f;nova;ELETROTHERMO COMERCIO E INDUSTRIA LTDA;omie:2026/00206;ligacao;2026-08-18 10:21;concluída;comercial;Touch — Entrei em contato com o Ricardo falando sobre o projeto SST e verificando a possibilidade de agendar uma reunião de apresentação.
tarefa:h701ceb289d;nova;30.932.803 KARLA DA COSTA PINHEIRO PUPO;omie:2026/00207;ligacao;2026-08-18 10:28;concluída;gabriel.lira;Touch — Tentei contato via whatsapp (cliente Bruno Omie)
tarefa:h18d711eb04;nova;DAVIMA COMERCIAL E IMPORTADORA LTDA;omie:2026/00212;ligacao;2026-08-18 10:58;concluída;gabriel.lira;Touch — Tentei contato via whatsapp (cliente Bruno Omie)
tarefa:h0254e15996;nova;ULTRA SOLARES SERVICOS DE ENGENHARIA ELETRICA LTDA;omie:2026/00160;reuniao;2026-08-18 11:00;concluída;bruno.goncalo;Reunião — Reunião online agendada para o dia 18/08 ás 16h00. --- Reunião realizada com a Natalia Guimaraes, possuem 2 colaboradores CLT. Atualmente eles fazem contratações de forma esporádica/avulsa q
tarefa:h7e8896357e;nova;SANTO BROTO LTDA;omie:2026/00217;ligacao;2026-08-18 11:14;concluída;gabriel.lira;Touch — Tentei contato via whatsapp (cliente Bruno Omie)
tarefa:hc3639f5642;nova;ARMAZEM BOA NOVA LTDA;omie:2026/00218;ligacao;2026-08-18 11:30;concluída;gabriel.lira;Touch — Tentei contato via whatsapp (cliente Bruno Omie)
tarefa:h469ecfb37b;nova;KENIA CARLA DOTTI OLIVEIRA;omie:2026/00220;outro;2026-08-18 11:37;concluída;gabriel.lira;Não Informado — Tentei contato via whatsapp (cliente Bruno Omie)
tarefa:hb79e5bb90c;nova;AMARELINHOS BAR BELA VISTA LTDA;omie:2026/00149;reuniao;2026-08-18 14:00;concluída;bruno.goncalo;Reunião — Reunião agendada para o dia 18/08/2026 ás 14h00. --- Reunião realizada com a Katharynne Santos e Marcelo Dick Por que os decisores não puderam participar? Os decisores (o proprietário majori
tarefa:linha-42;já em produção;Neoex;omie:2026/00137;ligacao;2026-08-18 14:20;concluída;jakeline.santana;FUP — ver se o flavio falou quantos funcionários e qual proposta a Karine passou, falar com o well sobre a oportunidade. tentei contato sem sucesso.
tarefa:linha-47;já em produção;SUPER COLLOR FABRICACAO DE MATERIAIS PLASTICOS LTDA;omie:2026/00159;ligacao;2026-08-18 14:54;concluída;bruno.goncalo;FUP — A FAZER: Enviar proposta comercial para Jakeline --- REALIZADO: Proposta comercial enviada via whats
tarefa:h9d29b05c4a;nova;IFOLLOW DESENVOLVIMENTO E LICENCIAMENTO DE SOFTWARE LTDA;omie:2026/00229;ligacao;2026-08-18 15:43;concluída;comercial;Touch — Entrei em contato com o Marcus falando sobre o projeto SST e verificando a possibilidade de agendar uma reunião de apresentação.
tarefa:hfa70d0dff9;nova;DIAMOND COMERCIO DE PECAS E FERRAGENS LTDA.;omie:2026/00231;ligacao;2026-08-18 15:46;concluída;comercial;Touch — Entrei em contato com o Vagner falando sobre o projeto SST e verificando a possibilidade de agendar uma reunião de apresentação.
tarefa:linha-40;já em produção;LIFE RECURSOS HUMANOS LTDA;omie:linha-107;ligacao;2026-08-18 16:00;concluída;jakeline.santana;FUP — A fazer - retomaar o contato com a Ariane, verificar se ela conseguiu apresentar a proposta para a diretoria e se ficou alguma dúvida sobre a prooposta. Feito - Em contato com a ariane a mesma i
tarefa:linha-46;já em produção;YELLOW IMOVEIS LTDA;omie:2026/00158;ligacao;2026-08-18 16:17;concluída;jakeline.santana;FUP — A fazer - Entrar em contato e verificar se a Andressa conseguiu aanalisar a proposta. feito - Informou que vão fechar, estão com problemas no email mas amanhã iram enviar a proposta assinada.
tarefa:hf8b60fe4a7;nova;ALLOS S.A.;omie:2026/00182;ligacao;2026-08-18 16:47;concluída;gabriel.lira;Touch — Verificar com Gabriel se faz sentido a reunião com o time do RH. ------------------------------------------------------------------------------------------------------------------------- Não c
tarefa:h087f990cb3;nova;PETRA TECNICA COMERCIAL DE PIGMENTOS LTDA;omie:2026/00237;ligacao;2026-08-18 17:25;concluída;comercial;Touch — Entrei em contato com falando sobre o projeto SST e verificando a possibilidade de agendar uma reunião de apresentação.
tarefa:linha-53;já em produção;ULTRA SOLARES SERVICOS DE ENGENHARIA ELETRICA LTDA;omie:2026/00160;ligacao;2026-08-19 08:21;concluída;bruno.goncalo;FUP — A FAZER: Verificar com o Marcelo os valores e condições aplicadas anteriormente para emissão do PCMSO para Natalia e também quando ficaria para realizar renovação do laudo PCMSO / Exames clínico
tarefa:h262eda6625;nova;ANA GAMING BRASIL SA;omie:2026/00173;reuniao;2026-08-19 09:00;concluída;jakeline.santana;Reunião — Reunião online agendada para o dia 19/08 ás 09h00. A reunião contou com a participação de Jakeline Santana e Thiago José Moreira. Thiago informou que a empresa possui aproximadamente 600 fun
tarefa:h99eb23dc6b;nova;MONTI FER II COMERCIO E SERVICOS LTDA;omie:2026/00240;ligacao;2026-08-19 09:10;concluída;comercial;Touch — 17/08 - Entrei em contato falando sobre o projeto SST e verificando a possibilidade de agendar uma reunião de apresentação. A FAZER: Verificar se deu um retorno referente ao agendamento da reu
tarefa:hb991ae4b09;nova;JOMIL;omie:linha-96;ligacao;2026-08-19 09:23;concluída;gabriel.lira;Touch — Falei com Jamilton, ele informou que João estará na empresa na parte da tarde.
tarefa:h555f93797c;nova;AIPO ENGENHARIA LTDA;omie:2026/00244;ligacao;2026-08-19 09:45;concluída;comercial;Touch — 17/08 - Entrei em contato falando sobre o projeto SST e verificando a possibilidade de agendar uma reunião de apresentação. A FAZER: Verificar se deu um retorno referente ao agendamento da reu
tarefa:h7a7d0daaee;nova;ANEK RESISTENCIAS ELETRICAS LTDA;omie:2026/00245;ligacao;2026-08-19 09:48;concluída;comercial;Touch — 17/08 - Entrei em contato falando sobre o projeto SST e verificando a possibilidade de agendar uma reunião de apresentação. A FAZER: Verificar se deu um retorno referente ao agendamento da reu
tarefa:h6713936f7d;nova;EBE ORGANIZACAO INTEGRADA LTDA;omie:2026/00131;outro;2026-08-19 10:00;concluída;comercial;Não Informado — A FAZER: Cobrar a Karina 11 97133-4493 um retorno referente ao agendamento da reunião de apresentação. ---- REALIZADO: Liguei para a Karina e ela informou que não vai mexer nisso agora
tarefa:linha-51;já em produção;PRESTOSERV DESMONTES CONTROLADOS S.A.;omie:2026/00152;ligacao;2026-08-19 10:00;concluída;jakeline.santana;FUP — A fazer - Retomar o contato com o Gustavo, verificar se ficou alguma dúvida sobre a proposta e se podemos prosseguir. feito - tentei contato sem sucesso.
tarefa:hf3cc31277c;nova;PIZZARIA E PASTELARIA CASTELO AZUL LTDA;omie:2026/00246;ligacao;2026-08-19 10:14;concluída;gabriel.lira;Touch — Agendamento realizado com Alexandre. Ele possui 3 CNPJs e 50 funcionários divididos entre os 3 (2 / 3 / 45) e possui o atendimento de uma empresa para realizar os treinamentos de NRs e uma emp
tarefa:hd617aeca24;nova;MEDICINA RMF SERVICOS MEDICOS LTDA.;omie:2026/00156;reuniao;2026-08-19 11:00;concluída;bruno.goncalo;Reunião — Reunião online agendada para dia 19/08 ás 11h00 --- Reunião realizada com a Nádia Medeiros e com a Yona Toledo. Possuem 15 colaboradores CLT e 1 uma colaboradora estagiária. Possuem uma fili
tarefa:linha-52;já em produção;YELLOW IMOVEIS LTDA;omie:2026/00158;ligacao;2026-08-19 11:30;concluída;jakeline.santana;FUP — A fazer - Verificar se a Andressa conseguiu acessar o email e assinar a proposta. Feito - Em contato com a Andressa a mesma informou que estão aguardando retorno do antigo prestador (neoformar) 
tarefa:h50726362ea;nova;ALLOS S.A.;omie:2026/00182;ligacao;2026-08-19 11:30;concluída;gabriel.lira;Touch — Em contato com Gabriel, ele pediu para eu conversar com Daniel sobre o assunto, pois ele cuida mais do financeiro da Karg e o Daniel de forma geral da ALLOS.
tarefa:linha-50;já em produção;POWER FIELD SOLUCOES ELETRICAS LTDA;omie:2026/00147;ligacao;2026-08-19 13:25;concluída;bruno.goncalo;FUP — A FAZER: Entrar em contato com o Renato, verificar se ficou alguma dúvida sobre nossa proposta comercial e confirmar se sua previsão permanece apenas para Janeiro de 2027. --- REALIZADO: Ligação
tarefa:linha-48;já em produção;EMILIA BEM CASADOS COM DE DOCES LTDA;omie:linha-57;ligacao;2026-08-19 14:00;concluída;jakeline.santana;FUP — A fazer - Retomar o contato, verificar se eles analisaram a proposta e se ainda tem interesse em prosseguir conosco. Tentei contato via ligação e wpp sem sucesso.
tarefa:linha-49;já em produção;ALFA PET;omie:2026/00134;ligacao;2026-08-19 14:00;concluída;jakeline.santana;FUP — Retomar o contato com o Mike, verificar se ele onsegue enviar o PDF para elaborarmos uma proposta. Feito - Tentie contato via ligação foi direto para a caixa postal, enviei whats mas nao tive re
tarefa:h1c4e5f367f;nova;TRAVELUX COMERCIO DE ARTIGOS PARA VIAGEM LTDA.;omie:2026/00248;ligacao;2026-08-19 15:00;concluída;gabriel.lira;Touch — AGENDADO
tarefa:hfd2fcfb85d;nova;HEMF AMBIENTES CORPORATIVOS LTDA;omie:2026/00247;ligacao;2026-08-19 15:36;concluída;gabriel.lira;Touch — Agendado com Kátia
tarefa:h3bc4ffd0e1;nova;RECANORTE PAVIMENTACAO E CONSTRUCAO LTDA;omie:2026/00250;ligacao;2026-08-19 16:59;concluída;comercial;Touch — Em contato com a cliente ela informou que já possui um contrato ativo. Retomar o contato no futuro.
tarefa:he8493c29e8;nova;JURERE PADARIA E CAFE LTDA;omie:2026/00252;ligacao;2026-08-19 17:45;concluída;gabriel.lira;Touch — AGENDADO
tarefa:h8dabcbe755;nova;BERTHOLDI LAVANDERIA LTDA;omie:2026/00190;ligacao;2026-08-20 09:01;concluída;comercial;Touch — A FAZER: Verificar se a Priscila deu um retorno referente ao agendamento da reunião. --- REALIZADO: A Priscila não faz mais parte da equipe, ela me passou o contato da Franciele 73 3288-5051. 
tarefa:hda43e41dfc;nova;PRIME FULL PET FOODS IMP E EXP LTDA;omie:2026/00253;ligacao;2026-08-20 09:04;concluída;gabriel.lira;Touch — AGENDADO
tarefa:h7eb189c1f3;nova;CONNECT DIGITAL SERVICOS ADMINISTRATIVOS LTDA;omie:2026/00191;ligacao;2026-08-20 09:07;concluída;comercial;Touch — A FAZER: Verificar se o Carlos deu um retorno referente ao agendamento da reunião. --- REALIZADO: tentei contato com o Carlos, mas sigo sem retorno. Tentar novamente na semana que vem.
tarefa:h2ed29ad4fd;nova;B.B.A COMEX: RJ 01;omie:2026/00009;ligacao;2026-08-20 09:11;concluída;comercial;Touch — A FAZER: Verificar se o Rubens deu um retorno referente ao agendamento da reunião. --- REALIZADO: Tentei contato com a Carla, mas sigo sem retorno. Tentar novamente na semana que vem.
tarefa:hc6c98e4c5a;nova;GPAM TRANSPORTES & LOGISTICA LTDA;omie:2026/00192;ligacao;2026-08-20 09:18;concluída;comercial;Touch — A FAZER: Verificar se a Carla (11 94059-4876) deu um retorno referente ao agendamento da reunião. --- REALIZADO: Tentei contato com a Carla, mas sigo sem retorno. Tentar novamente na semana qu
tarefa:linha-58;já em produção;EXTERNATO DE EDUCACAO INFANTIL SANTA RITA LTDA;omie:2026/00148;ligacao;2026-08-20 09:30;concluída;jakeline.santana;FUP — Retomar o contato com a Hadarssa, verificar se ela analisou a proposta e se ficou alguma dúvida. LIGAR. Feito - Tentei contato via ligação sem sucesso, pedi ajuda do bruno ev
tarefa:hc240de113a;nova;BECKER CONSULTORIA E COMERCIO LTDA;omie:2026/00274;ligacao;2026-08-20 09:31;concluída;gabriel.lira;Touch — Falei com Ricardo e ele tem interesse em realizar a reunião, mas somente terá uma ideia de data e horário na próxima semana.
tarefa:hd1a4f5568f;nova;SAPPORO INDUSTRIA COMERCIO E DISTRIBUICAO DE ALIMENTOS LTDA.;omie:2026/00194;ligacao;2026-08-20 09:36;concluída;comercial;Touch — A FAZER: Verificar se Evandro deu um retorno referente ao agendamento da reunião. --- REALIZADO: Tentei contato com o cliente, mas sigo sem retorno. Tentar novamente na semana que vem.
tarefa:linha-60;já em produção;ESTEIO ENGENHARIA E FUNDACOES LTDA;omie:2026/00150;ligacao;2026-08-20 09:38;concluída;jakeline.santana;FUP — A fazer - Retomar o contato com a Valéria, verificar se ela analisou a proposta e se podemos prosseguir com a negociação. Feito - Tentei contato, aguardando retorno no whats
tarefa:h4e6c372073;nova;LIGA PRODUTOS PARA SORVETES;omie:2026/00028;ligacao;2026-08-20 09:39;concluída;comercial;Touch — A FAZER: Verificar se a Debora deu um retorno referente ao agendamento da reunião. --- REALIZADO: A Debora me passou o contato da Erica (RH). Tentei contato mas sem sucesso.
tarefa:h205b17841b;nova;PROVIVI DO BRASIL SERVICOS AGRICOLAS LTDA;omie:2026/00198;ligacao;2026-08-20 09:46;concluída;gabriel.lira;Touch — Não consegui falar com o cliente.
tarefa:h9dd8076ce5;nova;ZETTI QUIMICA COMERCIAL EIRELI;omie:2026/00199;ligacao;2026-08-20 09:53;concluída;comercial;Touch — A FAZER: Verificar se a Elisangela deu um retorno referente ao agendamento da reunião. --- REALIZADO: Tentei contato com a cliente, mas sigo sem retorno. Tentar novamente na semana que vem.
tarefa:h53eb2c76ec;nova;DIAS METALS INDUSTRIAL E COMERCIAL LTDA;omie:2026/00200;ligacao;2026-08-20 09:56;concluída;comercial;Touch — A FAZER: Verificar se o Christian deu um retorno referente ao agendamento da reunião. --- REALIZADO: Tentei contato com o cliente, mas sigo sem retorno. Tentar novamente na semana que vem.
tarefa:h8b6fe4c166;nova;MONTI FER II COMERCIO E SERVICOS LTDA;omie:2026/00240;reuniao;2026-08-20 10:00;concluída;jakeline.santana;Reunião — Reunião online agendada para o dia 20/08 ás 10h00. Feito - A reunião contou com a participação de Jakeline Santana e Raquel Monteiro. A empresa possui atualmente 14 funcionários, em um único
tarefa:heb1464fd3b;nova;L DAS NEVES BONIFACIO MONTAGEM INDUSTRIAL;omie:2026/00203;ligacao;2026-08-20 10:06;concluída;comercial;Touch — A FAZER: Verificar se Leilson deu um retorno referente ao agendamento da reunião. --- REALIZADO: Leilson me passou o contato do Lailton. Tentei contato, mas sigo sem retorno.
tarefa:h276e6d63af;nova;TRIWATT TECNOLOGIA ELETRICA LTDA;omie:2026/00154;ligacao;2026-08-20 10:20;concluída;bruno.goncalo;Touch — Cliente agendando pelo Gabriel Lira, já foi criada outra oportunidade. Encerrando essa oportunidade.
tarefa:he8dd60cd3b;nova;ELETROTHERMO COMERCIO E INDUSTRIA LTDA;omie:2026/00206;ligacao;2026-08-20 10:23;concluída;comercial;Touch — A FAZER: Verificar se o Ricardo deu um retorno referente ao agendamento da reunião. --- REALIZADO: A Karine me pediu para enviar uma apresentação por e-mail, enviado.
tarefa:hda5ec07531;nova;30.932.803 KARLA DA COSTA PINHEIRO PUPO;omie:2026/00207;ligacao;2026-08-20 10:28;concluída;gabriel.lira;Touch — Não consegui falar com o cliente.
tarefa:h71cc70dce6;nova;961 IMPORTACOES DE VARIEDADES LTDA;omie:2026/00275;ligacao;2026-08-20 10:28;concluída;gabriel.lira;Touch — Falei com Hussein e ele disse que estava fora do Brasil, pediu para retornar o contato em setembro
tarefa:h33a54ab47b;nova;EDLEI TECNOLOGIA E SOLUCOES EM PORTAS LTDA;omie:2026/00276;ligacao;2026-08-20 10:43;concluída;gabriel.lira;Touch — Falei com Alexandre que é o dono e ele disse que o responsável pelo RH estaria de férias até o fim dessa semana.
tarefa:linha-54;já em produção;Pessoa Física;omie:linha-282;ligacao;2026-08-20 10:44;concluída;comercial;FUP — A FAZER: Ligar novamente para o Fernando para tentar agendamento de uma reunião sobre SST --- REALIZADO: Tentei contato com a cliente, mas sem retorno. Tentar novamente na semana que vem.
tarefa:h8e2cceb797;nova;PEREIRA MONTENEGRO ASSESSORIA EMPRESARIAL LTDA;omie:2026/00254;ligacao;2026-08-20 10:50;concluída;comercial;Touch — Em contato com a cliente a reunião foi agendada para dia 20/08/2026 ás 11h00.
tarefa:h6daa43fb57;nova;GARDEN INDUSTRIA E COMERCIO DE COSMETICOS LTDA;omie:2026/00130;ligacao;2026-08-20 10:55;concluída;comercial;Touch — A FAZER: Entrar em contato com a Karen para lhe solicitar o contato da pessoa responsável pela gestão da parte de Saúde e Segurança do Trabalho para realizarmos uma reunião. Já solicitei o con
tarefa:hdcce7b0d9e;nova;PEREIRA MONTENEGRO ASSESSORIA EMPRESARIAL LTDA;omie:2026/00254;reuniao;2026-08-20 11:00;concluída;bruno.goncalo;Reunião — Reunião online agendada para dia 20/08/2026 ás 11h00. --- Reunião realizada com ao Ruth. Operação possui 3 colaboradores no momento. Utiliza apenas uma clínica pontual / avulsa que presta os
tarefa:h8b4cab942d;nova;ARMAZEM BOA NOVA LTDA;omie:2026/00218;ligacao;2026-08-20 11:31;concluída;gabriel.lira;Touch — Não consegui falar com o cliente.
tarefa:he2ec4bf35e;nova;MEDICINA RMF SERVICOS MEDICOS LTDA.;omie:2026/00156;proposta;2026-08-20 11:51;concluída;bruno.goncalo;Proposta — A FAZER: Enviar proposta comercial via whats. --- REALIZADO: Proposta comercial enviada via whats.
tarefa:hf772511823;nova;FERRO E FORCA INDUSTRIA E COMERCIO DE EQUIPAMENTOS FITNESS LTDA;omie:2026/00256;ligacao;2026-08-20 13:38;concluída;comercial;Touch — Entrei em contato com a cliente verificando a possibilidade de agendar uma reunião de apresentação.
tarefa:h897d13f34e;nova;ALPHACENTRO OPERADOR LOGISTICO LTDA;omie:2026/00257;ligacao;2026-08-20 13:44;concluída;gabriel.lira;Touch — AGENDADO
tarefa:h4c7ddd3576;nova;CIS TREINAMENTO EM DESENVOLVIMENTO PROFISSIONAL E GERENCIAL LTDA;omie:2026/00255;ligacao;2026-08-20 13:46;concluída;comercial;Touch — Entrei em contato com a cliente verificando a possibilidade de agendar uma reunião de apresentação. a Jessica me informou que verificar uma data com a coordenadora dela e me daria um retorno.
tarefa:linha-56;já em produção;Neoex;omie:2026/00137;ligacao;2026-08-20 14:08;concluída;jakeline.santana;FUP — ver se o Flavio falou quantos funcionários e qual proposta a Karine passou, falar com o well sobre a oportunidade. Feito - tentei contato sem sucesso.
tarefa:h120afc15bb;nova;PEREIRA MONTENEGRO ASSESSORIA EMPRESARIAL LTDA;omie:2026/00254;proposta;2026-08-20 14:10;concluída;bruno.goncalo;Proposta — PROPOSTA COMERCIAL
tarefa:had04a862ef;nova;DI VENETO ALIMENTOS LTDA;omie:2026/00129;ligacao;2026-08-20 15:00;concluída;comercial;Touch — A FAZER: Entrar em contato com a Cristhiane e verificar a possibilidade de agendar uma reunião de apresentação. --- REALIZADO: Tentei contato com a cliente, mas sigo sem retorno. Tentar novame
tarefa:linha-59;já em produção;AMARELINHOS BAR BELA VISTA LTDA;omie:2026/00149;ligacao;2026-08-20 15:12;concluída;bruno.goncalo;FUP — A FAZER: Retomar contato com Katharynne verificando se os decisores lhe deram algum retorno sobre o projeto de SST --- REALIZADO: Contato realizado com a Katharynne via whats: [15:36, 20/08/2026
tarefa:he7f03a2b64;nova;TRIWATT TECNOLOGIA ELETRICA LTDA;omie:2026/00154;email;2026-08-20 15:13;aberta;bruno.goncalo;e-mail — RES: Controller | Informações para Elaboração da Proposta Comercial de SST
tarefa:h8623187771;nova;ULTRA SOLARES SERVICOS DE ENGENHARIA ELETRICA LTDA;omie:2026/00160;proposta;2026-08-20 15:30;concluída;bruno.goncalo;Proposta — PROPOSTA COMERCIAL
tarefa:ha961bc633b;nova;PRADOM DISTRIBUIDORA;omie:2026/00055;outro;2026-08-20 15:45;aberta;wellington.souza;Não Informado — Contato Inicial, abordagem discreta e utilizando referencias da Unidade Guarulhos da Omie e Vendedor
tarefa:h0bb7eb1e9e;nova;PIZZARIA E PASTELARIA CASTELO AZUL LTDA;omie:2026/00246;reuniao;2026-08-20 16:00;concluída;jakeline.santana;Reunião — REUNIÃO AGENDADA PARA O DIA 20/08/2026M 16:00 noshow cliente informou que estava em uma reunião e não iria conseguir participar, ofertei um horário mais tarde mas ele não respondeu.
tarefa:hcdf969f8f9;nova;INTECCON COMERCIO DE INSTRUMENTACAO AMBIENTAL LTDA;omie:2026/00259;ligacao;2026-08-20 16:06;concluída;gabriel.lira;Touch — AGENDADO
tarefa:h62b1610e78;nova;STAR HOCKEY COMERCIO VAREJISTA DE MESAS DE JOGOS LTDA;omie:2026/00260;ligacao;2026-08-20 16:32;concluída;gabriel.lira;Touch — AGENDADO
tarefa:h4128a0c7a3;nova;ALGE METALURGICA LTDA;omie:2026/00262;ligacao;2026-08-20 17:04;concluída;comercial;Touch — Em contato com o Fernando, ele informou que acabou de fechar um contrato com outra clínica. Me pediu para retomar o contato futuramente.
tarefa:hde941565eb;nova;PIZZARIA E PASTELARIA CASTELO AZUL LTDA;omie:2026/00246;ligacao;2026-08-21 08:00;concluída;gabriel.lira;Touch — REAGENDADO
tarefa:h1283035fcc;nova;TRAVELUX COMERCIO DE ARTIGOS PARA VIAGEM LTDA.;omie:2026/00248;outro;2026-08-21 09:00;concluída;bruno.goncalo;Noshow — Reunião de apresentação do projeto de SST dia 21/08 às 09:00 --- NOSHOW Lead teve imprevisto e o expediente de sexta deles encerra às 12:00 solicitou para reagendarmos para segunda-feira.
tarefa:h7ca8be7f75;nova;ADVENTURE BR DESIGN E PROJETOS DE LOCACOES LTDA;omie:2026/00264;ligacao;2026-08-21 09:06;concluída;gabriel.lira;Touch — AGENDADO
tarefa:hcebd3b7177;nova;SORIXA SERVICOS DE SOFTWARE LTDA;omie:2026/00265;ligacao;2026-08-21 09:58;concluída;gabriel.lira;Touch — Falei com Virgínia e ela disse que este mês está com foco em outro assunto na empresa, pediu para eu retornar o contato em setembro.
tarefa:hc119bc9485;nova;DIVERBRAS INDUSTRIA E COMERCIO LTDA;omie:2026/00145;ligacao;2026-08-21 10:00;concluída;comercial;Touch — A Barbara passou o contato do RH (Rosa ou Viviane (11) 2672-6000). Em contato telefônico a Iasmin me informou que elas estavam em reunião. A FAZER: Tentar contato novamente. --- REALIZADO: Atr
tarefa:hd88e966585;nova;PRIME FULL PET FOODS IMP E EXP LTDA;omie:2026/00253;reuniao;2026-08-21 10:00;concluída;jakeline.santana;Reunião — 21/08 às 10:00 feito A reunião contou com a participação de Alini Carpejani e Jakeline Santana. A empresa possui atualmente aproximadamente 30 funcionários registrados. Alini informou que já
tarefa:linha-65;já em produção;TRIWATT TECNOLOGIA ELETRICA LTDA;omie:2026/00154;ligacao;2026-08-21 10:05;concluída;bruno.goncalo;FUP — A FAZER: Verificar se a Juciane respondeu o e-mail e em caso de negativa ligar para o Edmar solicitando as informações. --- REALIZADO: A Juciane enviou o e-mail com os detalhes encaminhamos o me
tarefa:hbe8f1a9010;nova;HEMF AMBIENTES CORPORATIVOS LTDA;omie:2026/00247;outro;2026-08-21 10:30;concluída;jakeline.santana;Noshow — NOSHOW Cliente teve um imprevisto, reagendado para segunda.
tarefa:hb89a5ada4b;nova;TRAVELUX COMERCIO DE ARTIGOS PARA VIAGEM LTDA.;omie:2026/00248;ligacao;2026-08-21 10:30;concluída;gabriel.lira;Touch — REAGENDADO
tarefa:h64949ea0f9;nova;STAR HOCKEY COMERCIO VAREJISTA DE MESAS DE JOGOS LTDA;omie:2026/00260;outro;2026-08-21 11:00;concluída;bruno.goncalo;Noshow — STAR HOCKEY COMERCIO VAREJISTA DE MESAS DE JOGOS LTDA 20.550.640/0001-82 | Apresentação Controller MedSeg --- NOSHOW Tentei contato com a Fernanda via whats, mas ela não deu retorno, liguei p
tarefa:h15ba346851;nova;PRIME FULL PET FOODS IMP E EXP LTDA;omie:2026/00253;ligacao;2026-08-21 11:30;concluída;gabriel.lira;Touch — AGENDADO PARA NOVA REUNIÃO COM O TIME DO RH
tarefa:hfe1c2aa51d;nova;ALLOS S.A.;omie:2026/00182;ligacao;2026-08-21 11:31;concluída;gabriel.lira;Touch — Em contato com Daniel, ele informou que vai verificar internamente que é o responsável pelo RH voltado a parte de SST.
tarefa:linha-66;já em produção;YELLOW IMOVEIS LTDA;omie:2026/00158;ligacao;2026-08-21 13:29;concluída;jakeline.santana;FUP — A fazer - Verificar com a Andressa se ela conseguiu fazer o cancelamento com a Neoformar, caso ainda não tenha visto, pressionar alegando que para começarmos no mes que vem precisamos dar andame
tarefa:hb7ca551ecc;nova;PRIME FULL PET FOODS IMP E EXP LTDA;omie:2026/00253;outro;2026-08-21 14:00;concluída;jakeline.santana;Noshow — noshow Cliente informou que não vai conseguir realizar a reunião na parte da tarde, pediu para reagendar para terça às 15h
tarefa:h35ee5799cf;nova;EDUC EMPREENDIMENTOS EDUCACIONAIS LTDA;omie:2026/00267;ligacao;2026-08-21 14:16;concluída;gabriel.lira;Touch — Em contato com Ana Paula, ela informou que não pretendem fazer alterações para a empresa nesse tipo de atendimento no meio do ano, somente em janeiro. Pediu para eu retornar o contato em janei
tarefa:h5d40408663;nova;INTECCON COMERCIO DE INSTRUMENTACAO AMBIENTAL LTDA;omie:2026/00259;reuniao;2026-08-21 14:30;concluída;jakeline.santana;Reunião — INTECCON COMERCIO DE INSTRUMENTACAO AMBIENTAL LTDA 26.342.569/0001-29 | Apresentação Controller MedSeg 21/08 às 14:30 ONLINE Contato: Ivan Souza Cel: 11 98574-1580 Email: ivan@inteccon.com.b
tarefa:linha-67;já em produção;SUPER COLLOR FABRICACAO DE MATERIAIS PLASTICOS LTDA;omie:2026/00159;ligacao;2026-08-21 14:56;concluída;bruno.goncalo;FUP — A FAZER: Retomar contato com a Jakeline, verificando se nossa proposta faz sentido para sua operação. --- REALIZADO: Em contato com a Jakeline a mesma informou que nossa proposta faz sentido, ap
tarefa:h93641686bd;nova;OPA COMERCIO LTDA;omie:2026/00177;reuniao;2026-08-21 15:00;concluída;jakeline.santana;Reunião — Reunião online agendada para o dia 21/08 ás 15h00 A reunião entre Jakeline Santana e Maria (Fiscal Tomate) serviu para a Jakeline apresentar seu novo projeto na Controller Medicina e Seguran
tarefa:h6cad4f4790;nova;JURERE PADARIA E CAFE LTDA;omie:2026/00252;outro;2026-08-21 15:00;concluída;bruno.goncalo;Noshow — 21/08 às 15:00 --- NOSHOW Em contato com a Nilva a mesma disse que teve um imprevisto e solicitou para reagendarmos para segunda no mesmo horário
tarefa:h028c287453;nova;JURERE PADARIA E CAFE LTDA;omie:2026/00252;ligacao;2026-08-21 15:18;concluída;gabriel.lira;Touch — REAGENDADO
tarefa:hee51f8ffd3;nova;PRIME FULL PET FOODS IMP E EXP LTDA;omie:2026/00253;ligacao;2026-08-21 15:29;concluída;gabriel.lira;Touch — Reagendado para terça
tarefa:linha-63;já em produção;LIFE RECURSOS HUMANOS LTDA;omie:linha-107;ligacao;2026-08-21 15:30;concluída;jakeline.santana;FUP — A fazer - retomar o contato com a Ariane, verificar se ela analisou a proposta e se podemos prosseguir com a negociação. Feito - Marcelo entrou em contato com a Ariane, a mesma informou que a pr
tarefa:linha-62;já em produção;EMILIA BEM CASADOS COM DE DOCES LTDA;omie:linha-57;ligacao;2026-08-21 15:40;concluída;jakeline.santana;FUP — A fazer - tentar contato via ligaçao e wpp inclusive de outros números. Feito - em contato com o Joao o mesmo informou que passou o orçamento para os responsáveis e esta aguardando o retorno.
tarefa:linha-68;já em produção;INTECCON COMERCIO DE INSTRUMENTACAO AMBIENTAL LTDA;omie:2026/00259;ligacao;2026-08-21 16:30;concluída;jakeline.santana;FUP — proposta comercial enviada 180,00
tarefa:h97d751a302;nova;JOY TUBOS COMERCIAL LTDA;omie:2026/00268;ligacao;2026-08-21 16:42;concluída;gabriel.lira;Touch — Em contato com a Haydee, ela me passou o número da Onilda que seria a responsável pelo RH, porém ela vai retomar na próxima semana.
tarefa:h8d86dbff33;nova;INTERMODAL BRASIL LOGISTICA S.A.;omie:2026/00269;ligacao;2026-08-21 16:56;concluída;gabriel.lira;Touch — Marcelo me passou esse lead e informou que já atendemos eles no passado, mas por conta de algumas questões no atendimento e até no que atendíamos de treinamentos/exames, o cliente não quis ren
tarefa:linha-76;já em produção;MONTI FER II COMERCIO E SERVICOS LTDA;omie:2026/00240;ligacao;2026-08-24 08:00;concluída;jakeline.santana;FUP — Retomar o contato, verificar se a Eduarda do RH mandou as informações das NRs para elaborar a proposta. Proposta enviada: 40,00 por vida
tarefa:h8d42578834;nova;M&G TECH INSTALACOES LTDA;omie:2026/00135;outro;2026-08-24 08:42;concluída;comercial;Não Informado — A FAZER: Cobrar um retorno referente ao reagendamento da reunião. --- REALIZADO: Reunião agendada para 28/08.
tarefa:linha-74;já em produção;ANA GAMING BRASIL SA;omie:2026/00173;ligacao;2026-08-24 08:45;concluída;jakeline.santana;FUP — A fazer - Retomar o contato com o Thiago, verificar se ele recebeu a apresentação e e podemos agendar uma segunda reunião com a coordenação do RH Tentei contato sem sucesso.
tarefa:linha-75;já em produção;OPA COMERCIO LTDA;omie:2026/00177;ligacao;2026-08-24 09:00;concluída;comercial;FUP — A fazer - entrar em contato com o Lucas RH 11 92144-4812 para marcar uma apresentação. --- REALIZADO: Reunião agendada com o Lucas para o dia 28/08 ás 14h30.
tarefa:h6dc5adda63;nova;TRAVELUX COMERCIO DE ARTIGOS PARA VIAGEM LTDA.;omie:2026/00248;reuniao;2026-08-24 09:00;concluída;bruno.goncalo;Reunião — Reunião de apresentação da solução de SST --- Reunião realizada com a Bianca Martins A empresa possui um total de 53 colaboradores distribuídos em 4 empresas. Atualmente são atendidos por du
tarefa:linha-69;já em produção;ALFA PET;omie:2026/00134;ligacao;2026-08-24 09:30;concluída;jakeline.santana;FUP — A fazer- Retomar o contato com o Mike, verificar se ele onsegue enviar o PDF para elaborarmos uma proposta. (Se não tiver sucesso falar com o well) Tentei contato via ligação e foi direto para c
tarefa:h4a65b9350b;nova;AIPO ENGENHARIA LTDA;omie:2026/00244;ligacao;2026-08-24 09:45;concluída;comercial;Touch — A FAZER: Tentar contato novamente e verificar a possibilidade de agendar uma reunião de apresentação. --- REALIZADO: Letticia informou que irá verificar uma data e me dar um retorno.
tarefa:h033132a88a;nova;ANEK RESISTENCIAS ELETRICAS LTDA;omie:2026/00245;ligacao;2026-08-24 09:49;concluída;comercial;Touch — A FAZER: Tentar contato novamente e verificar a possibilidade de agendar uma reunião de apresentação. --- REALIZADO: Sem sucesso, tentar novamente
tarefa:h29e2a5c55e;nova;GADE SOLUCOES LOGISTICAS & COMERCIAIS LTDA;omie:2026/00140;outro;2026-08-24 10:00;concluída;comercial;Não Informado — A FAZER: retomar o contato com a Caroline para reagendamento. ---- REALIZADO: Sem sucesso. tentar novamente.
tarefa:linha-72;já em produção;PRESTOSERV DESMONTES CONTROLADOS S.A.;omie:2026/00152;ligacao;2026-08-24 10:00;concluída;jakeline.santana;FUP — A fazer - Retomar o contato com o Gustavo, verificar se ficou alguma dúvida sobre a proposta e se podemos prosseguir. Tentei contato sem sucesso.
tarefa:hc848b67160;nova;IFOLLOW DESENVOLVIMENTO E LICENCIAMENTO DE SOFTWARE LTDA;omie:2026/00229;ligacao;2026-08-24 10:00;concluída;comercial;Touch — A FAZER: Verificar se o Marcus deu um retorno referente ao agendamento da reunião. ---- REALIZADO: Sem sucesso, tentar novamente.
tarefa:h6b33b88335;nova;DIAMOND COMERCIO DE PECAS E FERRAGENS LTDA.;omie:2026/00231;ligacao;2026-08-24 10:00;concluída;comercial;Touch — A FAZER: Verificar se o Vagner deu um retorno referente ao agendamento da reunião. --- REALIZADO: Sem sucesso, tentar novamente.
tarefa:h1df147e785;nova;ADVENTURE BR DESIGN E PROJETOS DE LOCACOES LTDA;omie:2026/00264;reuniao;2026-08-24 10:00;concluída;bruno.goncalo;Reunião — Adventure Br Desing e projetos de locação LTDA 41.029.827/0001-05 | Apresentação Controller MedSeg --- Reunião realizada com o Davi o mesmo disse que não é o decisor deste assunto, com isso 
tarefa:h25f7d2765c;nova;SINALPLAN INDUSTRIA E COMERCIO LTDA;omie:linha-296;ligacao;2026-08-24 10:30;concluída;comercial;Touch — A FAZER: Tentar contato com o Cesar e verificar a possibilidade de agendar uma reunião. --- REALIZADO: Sem sucesso, tentar novamente.
tarefa:hd7e72e9b2e;nova;CIS TREINAMENTO EM DESENVOLVIMENTO PROFISSIONAL E GERENCIAL LTDA;omie:2026/00255;ligacao;2026-08-24 10:30;concluída;comercial;Touch — A FAZER: Verificar se a Jessica já escolheu uma data para agendarmos a reunião. --- REALIZADO: Tentei contato com a Mayra e com a Jessica, mandei mensagem e liguei, mas sem sucesso. Tentar nov
tarefa:hce0a83d868;nova;FORT QUIMICA;omie:linha-67;ligacao;2026-08-24 11:00;concluída;comercial;Touch — A FAZER: Confirmar o recebimento do e-mail e verificar a possibilidade de agendar uma reunião de apresentação. --- REALIZADO: Sem sucesso. Tentar novamente.
tarefa:h0331b6963d;nova;TRAVELUX COMERCIO DE ARTIGOS PARA VIAGEM LTDA.;omie:2026/00248;proposta;2026-08-24 11:54;concluída;bruno.goncalo;Proposta — PROPOSTA COMERCIAL
tarefa:linha-73;já em produção;YELLOW IMOVEIS LTDA;omie:2026/00158;ligacao;2026-08-24 13:47;concluída;jakeline.santana;FUP — Em contato com a andressa a mesma informou que ainda está aguardando o cancelamento do contrato e que pretende fechar essa semana.
tarefa:hcd20d2d222;nova;BERTHOLDI LAVANDERIA LTDA;omie:2026/00190;ligacao;2026-08-24 13:49;concluída;comercial;Touch — A FAZER: Verificar se a Franciele deu um retorno referente ao agendamento da reunião. --- REALIZADO: Franciele me passou o contato do administrativo (73 3288-5051), que informaram que não poss
tarefa:linha-71;já em produção;AMARELINHOS BAR BELA VISTA LTDA;omie:2026/00149;ligacao;2026-08-24 13:50;concluída;bruno.goncalo;FUP — A FAZER: Verificar se a Katharynne deu algum retorno via whats e em caso de negativa ligar para ela e entender se possuem um retorno sobre o projeto de SST --- REALIZADO: CONTATO REALIZADO VIA W
tarefa:h0aaf41b1d4;nova;STAR HOCKEY COMERCIO VAREJISTA DE MESAS DE JOGOS LTDA;omie:2026/00260;ligacao;2026-08-24 13:55;concluída;gabriel.lira;Touch — Não consegui falar com Fernanda para reagendar uma nova data
tarefa:h105d934075;nova;OXTHER INDUSTRIA DE COSMETICOS LTDA;omie:2026/00127;outro;2026-08-24 13:58;concluída;jakeline.santana;Não Informado — A fazer - retomar o contato com a Laise, verificar se podemos dar andamento no fechamento do contrato. Feito - em contato com a Laise a mesma informou que o CNPJ ainda não saiu e pediu
tarefa:h3974bded96;nova;SEVILHA PECAS PARA TRATORES LTDA;omie:2026/00266;ligacao;2026-08-24 13:59;concluída;gabriel.lira;Touch — Em contato com Valdinei, ele pediu para retornar na primeira semana de setembro pois está de férias agora.
tarefa:he38483a3f0;nova;PIZZARIA E PASTELARIA CASTELO AZUL LTDA;omie:2026/00246;reuniao;2026-08-24 14:00;concluída;jakeline.santana;Reunião — PIZZARIA E PASTELARIA CASTELO AZUL LTDA 04.643.450/0001-53 | Apresentação Controller MedSeg SEG 24/08 às 14:00 ONLINE Contato: Alexandre Cel: 11 94035-2570 Email: casteloazulepp@gmail.com Co
tarefa:h0332de19a4;nova;HEMF AMBIENTES CORPORATIVOS LTDA;omie:2026/00247;reuniao;2026-08-24 14:30;concluída;jakeline.santana;Reunião — A reunião contou com a participação de Jakeline Santana e Kátia. A empresa possui dois CNPJs, sendo que um deles migrou recentemente para um novo fornecedor e o outro permanece com a empresa
tarefa:h828fd9773a;nova;VERTICAL PETROLEO LTDA;omie:2026/00175;ligacao;2026-08-24 15:00;concluída;comercial;Touch — A FAZER: Confirmar com o Rony o recebimento do e-mail e verificar a possibilidade de agendar uma reunião online de apresentação. ---- REALIZADO: o Rony informou que no momento estão priorizand
tarefa:h44934b1739;nova;JURERE PADARIA E CAFE LTDA;omie:2026/00252;reuniao;2026-08-24 15:00;concluída;bruno.goncalo;Reunião — JURERE PADARIA E CAFE 43.935.359/0001-63 | Apresentação Controller MedSeg --- Reunião realizada com a Nilva. Empresa com 25 vidas. Nilva mencionou atuar na consultoria de diferentes operaçõe
tarefa:h0c6a690b0e;nova;PETRA TECNICA COMERCIAL DE PIGMENTOS LTDA;omie:2026/00237;ligacao;2026-08-24 16:00;concluída;comercial;Touch — A FAZER: Verificar se deu um retorno referente ao agendamento da reunião. --- REALIZADO: Sem sucesso, tentar novamente.
tarefa:h7c71f5581c;nova;JOY TUBOS COMERCIAL LTDA;omie:2026/00268;ligacao;2026-08-24 16:44;concluída;gabriel.lira;Touch — Em contato com Onilda, ela disse que ainda está afastada e pediu para retornar o contato na primeira semana de setembro.
tarefa:h2feadd8f20;nova;JURERE PADARIA E CAFE LTDA;omie:2026/00252;proposta;2026-08-24 16:48;concluída;bruno.goncalo;Proposta — PROPOSTA COMERCIAL
tarefa:h321c39954c;nova;INTERMODAL BRASIL LOGISTICA S.A.;omie:2026/00269;ligacao;2026-08-24 16:59;concluída;gabriel.lira;Touch — Não consegui falar com Lucas
tarefa:hfc0f3b1428;nova;RANCHARIA TOUR LTDA;omie:2026/00270;ligacao;2026-08-24 17:21;concluída;gabriel.lira;Touch — Em contato com Anna, ela informou que está em alta temporada, pediu para retornar no próximo mês
tarefa:h63d21e07f9;nova;ITA CORRETORA DE SEGUROS LTDA;omie:2026/00271;ligacao;2026-08-24 17:41;concluída;gabriel.lira;Touch — Em contato com Aline para agendar uma reunião (ela é a responsável pelo RH).
tarefa:hefc1ae8b18;nova;SUPER SONIC TELECOM LTDA;omie:2026/00273;ligacao;2026-08-25 08:47;concluída;comercial;Touch — Entrei em contato com a Letícia (Gestora do RH) verificando a possibilidade de agendar uma reunião de apresentação, ela me passou o contato da Josy (Assistente de RH) 11 98011-6881. Chamei a J
tarefa:h88fc6a02ed;nova;NAIRO GILMAR DA SILVA THEOBALD LTDA;omie:2026/00272;ligacao;2026-08-25 08:53;concluída;comercial;Touch — Luana me chamou para agendarmos a reunião para a próxima semana, passei algumas opções de horários e estou aguardando o retorno.
tarefa:linha-78;já em produção;LIFE RECURSOS HUMANOS LTDA;omie:linha-107;ligacao;2026-08-25 09:00;concluída;jakeline.santana;FUP — A fazer - Retomar o contato com a Ariane, verificar como eles precisam que a proposta seja enviada. eu e o marcelo tentamos contato sem sucesso.
tarefa:linha-83;já em produção;ULTRA SOLARES SERVICOS DE ENGENHARIA ELETRICA LTDA;omie:2026/00160;ligacao;2026-08-25 09:40;concluída;bruno.goncalo;FUP — A FAZER: Retomar contato com a Natalia e verificar se ficou alguma dúvida sobre nossas propostas comercias e se faz sentido para ela prosseguirmos o projeto de SST no modelo de contato. --- REAL
tarefa:linha-80;já em produção;TRIWATT TECNOLOGIA ELETRICA LTDA;omie:2026/00154;ligacao;2026-08-25 10:26;concluída;bruno.goncalo;FUP — A FAZER: Verificar com o Marcelo (Controller) se conseguiu levantar as informações do e-mail enviando pela Juciane --- REALIZADO: Contato realizado com Marcelo via whats, onde ele mencionou que 
tarefa:linha-84;já em produção;HEMF AMBIENTES CORPORATIVOS LTDA;omie:2026/00247;ligacao;2026-08-25 10:31;concluída;jakeline.santana;FUP — A fazer - Enviar proposta Feito - Proposta enviada
tarefa:hbdba89b6db;nova;EDLEI TECNOLOGIA E SOLUCOES EM PORTAS LTDA;omie:2026/00276;ligacao;2026-08-25 10:44;concluída;gabriel.lira;Touch — Reunião agendada para amanhã, 14:30
tarefa:hb94240376e;nova;ARMAZEM BOA NOVA LTDA;omie:2026/00218;ligacao;2026-08-25 10:46;concluída;gabriel.lira;Touch — Não consegui falar com o cliente.
tarefa:linha-85;já em produção;PEREIRA MONTENEGRO ASSESSORIA EMPRESARIAL LTDA;omie:2026/00254;ligacao;2026-08-25 10:56;concluída;bruno.goncalo;FUP — A FAZER: Verificar se a Rute analisou nossa proposta comercial, se ficou com alguma dúvida e se podemos evoluir com a negociação. --- REALIZADO: Contato realizado com a Rute via whats: [09:18, 2
tarefa:ha0b8b4c40b;nova;GPAM TRANSPORTES & LOGISTICA LTDA;omie:2026/00192;ligacao;2026-08-25 13:56;concluída;comercial;Touch — A FAZER: Tentar contato com a Carla. --- REALIZADO: Sem sucesso. Tentar novamente no futuro.
tarefa:h5688852287;nova;B.B.A COMEX: RJ 01;omie:2026/00009;ligacao;2026-08-25 13:57;concluída;comercial;Touch — A FAZER: Tentar contato com o Rubens novamente. --- REALIZADO: Sem sucesso, tentar novamente.
tarefa:h7ba340da40;nova;ALFA PET;omie:2026/00134;ligacao;2026-08-25 14:00;concluída;jakeline.santana;Touch — Tentar contato novamente, verificar se o well conseguiu contato com ele feito - well fez contato com o mike perguntando se podemos dar continuidade nas negociações
tarefa:h3ec451deb3;nova;ALPHACENTRO OPERADOR LOGISTICO LTDA;omie:2026/00257;outro;2026-08-25 14:00;concluída;jakeline.santana;Noshow — ALPHACENTRO OPERADOR LOGISTICO LTDA 57.934.453/0001-02 | Apresentação Controller MedSeg 25/08 às 14:00 ONLINE Contato: Carine Cel: (51) 98139-6249 Email: carine@alphacentro.com.br -----------
tarefa:h6e56267b53;nova;DI VENETO ALIMENTOS LTDA;omie:2026/00129;ligacao;2026-08-25 14:01;concluída;comercial;Touch — A FAZER: Verificar possibilidade de agendarmos uma reunião online de apresentação. ---- REALIZADO: Sem sucesso. Tentar novamente.
tarefa:linha-82;já em produção;SUPER COLLOR FABRICACAO DE MATERIAIS PLASTICOS LTDA;omie:2026/00159;ligacao;2026-08-25 14:27;concluída;bruno.goncalo;FUP — A FAZER: Verificar se a Jakeline deu retorno via whats e em caso de negativa ligar para ela para evoluirmos com o projeto de SST --- REALIZADO: Ligação realizada para Jakeline, ela disse que vai
tarefa:h09af61195f;nova;AUTOMATIC COMERCIO E REPRESENTACOES LTDA;omie:2026/00277;ligacao;2026-08-25 14:38;concluída;comercial;Touch — Entrei em contato com a Vera informando sobre o projeto SST e verificando a possibilidade de agendar uma reunião de apresentação.
tarefa:linha-81;já em produção;MEDICINA RMF SERVICOS MEDICOS LTDA.;omie:2026/00156;ligacao;2026-08-25 14:50;concluída;bruno.goncalo;FUP — A FAZER: Entrar em contato com a Nádia e verificar se ficou alguma dúvida sobre nossa proposta comercial. --- REALIZADO: Contato realizado com a Nádia via whats, ela informou que ainda não conse
tarefa:h8873a5a7fd;nova;PRIME FULL PET FOODS IMP E EXP LTDA;omie:2026/00253;reuniao;2026-08-25 15:00;concluída;jakeline.santana;Reunião — Participaram da reunião Jakeline Santana, consultora de negócios da Controller, e Fátima, responsável pelo RH da empresa ¿¿¿ embora na plataforma ela apareça como Ana Carolina Ribeiro. A emp
tarefa:linha-79;já em produção;HIGI MULHER COMERCIO E SERVICOS LTDA;omie:2026/00146;ligacao;2026-08-25 15:05;concluída;bruno.goncalo;FUP — A FAZER: Retomar contato com a Dayana para verificar se lhe deram algum retorno sobre nossa proposta. --- REALIZADO: Em contato com a Dayana, a mesma disse que ainda não teve retorno da diretori
tarefa:hc4bac483ed;nova;DYNAMICS IMPORTACAO E EXPORTACAO DE ALIMENTOS E BEBIDAS LTDA;omie:2026/00278;ligacao;2026-08-25 15:11;concluída;comercial;Touch — Conversei com o Edalmo sobre o projeto SST e verificando a possibilidade de agendar uma reunião de apresentação. Ele informou que está em Manaus e me pediu para entrar em contato no final da s
tarefa:hb24b53cba4;nova;CIS TREINAMENTO EM DESENVOLVIMENTO PROFISSIONAL E GERENCIAL LTDA;omie:2026/00255;ligacao;2026-08-25 15:17;concluída;comercial;Touch — Jessica me mandou uma mensagem informando que ainda não definiram uma data para a reunião, mas que assim que tiver vai me informar.
tarefa:he2d4bc7cdf;nova;STAR HOCKEY COMERCIO VAREJISTA DE MESAS DE JOGOS LTDA;omie:2026/00260;ligacao;2026-08-25 15:40;concluída;gabriel.lira;Touch — REAGENDADO
tarefa:hcf7beb7e78;nova;PRIME FULL PET FOODS IMP E EXP LTDA;omie:2026/00253;proposta;2026-08-25 17:27;concluída;jakeline.santana;Proposta — Proposta enviada
tarefa:linha-91;já em produção;TRIWATT TECNOLOGIA ELETRICA LTDA;omie:2026/00154;ligacao;2026-08-26 08:15;concluída;bruno.goncalo;FUP — A FAZER: Verificar novamente com o Marcelo (Controller) se ele conseguiu concluir o orçamento para empresa, em caso de negativa enviar um e-mail para o time da Triwatt, reforçando que estamos fa
tarefa:linha-89;já em produção;AMARELINHOS BAR BELA VISTA LTDA;omie:2026/00149;ligacao;2026-08-26 09:00;concluída;bruno.goncalo;FUP — A FAZER: Entrar em contato novamente com a Katharynne, verificando ser possui mais alguma dúvida e se podemos evoluir com o projeto de SST. --- REALIZADO: Contato realizado via whats com a Katha
tarefa:h496e1bdbe8;nova;BECKER CONSULTORIA E COMERCIO LTDA;omie:2026/00274;ligacao;2026-08-26 09:37;concluída;gabriel.lira;Touch — Não consegui falar com o cliente.
tarefa:linha-88;já em produção;EXTERNATO DE EDUCACAO INFANTIL SANTA RITA LTDA;omie:2026/00148;ligacao;2026-08-26 10:00;concluída;jakeline.santana;FUP — A fazer - verificar se o bruno ev conseguiu contato com a Hadarssa, se ele nao tiver conseguido ligar novamente, mandar mensagem e falar com well sobre a oportunidade. A hadarssa informou que es
tarefa:linha-93;já em produção;ANA GAMING BRASIL SA;omie:2026/00173;ligacao;2026-08-26 10:00;concluída;jakeline.santana;FUP — A fazer - Retomar o contato com o Thiago, verificar se ele recebeu a apresentação e e podemos agendar uma segunda reunião com a coordenação do RH Feito - tentei contato sem sucesso.
tarefa:hdfe5320bf8;nova;SUPER COLLOR FABRICACAO DE MATERIAIS PLASTICOS LTDA;omie:2026/00159;email;2026-08-26 10:40;aberta;bruno.goncalo;e-mail — EMISSÃO DE CONTRATO - SUPER COLLOR MASTERBATCH DO BRASIL
tarefa:linha-92;já em produção;SUPER COLLOR FABRICACAO DE MATERIAIS PLASTICOS LTDA;omie:2026/00159;ligacao;2026-08-26 10:45;concluída;bruno.goncalo;FUP — A FAZER: Retomar contato com a Jakeline verificando se podemos prosseguir com o contrato dos serviços de SST, reforçar que a condição diferenciada no valor de R$ 235,00 mensal só esta vigente at
tarefa:h58570a1864;nova;SUPER COLLOR FABRICACAO DE MATERIAIS PLASTICOS LTDA;omie:2026/00159;email;2026-08-26 11:29;aberta;bruno.goncalo;e-mail — Re: EMISSÃO DE CONTRATO - SUPER COLLOR MASTERBATCH DO BRASIL
tarefa:hb1e9da9a1d;nova;KENIA CARLA DOTTI OLIVEIRA;omie:2026/00220;ligacao;2026-08-26 11:38;concluída;gabriel.lira;Touch — Não consegui falar com o cliente.
tarefa:h5e7fc8bf71;nova;SUPER COLLOR FABRICACAO DE MATERIAIS PLASTICOS LTDA;omie:2026/00159;email;2026-08-26 11:49;aberta;bruno.goncalo;e-mail — EMISSÃO DE CONTRATO - SUPER COLLOR MASTERBATCH DO BRASIL
tarefa:h84ba99def2;nova;ADVENTURE BR DESIGN E PROJETOS DE LOCACOES LTDA;omie:2026/00264;ligacao;2026-08-26 13:20;concluída;gabriel.lira;Touch — A FAZER: Entrar em contato com o Davi para pegar o contato da Patrícia e agendar uma nova data para apresentação do projeto de SST. ------------------------------------------------------------
tarefa:h5f9f44922b;nova;INTERMODAL BRASIL LOGISTICA S.A.;omie:2026/00269;ligacao;2026-08-26 13:43;concluída;gabriel.lira;Touch — Reunião agendada com Vinicius, responsável pela área de Segurança do trabalho na empresa.
tarefa:hb5ecb7b601;nova;EDLEI TECNOLOGIA E SOLUCOES EM PORTAS LTDA;omie:2026/00276;reuniao;2026-08-26 14:30;concluída;bruno.goncalo;Reunião — CF - EDLEI TECNOLOGIA E SOLUCOES EM PORTAS LTDA 02.141.320/0001-97 | Apresentação Controller MedSeg --- Reunião realizada com o Claudio e o Guilherme A empresa possui atualmente 10 colaborad
tarefa:h5b22c3608e;nova;LAFORMA COMERCIO E SERVICO LTDA;omie:2026/00281;ligacao;2026-08-26 16:12;concluída;comercial;Touch — Conversei com o Silvio e ele informou que gostaria de participar da reunião, porém estão em obra no momento, tentei verificar uma agenda futura e sigo sem retorno
tarefa:he1ef02f9a7;nova;INTERMODAL BRASIL LOGISTICA S.A.;omie:2026/00269;ligacao;2026-08-26 16:59;concluída;gabriel.lira;Touch — Em contato com Lucas, ele disse que quem poderia me ajudar com a reunião seria o Vinicius técnico de segurança do trabalho. Me passou o contato dele, vou entrar em contato.
tarefa:hb3bf8ea1f8;nova;EGTC INFRA S.A.;omie:2026/00282;ligacao;2026-08-26 18:00;concluída;comercial;Touch — Conversei com o Carlos pelo WhatsApp, ele me pediu para enviar a apresentação por e-mail.
tarefa:linha-90;já em produção;AMARELINHOS BAR BELA VISTA LTDA;omie:2026/00149;ligacao;2026-08-26 19:09;concluída;bruno.goncalo;FUP — A FAZER: Verificar se a Katharynne deu retorno via whats e em caso de negativa, solicitar o auxilio do Wellington nesta negociação. --- REALIZADO: A Katharynne entrou em contato via whats inform
tarefa:linha-94;já em produção;LIFE RECURSOS HUMANOS LTDA;omie:linha-107;ligacao;2026-08-27 09:00;concluída;jakeline.santana;FUP — Tentar contato novamente com a Ariane. Feito - enviei a proposta conjunta por email e avisei no whats, aguardando
tarefa:h8c04f5296d;nova;ANA GAMING BRASIL SA;omie:2026/00173;ligacao;2026-08-27 09:00;concluída;comercial;Touch — Tentar contato com o Thiago para tentarmos agendar uma reunião com o RH --- REALIZADO: Sem sucesso, tentar novamente.
tarefa:linha-98;já em produção;SUPER COLLOR FABRICACAO DE MATERIAIS PLASTICOS LTDA;omie:2026/00159;ligacao;2026-08-27 09:07;concluída;bruno.goncalo;FUP — A Jakeline entrou em contato via whats, informando que a contratação do projeto de SST seria para o outro CNPJ deles, não para o da Super Collor e sim para o Super Master, mas deseja assinar o c
tarefa:linha-99;já em produção;ULTRA SOLARES SERVICOS DE ENGENHARIA ELETRICA LTDA;omie:2026/00160;ligacao;2026-08-27 09:28;concluída;bruno.goncalo;FUP — A FAZER: Verificar se a Natalia deu algum retorno via whats e em caso de negativa ligar para ela para entender se o nosso serviço no modelo de contrato faz sentido para sua operação ou ela vai c
tarefa:linha-95;já em produção;Neoex;omie:2026/00137;ligacao;2026-08-27 10:00;concluída;jakeline.santana;FUP — a fazer - tentar contato novamente, atualizar previsão e tarefa para a data que o Flavio passou. O contrato deles vai até novembro, combinamos de retomar as negociações em outubro
tarefa:ha6f5b93ba8;nova;MACAPLAST COMERCIO DE SUCATAS DE PLASTICOS LTDA;omie:2026/00295;ligacao;2026-08-27 10:14;concluída;gabriel.lira;Touch — Tentei contato com Bruno, mas sem sucesso.
tarefa:h0467935f36;nova;ALPHA RECICLAGEM INDUSTRIAL LTDA.;omie:2026/00296;ligacao;2026-08-27 10:17;concluída;gabriel.lira;Touch — Tentei contato com Nycolas, mas não consegui falar com ele.
tarefa:linha-96;já em produção;EXTERNATO DE EDUCACAO INFANTIL SANTA RITA LTDA;omie:2026/00148;ligacao;2026-08-27 10:35;concluída;jakeline.santana;FUP — Falar com o well Feito - Well falou com a Sarah
tarefa:h06adc7f368;nova;INSTITUTO EDUCACIONAL PAPIRO LTDA;omie:2026/00283;ligacao;2026-08-27 10:42;concluída;gabriel.lira;Touch — AGENDADO
tarefa:linha-100;já em produção;PEREIRA MONTENEGRO ASSESSORIA EMPRESARIAL LTDA;omie:2026/00254;ligacao;2026-08-27 10:45;concluída;bruno.goncalo;FUP — A FAZER: Verificar se a Rute deu algum retorno via whats e em caso de negativa ligar para ela junto com a Aline EC para ver se conseguimos evoluir com o projeto de SST --- REALIZADO: A Rute não 
tarefa:hde0a4c3198;nova;AMA TRANSPORTES SA;omie:2026/00301;ligacao;2026-08-27 10:48;concluída;gabriel.lira;Touch — Eu tinha o contato com Alexandre neste número, porém a pessoa responsável agora é o Liriel neste número. Falei com ele, vai verificar com o time de RH sobre a parte de SST e me retorna.
tarefa:h3d79aa0db1;nova;DAVIMA COMERCIAL E IMPORTADORA LTDA;omie:2026/00212;ligacao;2026-08-27 10:58;concluída;gabriel.lira;Touch — Não consegui falar com o cliente.
tarefa:h7aa79cfa47;nova;STAR HOCKEY COMERCIO VAREJISTA DE MESAS DE JOGOS LTDA;omie:2026/00260;reuniao;2026-08-27 11:00;concluída;bruno.goncalo;Reunião — REAGENDADO STAR HOCKEY COMERCIO VAREJISTA DE MESAS DE JOGOS LTDA 20.550.640/0001-82 | Apresentação Controller MedSeg --- Reunião realizada com a Fernanda. A empresa possui 14 colaboradores (
tarefa:h5e3caf010a;nova;BECKER CONSULTORIA E COMERCIO LTDA;omie:2026/00274;ligacao;2026-08-27 11:11;concluída;gabriel.lira;Touch — Não consegui falar com o cliente.
tarefa:h6c911a9d93;nova;SANTO BROTO LTDA;omie:2026/00217;ligacao;2026-08-27 11:14;concluída;gabriel.lira;Touch — Estou tentando contato no whats, por telefone somente caixa postal.
tarefa:h673e482094;nova;ARMAZEM BOA NOVA LTDA;omie:2026/00218;ligacao;2026-08-27 11:25;concluída;gabriel.lira;Touch — Não consegui falar com o cliente.
tarefa:h93423e8d8b;nova;JOMIL;omie:linha-96;ligacao;2026-08-27 13:30;concluída;gabriel.lira;Touch — Não estava na empresa, somente amanhã pela manhã
tarefa:h8e3c5c29fd;nova;CONNECT DIGITAL SERVICOS ADMINISTRATIVOS LTDA;omie:2026/00191;ligacao;2026-08-27 13:51;concluída;comercial;Touch — A FAZER: Tentar contato com o Carlos novamente. ---- REALIZADO: Sem sucesso. tentar novamente
tarefa:h7e9797a231;nova;L DAS NEVES BONIFACIO MONTAGEM INDUSTRIAL;omie:2026/00203;ligacao;2026-08-27 14:07;concluída;comercial;Touch — A FAZER: Tentar contato com o cliente ---- REALIZADO: Sem sucesso, tentar novamente.
tarefa:h1ff0294b94;nova;LIGA PRODUTOS PARA SORVETES;omie:2026/00028;ligacao;2026-08-27 14:10;concluída;comercial;Touch — A FAZER: Tentar contato novamente com o cliente --- REALIZADO: Sem sucesso, tentar novamente
tarefa:h61243c50b7;nova;ZETTI QUIMICA COMERCIAL EIRELI;omie:2026/00199;ligacao;2026-08-27 14:15;concluída;comercial;Touch — A FAZER: Tentar contato novamente com o cliente ----- REALIZADO: Sem sucesso, tentar novamente
tarefa:hd5609d118b;nova;DIAS METALS INDUSTRIAL E COMERCIAL LTDA;omie:2026/00200;ligacao;2026-08-27 14:26;concluída;comercial;Touch — A FAZER: Tentar contato novamente com o cliente ---- REALIZADO: Sem sucesso, tentar novamente
tarefa:ha2220c9489;nova;Pessoa Física;omie:linha-282;ligacao;2026-08-27 14:40;concluída;comercial;Touch — A FAZER: Tentar contato novamente com o cliente --- REALIZADO: Conversei com o Fernando e ele informou que no momento não consegue atender e pediu para retornar na semana que vem.
tarefa:hb7dbdd000c;nova;EGTC INFRA S.A.;omie:2026/00282;ligacao;2026-08-27 15:00;concluída;jakeline.santana;Touch — A reunião contou com a participação de Jakeline Santana e Carlos Rennó, da IGTC, empresa de construção e montagem que atua em projetos no Brasil e no exterior. A empresa possui uma operação ba
tarefa:h830d50c12b;nova;MENEIS DE OLIVEIRA MACIEL MARCENARIA - EIRELI;omie:2026/00285;ligacao;2026-08-27 15:05;concluída;gabriel.lira;Touch — Falei com Marcelo, ele disse que tem participação ativa na política em época de eleição, pediu para retornar o contato no final do ano.
tarefa:h0cbb23e71c;nova;TTL EXPRESS TRANSPORTES E LOGISTICA LTDA;omie:2026/00286;ligacao;2026-08-27 15:16;concluída;gabriel.lira;Touch — Em contato com Márcia, estou tirando algumas dúvidas com ela sobre o nosso atendimento para poder marcar uma reunião com o EV
tarefa:h387ad7ec6b;nova;EDLEI TECNOLOGIA E SOLUCOES EM PORTAS LTDA;omie:2026/00276;proposta;2026-08-27 15:29;concluída;bruno.goncalo;Proposta — PROPOSTA COMERCIAL
tarefa:he4ba022f15;nova;SANESOLUTI COMERCIO DE INSTRUMENTACAO E CONTROLE LTDA;omie:2026/00289;ligacao;2026-08-27 16:30;concluída;gabriel.lira;Touch — Tentando contato com a Camila
tarefa:h8751abb1de;nova;FALCON HOTEIS PETROPOLIS LTDA;omie:2026/00290;ligacao;2026-08-27 16:50;concluída;gabriel.lira;Touch — Em contato com Gisele, a mesma informou que está a pouco tempo na empresa e precisa se atualizar de todas as informações da empresa, então pediu contato somente em outubro.
tarefa:hbca547ef70;nova;ITA CORRETORA DE SEGUROS LTDA;omie:2026/00271;ligacao;2026-08-27 17:42;concluída;gabriel.lira;Touch — Estou conversando com a aline pelo whats sobre realizar a reunião ou não.
tarefa:linha-101;já em produção;EMILIA BEM CASADOS COM DE DOCES LTDA;omie:linha-57;ligacao;2026-08-28 09:00;concluída;jakeline.santana;FUP — A fazer - Retomar o contato com o Joao, verificar se ele tem algum retorno sobre a proposta. Feito - o Joao informou que passou a proposta para sseus diretores mas ainda não obteve retorno.
tarefa:linha-102;já em produção;PRESTOSERV DESMONTES CONTROLADOS S.A.;omie:2026/00152;ligacao;2026-08-28 09:00;aberta;jakeline.santana;FUP — Tentar contato novamente, pedir para o bruno tentar contato.
tarefa:linha-104;já em produção;MONTI FER II COMERCIO E SERVICOS LTDA;omie:2026/00240;ligacao;2026-08-28 09:00;aberta;jakeline.santana;FUP — Verificar se a Raquel e a Eduarda analisaram a proposta.
tarefa:linha-105;já em produção;HEMF AMBIENTES CORPORATIVOS LTDA;omie:2026/00247;ligacao;2026-08-28 09:00;aberta;jakeline.santana;FUP — Retomar o contato com a Katia, verificar se ela conseguiu analisar a proposta.
tarefa:linha-108;já em produção;EGTC INFRA S.A.;omie:2026/00282;ligacao;2026-08-28 09:00;aberta;jakeline.santana;FUP — Enviar material de apresentação/credenciamento da Controller,
tarefa:linha-103;já em produção;SUPER COLLOR FABRICACAO DE MATERIAIS PLASTICOS LTDA;omie:2026/00159;ligacao;2026-08-28 09:10;concluída;bruno.goncalo;FUP — A FAZER: Verificar com a Jakeline se teve retorno de seu diretor e se podemos evoluir com a contratação do projeto de SST pela empresa Super Master, também confirmar o CNPJ da empresa junto a el
tarefa:hb38560ed28;nova;LIFE PONG GRANJA JULIETA LTDA;omie:2026/00292;ligacao;2026-08-28 09:12;concluída;gabriel.lira;Touch — Tentei contato com Kaynara, mas sem sucesso.
tarefa:hb27feea589;nova;DIV DESIGN INDUSTRIA E COMERCIO DE PAREDES DIVISORIAS LTDA;omie:2026/00294;ligacao;2026-08-28 09:57;concluída;gabriel.lira;Touch — Tentei contato com a Priscila, mas não consegui falar com ela.
tarefa:linha-106;já em produção;PRIME FULL PET FOODS IMP E EXP LTDA;omie:2026/00253;ligacao;2026-08-28 10:00;aberta;jakeline.santana;FUP — A fazer - Retomar o contato com a Fatima e Aline, verificar se elas analisaram a proposta.
tarefa:hb2d3ee2248;nova;DYNAMICS IMPORTACAO E EXPORTACAO DE ALIMENTOS E BEBIDAS LTDA;omie:2026/00278;ligacao;2026-08-28 10:00;aberta;comercial;Touch — A FAZER: Verificar a possibilidade de agendar uma reunião com Edalmo.
tarefa:h7a3ec29be0;nova;AIPO ENGENHARIA LTDA;omie:2026/00244;ligacao;2026-08-28 10:23;concluída;comercial;Touch — A FAZER: Verificar se a Letticia escolheu uma data para a reunião. ---- REALIZADO: Sem sucesso, tentar novamente.
tarefa:h36f49e3c4c;nova;MARMITAS FIT REFEICAO SAUDAVEL E PRATICA LTDA;omie:2026/00302;ligacao;2026-08-28 10:57;concluída;gabriel.lira;Touch — Tentei falar com Amanda e Eduardo, mas sem contato.
tarefa:linha-107;já em produção;STAR HOCKEY COMERCIO VAREJISTA DE MESAS DE JOGOS LTDA;omie:2026/00260;ligacao;2026-08-28 11:00;concluída;bruno.goncalo;FUP — A FAZER: Verificar se a Fernanda deu retorno via whats dando mais detalhes do que é o exame de pressão que os colaboradores realizam, na sequencia lhe enviar uma proposta comercial considerando 
tarefa:h74b75ec558;nova;BECKER CONSULTORIA E COMERCIO LTDA;omie:2026/00274;ligacao;2026-08-28 11:00;concluída;gabriel.lira;Touch — Tentar novo contato.
tarefa:hff0069a5a0;nova;JOMIL;omie:linha-96;ligacao;2026-08-28 14:00;concluída;gabriel.lira;Touch — João estará na empresa somente na segunda de tarde.
tarefa:h1e3ef119a2;nova;M&G TECH INSTALACOES LTDA;omie:2026/00135;reuniao;2026-08-28 14:00;concluída;jakeline.santana;Reunião — Reunião agendada para o dia 28/08 ás 14h00. No show O cliente informou que teve um imprevisto e pediu reagendamento para segunda às 9h00
tarefa:h88e1c0de0d;nova;OPA COMERCIO LTDA;omie:2026/00177;reuniao;2026-08-28 14:30;concluída;jakeline.santana;Reunião — Reunião agendada com o Lucas RH 11 92144-4812 para o dia 28/08 ás 14h30. NOSHOW O LUCAS INFORMOU QUE ESTAVA EM FECHAMENTO DE FFOLHA E NÃO CONSEGUIRIA PARTICIPAR HOJE, REAGENDOU
tarefa:h4c1e89d223;nova;DIAMOND COMERCIO DE PECAS E FERRAGENS LTDA.;omie:2026/00231;ligacao;2026-08-28 14:36;concluída;comercial;Touch — A FAZER: Verificar se o Vagner deu um retorno referente ao agendamento da reunião. ---- REALIZADO: Sem sucesso, tentar novamente.
tarefa:h625059781a;nova;PETRA TECNICA COMERCIAL DE PIGMENTOS LTDA;omie:2026/00237;ligacao;2026-08-28 14:37;concluída;comercial;Touch — A FAZER: Verificar se o Waldemar deu um retorno referente ao agendamento da reunião. ---- REALIZADO: Sem sucesso, tentar novamente.
tarefa:hf21dc9d831;nova;ITA CORRETORA DE SEGUROS LTDA;omie:2026/00271;ligacao;2026-08-28 14:41;concluída;gabriel.lira;Touch — não consegui falar com a cliente.
tarefa:h6e400d6f04;nova;GARDEN INDUSTRIA E COMERCIO DE COSMETICOS LTDA;omie:2026/00130;ligacao;2026-08-28 14:50;concluída;comercial;Touch — A FAZER: Tentar contato novamente com o cliente ---- REALIZADO: Sem sucesso, tentar novamente.
tarefa:h124e1e8a8d;nova;ALPHA DRILLING LTDA;omie:2026/00309;ligacao;2026-08-28 14:56;concluída;gabriel.lira;Touch — Realizei contato via telefone e o Saulo informou que eu deveria enviar um e-mail com a apresentação.
tarefa:h4350d57789;nova;TTL EXPRESS TRANSPORTES E LOGISTICA LTDA;omie:2026/00286;ligacao;2026-08-28 15:16;concluída;gabriel.lira;Touch — Não consegui falar com a Márcia
tarefa:h454d1cbad3;nova;ADVENTURE BR DESIGN E PROJETOS DE LOCACOES LTDA;omie:2026/00264;ligacao;2026-08-28 15:45;concluída;gabriel.lira;Touch — Não consegui falar com Davi, entrar em contato novamente na segunda.
tarefa:h5c56a11e8c;nova;FQS CONTABILIDADE LTDA;omie:2026/00304;ligacao;2026-08-28 16:18;concluída;gabriel.lira;Touch — Agendada reunião com Amanda
tarefa:h7291474a28;nova;SANESOLUTI COMERCIO DE INSTRUMENTACAO E CONTROLE LTDA;omie:2026/00289;ligacao;2026-08-28 16:32;concluída;gabriel.lira;Touch — Sem contato com Camila
tarefa:he4fcba06a0;nova;ESPACO CIDADE JARDIM EVENTOS LTDA;omie:2026/00317;ligacao;2026-08-28 17:07;concluída;gabriel.lira;Touch — Tentei contato pelo telefone e pelo whats, mas sem sucesso
tarefa:linha-109;já em produção;YELLOW IMOVEIS LTDA;omie:2026/00158;ligacao;2026-08-29 09:00;aberta;jakeline.santana;FUP — A fazer - retomar o contato com a Andressa, verificar se ela conseguiu cancelar com o antigo prestador.
tarefa:linha-111;já em produção;M&G TECH INSTALACOES LTDA;omie:2026/00135;ligacao;2026-08-31 09:00;concluída;jakeline.santana;"FUP — A reunião contou com a participação de Jakeline Santana e Marcos Paulo da Silva. A empresa possui atualmente 6 funcionários registrados em um CNPJ; no outro CNPJ, a quantidade de profissionais é"
tarefa:linha-112;já em produção;EXTERNATO DE EDUCACAO INFANTIL SANTA RITA LTDA;omie:2026/00148;ligacao;2026-08-31 09:00;concluída;jakeline.santana;FUP — Caso a Sarah ou a Hadarssa não tenha dado retorno, chamar novamente. Em contato com a Sarah a mesma informou que a proposta está com a diretoria, em analise, porém a diretora irá viajar essa sem
tarefa:linha-119;já em produção;INTECCON COMERCIO DE INSTRUMENTACAO AMBIENTAL LTDA;omie:2026/00259;ligacao;2026-08-31 09:00;concluída;jakeline.santana;FUP — Retomaar o contato, verificar se ele analisou a proposta e se podemos prosseguir com a negociação. Tentei contato sem sucesso.
tarefa:h07adeb9642;nova;KENIA CARLA DOTTI OLIVEIRA;omie:2026/00220;ligacao;2026-08-31 09:07;concluída;gabriel.lira;Touch — Não consegui falar com o cliente.
tarefa:h7a952556b1;nova;LIFE PONG GRANJA JULIETA LTDA;omie:2026/00292;ligacao;2026-08-31 09:12;concluída;gabriel.lira;Touch — Tentei contato tanto com Kaynara quanto com Oswaldo, mas sem sucesso.
tarefa:h00bc9bb739;nova;VIVAS TELECOMUNICACOES LTDA;omie:2026/00293;ligacao;2026-08-31 09:24;concluída;gabriel.lira;Touch — Em contato com Greice, ela pediu para enviar uma apresentação sobre a Controller e os nossos serviços primeiro antes de marcar uma reunião. Vamos conversar durante a semana sobre.
tarefa:he93351fbcc;nova;TRIWATT TECNOLOGIA ELETRICA LTDA;omie:2026/00154;email;2026-08-31 09:27;aberta;bruno.goncalo;e-mail — Re: Controller | Informações para Elaboração da Proposta Comercial de SST
tarefa:linha-113;já em produção;AMARELINHOS BAR BELA VISTA LTDA;omie:2026/00149;ligacao;2026-08-31 09:28;concluída;bruno.goncalo;FUP — A FAZER: Retomar contato com a Katharynne, verificar se ela conseguiu evoluir com seu jurídico a questão de cancelamento do contrato atual para evoluirmos o projeto de SST junto a Controller. --
tarefa:h5efc83afed;nova;PATIMIRIM EMPREENDIMENTOS E PARTICIPACOES LTDA;omie:2026/00305;ligacao;2026-08-31 09:33;concluída;comercial;Touch — Conversei com o Gabriel falando sobre o projeto SST, ele me passou o contato do Rafael (RH). Reunião agendada.
tarefa:linha-115;já em produção;SUPER COLLOR FABRICACAO DE MATERIAIS PLASTICOS LTDA;omie:2026/00159;ligacao;2026-08-31 09:59;concluída;bruno.goncalo;FUP — A FAZER: Entrar em contato com a Jakeline para evoluirmos com a negociação. --- REALIZADO: Contato realizado via whats com a Jakeline, porem a mesma quer declinar a negociação sem dar maiores de
tarefa:linha-110;já em produção;LIFE RECURSOS HUMANOS LTDA;omie:linha-107;ligacao;2026-08-31 10:00;concluída;jakeline.santana;FUP — Ligar novamente para a ariane caso ela nao tenha respondido. Tentei contato sem sucesso.
tarefa:h405b68a0d4;nova;SCIENTECH AMBIENTAL INDUSTRIA E COMERCIO LTDA;omie:2026/00136;ligacao;2026-08-31 10:00;aberta;comercial;Touch — Em contato com o José, ele informou que estava viajando e voltou agora. Vai verificar com o Rafael uma data para agendarmos uma reunião pois estão muito insatisfeitos com o serviço da atual em
tarefa:hae0ce9c2db;nova;MACAPLAST COMERCIO DE SUCATAS DE PLASTICOS LTDA;omie:2026/00295;ligacao;2026-08-31 10:14;concluída;gabriel.lira;Touch — Bruno não responde as mensagens no whats e não atende as ligações.
tarefa:hce1539f0cd;nova;ALPHA RECICLAGEM INDUSTRIAL LTDA.;omie:2026/00296;ligacao;2026-08-31 10:17;concluída;gabriel.lira;Touch — Sem contato com Nycolas
tarefa:hcd73be8a4b;nova;PROVIVI DO BRASIL SERVICOS AGRICOLAS LTDA;omie:2026/00198;ligacao;2026-08-31 10:21;concluída;gabriel.lira;Touch — Em contato Ronaldo, o mesmo informou que vai confirmar com o sócio se eles renovaram o contrato com a empresa atual ou não.
tarefa:h0fe3754f55;nova;3C FACILITIES LTDA;omie:2026/00157;ligacao;2026-08-31 10:24;concluída;jakeline.santana;Touch — Jake já está em contato com a cliente por conta do número de Karine Tentei contato sem sucesso.
tarefa:h6dabe8c928;nova;REART - SERVICOS TERCEIRIZADOS LTDA;omie:2026/00320;ligacao;2026-08-31 10:27;concluída;gabriel.lira;Touch — Em contato com Nathaly, ela passou o meu número para a responsável pelo RH entrar em contato comigo.
tarefa:h5de313ca0c;nova;JOMIL;omie:linha-96;ligacao;2026-08-31 10:30;concluída;gabriel.lira;Touch — Contato somente chamou, tentar na parte da tarde.
tarefa:h6683270570;nova;AMA TRANSPORTES SA;omie:2026/00301;ligacao;2026-08-31 10:49;concluída;gabriel.lira;Touch — Em contato com Liriel, ele me pediu para enviar um e-mail para o time do RH da A M A.
tarefa:hce0867919e;nova;MARMITAS FIT REFEICAO SAUDAVEL E PRATICA LTDA;omie:2026/00302;ligacao;2026-08-31 10:58;concluída;gabriel.lira;Touch — Não consegui falar nem com Amanda e nem o Eduardo.
tarefa:h9343ee6271;nova;ORIGINAL PRECATORIOS E DIREITOS CREDITORIOS BR7 LTDA;omie:2026/00306;ligacao;2026-08-31 11:05;concluída;gabriel.lira;Touch — Falei com a Daiane e ela disse que iria conversar com o time do RH para marcar uma reunião.
tarefa:linha-116;já em produção;SUPER COLLOR FABRICACAO DE MATERIAIS PLASTICOS LTDA;omie:2026/00159;ligacao;2026-08-31 13:15;concluída;bruno.goncalo;FUP — A FAZER: Solicitar o auxilio do Wellington (Controller) para entender o motivo pelo qual a Jakeline declinou a negociação. --- REALIZADO: O Wellington (Controller) entrou em contato com a Jakeli
tarefa:h0c5de5d97c;nova;TONBOO ELETRONICOS LTDA;omie:2026/00307;outro;2026-08-31 13:22;concluída;gabriel.lira;Não Informado — Reunião agendada com Marcos
tarefa:ha8e690f8be;nova;SANTO BROTO LTDA;omie:2026/00217;ligacao;2026-08-31 13:50;concluída;gabriel.lira;Touch — Não consegui falar com o cliente.
tarefa:hd41546a595;nova;JOMIL;omie:linha-96;ligacao;2026-08-31 14:00;concluída;gabriel.lira;Touch — Telefone somente chamou.
tarefa:h7b3c1c7541;nova;TTL EXPRESS TRANSPORTES E LOGISTICA LTDA;omie:2026/00286;ligacao;2026-08-31 14:00;concluída;gabriel.lira;Touch — Sem contato com a Márcia.
tarefa:h6cd68cf778;nova;TONBOO ELETRONICOS LTDA;omie:2026/00307;reuniao;2026-08-31 14:00;aberta;jakeline.santana;Reunião — ¿¿¿¿¿¿¿ CF - TONBOO ELETRONICOS LTDA 62.136.173/0001-99 | Apresentação Controller MedSeg SEG 31/08 às 14:00 ONLINE Contato: Marcos Cel: (11) 96727-2766 Email: comercial@gtideproducts.com.br 
tarefa:h4a76063e59;nova;SANESOLUTI COMERCIO DE INSTRUMENTACAO E CONTROLE LTDA;omie:2026/00289;ligacao;2026-08-31 14:23;concluída;gabriel.lira;Touch — Sem contato com Camila
tarefa:h08ef8ed87d;nova;ARMAZEM BOA NOVA LTDA;omie:2026/00218;ligacao;2026-08-31 14:37;concluída;gabriel.lira;Touch — Não consegui falar com Ricardo.
tarefa:h01edbf855e;nova;30.932.803 KARLA DA COSTA PINHEIRO PUPO;omie:2026/00207;ligacao;2026-08-31 14:38;concluída;gabriel.lira;Touch — Não consegui falar com Karla
tarefa:ha8c5ea2162;nova;ADVENTURE BR DESIGN E PROJETOS DE LOCACOES LTDA;omie:2026/00264;ligacao;2026-08-31 15:00;concluída;gabriel.lira;Touch — Em contato com Davi, ele informou que está verificar um horário com a Patrícia para sexta dessa semana. Retornar o contato com ele e confirmar o horário.
tarefa:h269b9f8157;nova;HPEI - HIDRAULICA PNEUMATICA E ELETRICA INDUSTRIAL LTDA;omie:2026/00310;ligacao;2026-08-31 15:07;concluída;gabriel.lira;Touch — Em contato com a Gisele no fixo, ela pediu para enviar via e-mail uma apresentação do nosso serviço.
tarefa:h4c8a6d1ffd;nova;SITNA COMERCIO E SERVICOS LTDA;omie:2026/00313;ligacao;2026-08-31 16:23;concluída;gabriel.lira;Touch — Não consegui falar com o cliente no contato cadastrado na planilha
tarefa:he108ac4f1e;nova;PROLIBER COMERCIO LTDA;omie:2026/00314;ligacao;2026-08-31 16:28;concluída;gabriel.lira;Touch — Tentei contato com Décio, mas sem sucesso.
tarefa:hfe51b042a2;nova;MAX-MACHINE MAQUINAS E EQUIPAMENTOS INDUSTRIAIS LTDA;omie:2026/00144;outro;2026-08-31 16:32;concluída;comercial;Não Informado — Veronica (Gestora Financeira) me pediu para chama-la na sexta para agendar a reunião de apresentação na semana que vem.
tarefa:hefd462e861;nova;COUTECNICA EQUIPAMENTOS INDUSTRIAIS LTDA;omie:2026/00315;ligacao;2026-08-31 16:52;concluída;gabriel.lira;Touch — Não consegui falar com o cliente pelo número cadastrado.
tarefa:hc7feea1d51;nova;RECEL SISTEMAS CONTRA INCENDIO LTDA;omie:2026/00316;ligacao;2026-08-31 16:59;concluída;gabriel.lira;Touch — Tentei contato no telefone cadastrado, mas sem sucesso.
tarefa:linha-117;já em produção;PEREIRA MONTENEGRO ASSESSORIA EMPRESARIAL LTDA;omie:2026/00254;ligacao;2026-08-31 17:30;concluída;bruno.goncalo;FUP — A FAZER: Verificar com a Aline EC se a Rute lhe deu algum retorno e em caso de negativa, ligar novamente para Rute verificando se ficou alguma dúvida sobre nossos serviços e proposta. --- REALIZ
tarefa:h947b2f5658;nova;STAR HOCKEY COMERCIO VAREJISTA DE MESAS DE JOGOS LTDA;omie:2026/00260;ligacao;2026-09-01 08:15;aberta;bruno.goncalo;FUP — A FAZER: Envia proposta para Fernanda considerando até 15 vidas e incluir os valores dos exames de Espirometria, Audiometria considerando os valores da clinica de Guarulhos, conforme sugerido pe
tarefa:h4f691bc533;nova;M&G TECH INSTALACOES LTDA;omie:2026/00135;proposta;2026-09-01 09:00;aberta;jakeline.santana;Proposta — Enviar proposta
tarefa:h1558235c8a;nova;ABS TERCEIRIZACAO DE MAO DE OBRA LTDA;omie:2026/00319;ligacao;2026-09-01 09:43;aberta;comercial;Touch — Marcelo Dick passou o contato desse cliente para tentarmos reagendar uma reunião.
tarefa:h03bc07880b;nova;INTERMODAL BRASIL LOGISTICA S.A.;omie:2026/00269;ligacao;2026-09-01 09:47;concluída;gabriel.lira;Touch — REAGENDADO
tarefa:hd1b9c73aa9;nova;ITA CORRETORA DE SEGUROS LTDA;omie:2026/00271;ligacao;2026-09-01 09:47;aberta;gabriel.lira;Touch — Tentar novo contato.
tarefa:h934843ae55;nova;DIV DESIGN INDUSTRIA E COMERCIO DE PAREDES DIVISORIAS LTDA;omie:2026/00294;ligacao;2026-09-01 09:58;aberta;gabriel.lira;Touch — tentar novo contato
tarefa:hdaf676f2df;nova;FRANCISCO GERALDO INDUSTRIA E COMERCIO DE MOVEIS LTDA;omie:linha-69;ligacao;2026-09-01 10:00;aberta;comercial;Touch — A FAZER: ligar para o Maike e verificar a possibilidade de agendar uma reunião de apresentação.
tarefa:h5f73d1841b;nova;NN MANUTENCAO EM REDUTORES E USINAGEM LTDA;omie:2026/00321;ligacao;2026-09-01 10:37;concluída;comercial;Touch — Conversei com a Ellen sobre o projeto SST e ela me passou o contato do Nivaldo, disse que ele era o responsável por essa parte de SST. Tentei contato com o Nivaldo e agendamos a reunião de apr
tarefa:h6116ec7662;nova;ALPHACENTRO OPERADOR LOGISTICO LTDA;omie:2026/00257;ligacao;2026-09-01 13:30;aberta;gabriel.lira;Touch — Reagendar
tarefa:h4eb4063554;nova;GPAM TRANSPORTES & LOGISTICA LTDA;omie:2026/00192;ligacao;2026-09-01 13:46;aberta;comercial;Touch — A FAZER: Tentar contato com a Carla.
tarefa:h265bf4adc4;nova;INTECCON COMERCIO DE INSTRUMENTACAO AMBIENTAL LTDA;omie:2026/00259;ligacao;2026-09-01 14:00;aberta;jakeline.santana;FUP — Tentar contato novamente com o Ivan, caso não tenha retorno pedir ajuda.
tarefa:h33fdb6044f;nova;INTERMODAL BRASIL LOGISTICA S.A.;omie:2026/00269;outro;2026-09-01 14:00;concluída;bruno.goncalo;Noshow — CF - IBL Logistica 03.558.055/0001-00 | Apresentação Controller MedSeg 01/09 às 14:00 ONLINE Contato: Vinicius (responsável pela área de Segurança do Trabalho) Cel: 11 93010-7795 Email: vinic
tarefa:he78485e3ad;nova;FQS CONTABILIDADE LTDA;omie:2026/00304;outro;2026-09-01 14:00;aberta;jakeline.santana;Não Informado — ¿¿¿¿¿¿¿ CF - Contabilidade FQS 33.647.776/0001-57 | Apresentação Controller MedSeg TER 01/09 às 09:00 ONLINE Contato: Amanda Cel: 11 97281-4139 Email: amanda@fqsconsultoria.com.br Cons
tarefa:hee3c1e66cf;nova;PROVIVI DO BRASIL SERVICOS AGRICOLAS LTDA;omie:2026/00198;ligacao;2026-09-01 14:33;aberta;gabriel.lira;Touch — Verificar com Ronaldo se faz sentido marcar a reunião.
tarefa:h5054a4db04;nova;INSTITUTO EDUCACIONAL PAPIRO LTDA;omie:2026/00283;reuniao;2026-09-01 15:00;aberta;bruno.goncalo;Reunião — ¿¿¿¿¿¿¿ CF - COLEGIO PAPIRO - 08.419.158/0001-02 | Apresentação Controller MedSeg 01/09 às 15:00 ONLINE Contato: Fernando Cel: (11) 98131-4157 Email: financeiro@colegiopapiro.com.br Consulto
tarefa:ha949d975c9;nova;REART - SERVICOS TERCEIRIZADOS LTDA;omie:2026/00320;ligacao;2026-09-01 15:00;aberta;gabriel.lira;Touch — Fala com Giula do RH
tarefa:he1e3930581;nova;GADE SOLUCOES LOGISTICAS & COMERCIAIS LTDA;omie:2026/00140;ligacao;2026-09-01 15:39;aberta;comercial;Touch — A FAZER: retomar o contato com a Caroline para reagendamento.
tarefa:hc4b39e1a15;nova;FORT QUIMICA;omie:linha-67;ligacao;2026-09-01 15:58;aberta;comercial;Touch — A FAZER: Verificar a possibilidade de agendar uma reunião de apresentação.
tarefa:h5f0122c3ca;nova;SINALPLAN INDUSTRIA E COMERCIO LTDA;omie:linha-296;ligacao;2026-09-01 16:01;aberta;comercial;Touch — A FAZER: Tentar contato com o Cesar e verificar a possibilidade de agendar uma reunião.
tarefa:hce6205496c;nova;ALLOS S.A.;omie:2026/00182;ligacao;2026-09-01 16:24;aberta;gabriel.lira;Touch — Retomar o contato com Daniel sobre o RH
tarefa:ha3aa737e2e;nova;JOY TUBOS COMERCIAL LTDA;omie:2026/00268;ligacao;2026-09-01 16:45;concluída;gabriel.lira;Touch — Em contato com Onilda, ela informou que não retornou a empresa ainda e seria somente no dia 09/09
tarefa:hf4a21e185a;nova;PATIMIRIM EMPREENDIMENTOS E PARTICIPACOES LTDA;omie:2026/00305;reuniao;2026-09-02 09:00;aberta;bruno.goncalo;Reunião — Reunião de apresentação online agendada para 02/09 ás 09h00.
tarefa:hc777300937;nova;BECKER CONSULTORIA E COMERCIO LTDA;omie:2026/00274;ligacao;2026-09-02 09:42;aberta;gabriel.lira;Touch — Retomar o contato com o cliente,
tarefa:hbc858a26d7;nova;LIFE RECURSOS HUMANOS LTDA;omie:linha-107;ligacao;2026-09-02 10:00;aberta;jakeline.santana;FUP — Tentar contato novamente
tarefa:h9a16ad5c11;nova;ALFA PET;omie:2026/00134;ligacao;2026-09-02 10:00;aberta;jakeline.santana;Touch — Tentar contato novamente com o mike, verificar se ele respondeu o well.
tarefa:hd06e31c0df;nova;DIVERBRAS INDUSTRIA E COMERCIO LTDA;omie:2026/00145;reuniao;2026-09-02 10:00;aberta;jakeline.santana;Reunião — Reunião agendada para o dia 02/09 ás 10h00.
tarefa:hde4fe1fbfd;nova;3C FACILITIES LTDA;omie:2026/00157;ligacao;2026-09-02 10:00;aberta;jakeline.santana;FUP — Tentar contato novamente
tarefa:h180c260bf5;nova;OPA COMERCIO LTDA;omie:2026/00177;reuniao;2026-09-02 10:00;aberta;jakeline.santana;Reunião — REAGENDAMENTO
tarefa:h25c4025c0e;nova;TRIWATT TECNOLOGIA ELETRICA LTDA;omie:2026/00154;ligacao;2026-09-02 10:31;aberta;bruno.goncalo;FUP — A FAZER: Verificar se o Edmar deu algum retorno sobre nosso e-mail e em caso de negativa, ligar para o mesmo verificando se ficou alguma dúvida sobre o e-mail com a tabela de preços dos serviços
tarefa:h5065757f88;nova;ORIGINAL PRECATORIOS E DIREITOS CREDITORIOS BR7 LTDA;omie:2026/00306;outro;2026-09-02 11:06;aberta;gabriel.lira;Não Informado — Retomar contato com Daiane
tarefa:h4a2d740f8c;nova;KENIA CARLA DOTTI OLIVEIRA;omie:2026/00220;ligacao;2026-09-02 11:11;aberta;gabriel.lira;Touch — Tentar novo contato.
tarefa:hbb607c7b00;nova;LIFE PONG GRANJA JULIETA LTDA;omie:2026/00292;ligacao;2026-09-02 11:12;aberta;gabriel.lira;Touch — Tentar novo contato.
tarefa:heeea510287;nova;MARMITAS FIT REFEICAO SAUDAVEL E PRATICA LTDA;omie:2026/00302;ligacao;2026-09-02 11:28;aberta;gabriel.lira;Touch — Tentar novo contato.
tarefa:h263122f9b7;nova;MACAPLAST COMERCIO DE SUCATAS DE PLASTICOS LTDA;omie:2026/00295;ligacao;2026-09-02 11:45;aberta;gabriel.lira;Touch — Tentar novo contato com Bruno
tarefa:h9cdbfa3ddc;nova;NEIDE GOMES DE MELO;omie:linha-148;outro;2026-09-02 13:44;aberta;wellington.souza;Não Informado — tentar contato nov
tarefa:ha305106a47;nova;ELETROTHERMO COMERCIO E INDUSTRIA LTDA;omie:2026/00206;ligacao;2026-09-02 14:05;aberta;comercial;Touch — 21/08 - Ricardo respondeu meu e-mail e pediu para entrar em contato em setembro pois estão em semana de feira. A FAZER: Chamar o Ricardo e verificar a possibilidade de agendar uma reunião de a
tarefa:h6674c9edd2;nova;IFOLLOW DESENVOLVIMENTO E LICENCIAMENTO DE SOFTWARE LTDA;omie:2026/00229;ligacao;2026-09-02 14:32;aberta;comercial;Touch — A FAZER: Verificar se o Marcus deu um retorno referente ao agendamento da reunião.
tarefa:hc3d557e5a3;nova;EDLEI TECNOLOGIA E SOLUCOES EM PORTAS LTDA;omie:2026/00276;ligacao;2026-09-02 15:31;aberta;bruno.goncalo;FUP — A FAZER: Retomar contato com o Guilherme, verificando se ficou com alguma dúvida sobre nossa proposta comercial.
tarefa:hd3e0672113;nova;MEDICINA RMF SERVICOS MEDICOS LTDA.;omie:2026/00156;ligacao;2026-09-02 15:58;aberta;bruno.goncalo;FUP — A FAZER: Retomar contato com a Nádia e verificar se ela conseguiu se reunir com os doutores para falar sobre a mudança da empresa prestadora de serviços de SST.
tarefa:h2b74a4a031;nova;TRAVELUX COMERCIO DE ARTIGOS PARA VIAGEM LTDA.;omie:2026/00248;ligacao;2026-09-03 09:12;aberta;bruno.goncalo;FUP — A FAZER: Retomar contato com a Bianca para verificar se ela ficou com alguma dúvida sobre nossa proposta comercial e se podemos evoluir com a negociação do projeto de SST
tarefa:h576108a5e5;nova;QUINOVA LTDA;omie:2026/00132;ligacao;2026-09-03 10:00;aberta;comercial;Touch — A FAZER: Entrar em contato com a Valdete e verificar a possibilidade de agendar uma reunião de apresentação.
tarefa:hd36109a1d7;nova;AUTOMATIC COMERCIO E REPRESENTACOES LTDA;omie:2026/00277;reuniao;2026-09-03 14:00;aberta;jakeline.santana;Reunião — Reunião agendada para 03/09 ás 14h00. A Vera não é do RH, mas solicitei a ela que seria interessante a participação de algum responsável do RH nessa reunião.
tarefa:h8e6d86bb1b;nova;HIGI MULHER COMERCIO E SERVICOS LTDA;omie:2026/00146;ligacao;2026-09-03 15:07;aberta;bruno.goncalo;Touch — A FAZER: Ligar para a Dayana para verificar se lhe deram algum retorno sobre nossa proposta.
tarefa:h90c74e8eb3;nova;HPEI - HIDRAULICA PNEUMATICA E ELETRICA INDUSTRIAL LTDA;omie:2026/00310;ligacao;2026-09-03 15:09;aberta;gabriel.lira;Touch — Retomar o contato sobre o e-mail enviado.
tarefa:h400c3a6cba;nova;ADVENTURE BR DESIGN E PROJETOS DE LOCACOES LTDA;omie:2026/00264;ligacao;2026-09-03 15:20;aberta;gabriel.lira;Touch — Confirmar data e horário com Davi
tarefa:h2ffe894667;nova;JURERE PADARIA E CAFE LTDA;omie:2026/00252;ligacao;2026-09-03 15:49;aberta;bruno.goncalo;FUP — A FAZER: Verificar se a Nilva ficou com alguma dúvida sobre nossa proposta comercial e se podemos evoluir com o projeto de SST
tarefa:hc881c9ed4a;nova;ESPACO CIDADE JARDIM EVENTOS LTDA;omie:2026/00317;ligacao;2026-09-03 17:08;aberta;gabriel.lira;Touch — Tentar novo contato.
tarefa:h306e39eb30;nova;PEREIRA MONTENEGRO ASSESSORIA EMPRESARIAL LTDA;omie:2026/00254;ligacao;2026-09-04 09:42;aberta;bruno.goncalo;FUP — A FAZER: Retomar contato com a Rute via ligação, para evoluirmos com o projeto de SST.
tarefa:h011e3ab521;nova;SORIXA SERVICOS DE SOFTWARE LTDA;omie:2026/00265;ligacao;2026-09-04 09:58;aberta;gabriel.lira;Touch — Retomar o contato com Virgínia
tarefa:h62847d3ba4;nova;MAX-MACHINE MAQUINAS E EQUIPAMENTOS INDUSTRIAIS LTDA;omie:2026/00144;ligacao;2026-09-04 10:00;aberta;comercial;Touch — A FAZER: Chamar a Veronica e agendar a reunião de apresentação.
tarefa:h59e0169623;nova;961 IMPORTACOES DE VARIEDADES LTDA;omie:2026/00275;ligacao;2026-09-04 10:32;aberta;gabriel.lira;Touch — Retomar o contato para agendar reunião.
tarefa:h05a80625e3;nova;VIVAS TELECOMUNICACOES LTDA;omie:2026/00293;ligacao;2026-09-04 10:52;aberta;gabriel.lira;Touch — Retomar o contato e verificar se faz sentido marcar a reunião
tarefa:h530029ed83;nova;DAVIMA COMERCIAL E IMPORTADORA LTDA;omie:2026/00212;ligacao;2026-09-04 10:58;aberta;gabriel.lira;Touch — Tentar novo contato.
tarefa:h26325c4186;nova;SANTO BROTO LTDA;omie:2026/00217;ligacao;2026-09-04 11:30;aberta;gabriel.lira;Touch — Tentar novo contato.
tarefa:hef0cec16f1;nova;ARMAZEM BOA NOVA LTDA;omie:2026/00218;ligacao;2026-09-04 11:39;aberta;gabriel.lira;Touch — Tentar novo contato com Ricardo.
tarefa:he19a21c259;nova;INTERMODAL BRASIL LOGISTICA S.A.;omie:2026/00269;reuniao;2026-09-04 14:00;aberta;bruno.goncalo;Reunião — IBL Logistica 03.558.055/0001-00 | Apresentação Controller MedSeg 04/09 às 14:00 ONLINE Contato: Vinicius (responsável pela área de Segurança do Trabalho) Cel: 11 93010-7795 Email: vinicius.
tarefa:h7e175b35f5;nova;SEVILHA PECAS PARA TRATORES LTDA;omie:2026/00266;ligacao;2026-09-04 14:01;aberta;gabriel.lira;Touch — Retomar contato
tarefa:hfb035b833a;nova;ALPHA RECICLAGEM INDUSTRIAL LTDA.;omie:2026/00296;ligacao;2026-09-04 14:18;aberta;gabriel.lira;Touch — Tentar novo contato.
tarefa:hda253d62d1;nova;TTL EXPRESS TRANSPORTES E LOGISTICA LTDA;omie:2026/00286;ligacao;2026-09-04 14:42;aberta;gabriel.lira;Touch — Tentar novo contato.
tarefa:h21c29e7e9d;nova;JOMIL;omie:linha-96;ligacao;2026-09-04 15:19;aberta;gabriel.lira;Touch — tentar novo contato
tarefa:hd296b0c186;nova;30.932.803 KARLA DA COSTA PINHEIRO PUPO;omie:2026/00207;outro;2026-09-04 15:46;aberta;gabriel.lira;Não Informado — tentar novo contato
tarefa:heaab0ca176;nova;SITNA COMERCIO E SERVICOS LTDA;omie:2026/00313;ligacao;2026-09-04 16:23;aberta;gabriel.lira;Touch — Tentar novo contato.
tarefa:hb19f820e46;nova;COUTECNICA EQUIPAMENTOS INDUSTRIAIS LTDA;omie:2026/00315;ligacao;2026-09-04 16:52;aberta;gabriel.lira;Touch — Tentar novo contato.
tarefa:h2cb9616ffb;nova;RECEL SISTEMAS CONTRA INCENDIO LTDA;omie:2026/00316;ligacao;2026-09-04 17:00;aberta;gabriel.lira;Touch — Tentar novo contato.
tarefa:h1773b9c85e;nova;RANCHARIA TOUR LTDA;omie:2026/00270;ligacao;2026-09-04 17:22;aberta;gabriel.lira;Touch — Retomar o contato com Anna
tarefa:h11e624d43e;nova;B.B.A COMEX: RJ 01;omie:2026/00009;ligacao;2026-09-07 08:58;aberta;comercial;Touch — A FAZER: Tentar contato com o Rubens novamente.
tarefa:hccc1d64b0e;nova;AMA TRANSPORTES SA;omie:2026/00301;ligacao;2026-09-07 14:03;aberta;gabriel.lira;Touch — Entrar em contato com Liriel caso não tenha um retorno do RH
tarefa:hce2ed106e0;nova;SANESOLUTI COMERCIO DE INSTRUMENTACAO E CONTROLE LTDA;omie:2026/00289;ligacao;2026-09-07 14:24;aberta;gabriel.lira;Touch — tentar novo contato
tarefa:h9b95c1daaa;nova;ALPHA DRILLING LTDA;omie:2026/00309;ligacao;2026-09-07 14:57;aberta;gabriel.lira;Touch — Verificar com Saulo se foi analisada apresentação enviada no e-mail.
tarefa:h6c3a9ffcae;nova;PROLIBER COMERCIO LTDA;omie:2026/00314;ligacao;2026-09-07 16:28;aberta;gabriel.lira;Touch — tentar novo contato
tarefa:h6591912e8e;nova;OXTHER INDUSTRIA DE COSMETICOS LTDA;omie:2026/00127;ligacao;2026-09-08 09:00;aberta;jakeline.santana;FUP — A fazer - retomar o contato com a Laise, verificar se podemos dar prosseguimento no contrato.
tarefa:he43f0e2505;nova;NN MANUTENCAO EM REDUTORES E USINAGEM LTDA;omie:2026/00321;ligacao;2026-09-08 09:00;aberta;jakeline.santana;Touch — Reunião de apresentação agendada para 08/09 ás 09h00.
tarefa:he33e85ab3a;nova;NEUPLAST INDUSTRIA E COMERCIO DE PLASTICOS LTDA;omie:linha-151;ligacao;2026-09-08 10:00;aberta;wellington.souza;FUP — 100 - brasmed - paga mais de 15,00 por vida - renovou em novembro agora e já entregaram os laudos - ficou bem interessado apesar de já terem fechado o contrato e disse que vai guardar nosso cont
tarefa:h34a0f8ef89;nova;ULTRA SOLARES SERVICOS DE ENGENHARIA ELETRICA LTDA;omie:2026/00160;ligacao;2026-09-08 10:00;aberta;bruno.goncalo;FUP — A FAZER: Ligar para Natalia para entender se faz sentido o contrato ou vai continuar contratando o serviços de SST de forma avulsa.
tarefa:hb41ecc8ac1;nova;LAFORMA COMERCIO E SERVICO LTDA;omie:2026/00281;ligacao;2026-09-08 11:13;aberta;comercial;Touch — A FAZER: verificar com o Silvio a possibilidade de agendarmos uma reunião de apresentação.
tarefa:h6a6710e313;nova;SUPER SONIC TELECOM LTDA;omie:2026/00273;ligacao;2026-09-08 11:28;aberta;comercial;Touch — A FAZER: Tentar contato novamente com a Josy
tarefa:hbc62412005;nova;PETRA TECNICA COMERCIAL DE PIGMENTOS LTDA;omie:2026/00237;ligacao;2026-09-08 11:31;aberta;comercial;Touch — A FAZER: Verificar se o Waldemar deu um retorno referente ao agendamento da reunião.
tarefa:h76348c5ba8;nova;Pessoa Física;omie:linha-282;ligacao;2026-09-08 11:57;aberta;comercial;Touch — A FAZER: Tentar contato novamente com o Fernando
tarefa:h062efadc00;nova;CIS TREINAMENTO EM DESENVOLVIMENTO PROFISSIONAL E GERENCIAL LTDA;omie:2026/00255;ligacao;2026-09-08 14:01;aberta;comercial;Touch — A FAZER: Verificar se a Jessica já escolheu uma data para agendarmos a reunião.
tarefa:hfd57e8e5e0;nova;ANEK RESISTENCIAS ELETRICAS LTDA;omie:2026/00245;ligacao;2026-09-08 14:20;aberta;comercial;Touch — A FAZER: Tentar contato novamente e verificar a possibilidade de agendar uma reunião de apresentação.
tarefa:hbd3e31a8b5;nova;EMILIA BEM CASADOS COM DE DOCES LTDA;omie:linha-57;ligacao;2026-09-08 15:49;aberta;jakeline.santana;FUP — Tentar contato novamente com o Joao, caso não tenha retorno sobre a proposta, ficar a disposição e encerrar a oportunidade.
tarefa:h2a3d1259fb;nova;SUPER SONIC TELECOM LTDA;omie:2026/00273;ligacao;2026-09-08 17:04;concluída;comercial;Touch — A FAZER: Tentar contato novamente com a Josy --- REALIZADO: Sem sucesso, tentar novamente
tarefa:ha1419bf507;nova;NAIRO GILMAR DA SILVA THEOBALD LTDA;omie:2026/00272;ligacao;2026-09-08 17:05;aberta;comercial;Touch — A FAZER: Tentar contato novamente com a Luana.
tarefa:he7d594de14;nova;DI VENETO ALIMENTOS LTDA;omie:2026/00129;ligacao;2026-09-08 17:07;aberta;comercial;Touch — A FAZER: Verificar possibilidade de agendarmos uma reunião online de apresentação.
tarefa:h973ce47040;nova;EXTERNATO DE EDUCACAO INFANTIL SANTA RITA LTDA;omie:2026/00148;ligacao;2026-09-09 10:00;aberta;jakeline.santana;FUP — A fazer - caso a Hadarssa ou a Sarah não tenha dado retorno verificar com o well se ele irá presencialmente até lá
tarefa:h3674f9d7ff;nova;JOY TUBOS COMERCIAL LTDA;omie:2026/00268;ligacao;2026-09-09 10:11;aberta;gabriel.lira;Touch — Retornar o contato com Onilda
tarefa:h767e96e034;nova;FISIO QUALY SERVICOS DE SAUDE LTDA;omie:linha-66;outro;2026-09-09 14:00;aberta;wellington.souza;Não Informado — ligar para falar sobre possivel parceria
tarefa:hab2320b913;nova;ANA GAMING BRASIL SA;omie:2026/00173;ligacao;2026-09-09 16:48;aberta;comercial;Touch — Tentar contato com o Thiago para tentarmos agendar uma reunião com o RH
tarefa:h7fa1552438;nova;L DAS NEVES BONIFACIO MONTAGEM INDUSTRIAL;omie:2026/00203;ligacao;2026-09-14 10:56;aberta;comercial;Touch — A FAZER: Tentar contato com o cliente
tarefa:he4644f4923;nova;LIGA PRODUTOS PARA SORVETES;omie:2026/00028;outro;2026-09-14 11:10;aberta;comercial;Não Informado — A FAZER: Tentar contato novamente com a Erica (RH) 11 94991-2971
tarefa:h5ca2118904;nova;AIPO ENGENHARIA LTDA;omie:2026/00244;ligacao;2026-09-14 11:58;aberta;comercial;Touch — A FAZER: Verificar se a Letticia escolheu uma data para a reunião.
tarefa:hedd8e31ed0;nova;DIAMOND COMERCIO DE PECAS E FERRAGENS LTDA.;omie:2026/00231;outro;2026-09-15 11:39;aberta;comercial;Não Informado — A FAZER: Verificar se o Vagner deu um retorno referente ao agendamento da reunião.
tarefa:hefa143fa22;nova;AMARELINHOS BAR BELA VISTA LTDA;omie:2026/00149;ligacao;2026-09-17 09:07;aberta;bruno.goncalo;FUP — A FAZER: Verificar com a Katharynne se conseguiram evoluir com o cancelamento do contrato com a empresa de SSTpara evoluirmos com as negociações.
tarefa:h26c1f78652;nova;TORRE EMERGENCIAS MEDICAS LTDA;omie:2026/00193;ligacao;2026-09-18 09:24;aberta;gabriel.lira;Touch — Retomar o contato.
tarefa:he86e7c7d49;nova;MEGA POLO;omie:linha-121;ligacao;2026-09-18 13:00;aberta;gabriel.lira;FUP — fazer novo cntato para tentar nova proposta
tarefa:h4e35b7d029;nova;CONNECT DIGITAL SERVICOS ADMINISTRATIVOS LTDA;omie:2026/00191;ligacao;2026-09-21 10:32;aberta;comercial;Touch — A FAZER: Tentar contato com o Carlos novamente.
tarefa:h89a1d84e01;nova;ZETTI QUIMICA COMERCIAL EIRELI;omie:2026/00199;ligacao;2026-09-21 11:12;aberta;comercial;Touch — A FAZER: Tentar contato novamente com o cliente
tarefa:hd905d0abef;nova;GARDEN INDUSTRIA E COMERCIO DE COSMETICOS LTDA;omie:2026/00130;ligacao;2026-09-22 16:50;aberta;comercial;Touch — A FAZER: Tentar contato novamente com o cliente
tarefa:hb2a3c6033c;nova;DIAS METALS INDUSTRIAL E COMERCIAL LTDA;omie:2026/00200;outro;2026-09-23 11:54;aberta;comercial;Não Informado — A FAZER: Tentar contato novamente com o cliente
tarefa:hdf1c516086;nova;CESAR TRANSPORTES, GUINDASTES E EQUIPAMENTOS S.A;omie:2026/00155;ligacao;2026-09-28 10:06;aberta;gabriel.lira;Touch — Verificar com a Jake se ela conseguiu contato pessoalmente.
tarefa:hd524c0c945;nova;RENATO MOREIRA GOMES;omie:2026/00251;ligacao;2026-09-28 15:00;aberta;comercial;Touch — Em contato com a Rose, ela informou que no momento não tem disponibilidade para a reunião devido a um evento que estão fazendo. Me pediu para entrar em contato no final de setembro. A FAZER: e
tarefa:h21d75fe1ed;nova;FALCON HOTEIS PETROPOLIS LTDA;omie:2026/00290;ligacao;2026-10-02 16:54;aberta;gabriel.lira;Touch — Retomar o contato com Gisele sobre SST
tarefa:h3365c62145;nova;TRIPLE T DISTRIBUIDORA DE VEICULOS LTDA;omie:linha-309;outro;2026-10-05 11:47;aberta;wellington.souza;Não Informado — Tentar contato novamente
tarefa:hc483d91a61;nova;SUPER COLLOR FABRICACAO DE MATERIAIS PLASTICOS LTDA;omie:2026/00159;ligacao;2026-10-06 14:56;aberta;bruno.goncalo;FUP — A FAZER: Retomar contato com a Jakeline verificando se é o momento para retomarmos o projeto de SST. Reforçar, que não conseguimos manter as condições feitas da última vez.
tarefa:hb0c2fec494;nova;INST. DE ORIENTAÇÃO AS COOP. HAB DE SP INOCOOP SAO;omie:linha-90;ligacao;2026-10-07 09:18;aberta;wellington.souza;FUP — ENTRAR EM CONTATO COM GISELE PARA POSSIVEL PROPOSTA
tarefa:h4475ddc10b;nova;DOCENEL COMERCIO DE GENEROS ALIMENTICIOS LTDA;omie:linha-47;ligacao;2026-10-07 10:00;aberta;wellington.souza;FUP — LIGAR EM JANEIRO JULIANA ESTAVA SUPER FECHADA, ESTÁ SATISFEITA COM O PRESTADOR TENTAR CONTATO, DEREPENTE ELA ESTÁ EM UM DIA MELHOR TENTAR EMAIL E QUANT DE FUNCIONÁRIOS
tarefa:h0ca4784622;nova;NEIDA PAULINA LACERDA;omie:linha-147;outro;2026-10-08 10:49;aberta;wellington.souza;Não Informado — retorno
tarefa:hd55baa10ef;nova;RAPHAELA LAGOON GASTRO BAR LTDA;omie:linha-280;ligacao;2026-10-13 14:00;aberta;wellington.souza;FUP — enviar nova prposta
tarefa:h8e230556d0;nova;Roberta GARDEN TAPAJOS GASTRO BAR LTDA;omie:linha-287;ligacao;2026-10-13 15:00;aberta;wellington.souza;FUP — enviar nova proposta
tarefa:h35207a0a0f;nova;DANNY - COLOR COMERCIO DE CORANTES MANUFATURADOS LTDA;omie:2026/00138;ligacao;2026-11-03 15:46;aberta;comercial;Touch — A FAZER: Retomar contato com o Guilherme, verificando se podemos realizar a apresentação do projeto de SST.
tarefa:h46db754835;nova;MENEIS DE OLIVEIRA MACIEL MARCENARIA - EIRELI;omie:2026/00285;ligacao;2026-11-20 15:06;aberta;gabriel.lira;Touch — Retomar o contato após as eleições.
tarefa:h5dc0216c0b;nova;EXCLUSIVA AGENCIAMENTO E TERCEIRIZACAO LTDA;omie:2026/00061;ligacao;2026-12-08 16:50;aberta;gabriel.lira;Touch — Retomar o contato sobre SST
tarefa:h7e8049ec26;nova;EDUC EMPREENDIMENTOS EDUCACIONAIS LTDA;omie:2026/00267;ligacao;2026-12-12 14:20;aberta;gabriel.lira;Touch — Retomar o contato.
tarefa:h3583695570;nova;CLUBE DA CANA BR;omie:2026/00011;outro;2027-01-11 13:28;aberta;wellington.souza;Não Informado — retorno
tarefa:hbd9125be54;nova;INDIANA ARTEFATOS DE BORRACHAS LTDA;omie:linha-84;outro;2027-01-12 16:28;aberta;wellington.souza;Não Informado — tentativas de contato mal sucessidas tentar ano que vem
tarefa:h5c10b77312;nova;POWER FIELD SOLUCOES ELETRICAS LTDA;omie:2026/00147;ligacao;2027-01-13 14:22;aberta;bruno.goncalo;FUP — A FAZER: Retomar contato com o Renato e verificar se agora é o momento para voltarmos a falar do projeto de SST
tarefa:h98ff9842dd;nova;FENOMENAL CORPOS TEXTIL LTDA;omie:linha-64;ligacao;2027-01-13 15:27;concluída;wellington.souza;FUP — So renovam em janeiro de 2027 acabaram de renovar
tarefa:h9f8a5f40a0;nova;LATICINIOS PRIME QUEIJOS LTDA;omie:linha-105;outro;2027-01-13 16:52;aberta;wellington.souza;Não Informado — retorno
tarefa:he64569ec45;nova;STONGEL (ANA CARINE MARTINS LTDA);omie:2026/00070;outro;2027-01-14 11:50;aberta;wellington.souza;Não Informado — Tentar contato novamente
tarefa:h1f3f1bf0bd;nova;SPRINTER RECURSOS HUMANOS LTDA;omie:linha-299;outro;2027-01-15 15:32;aberta;wellington.souza;Não Informado — retorno
tarefa:heaa99c16ae;nova;BERTHOLDI LAVANDERIA LTDA;omie:2026/00190;ligacao;2027-01-18 13:13;aberta;comercial;Touch — Entrar em contato com o administrativo 73 9830-8406 verificando a possibilidade de agendar uma reunião de apresentação.
tarefa:h82d5d5c094;nova;VERTICAL PETROLEO LTDA;omie:2026/00175;ligacao;2027-01-18 13:48;aberta;comercial;Touch — A FAZER: Entrar em contato com o Rony e verificar a possibilidade de agendar uma reunião online de apresentação.
tarefa:he7615fa3f7;nova;IDEAL 2 COMERCIO E SERVICOS DE EMBALAGENS LTDA EPP;omie:linha-82;outro;2027-01-22 11:37;aberta;wellington.souza;Não Informado — retorno
tarefa:he0f912bed3;nova;AUTOPEL AUTOMACAO COMER E INFORMATICA LTDA;omie:linha-29;outro;2027-01-22 16:54;aberta;wellington.souza;Não Informado — sem sucesso no contato retornar ano que vem
tarefa:he686052252;nova;PRIMICIA DOS PÃES;omie:linha-186;outro;2027-02-02 09:09;aberta;wellington.souza;Não Informado — tentar nov uma nova abordagem
tarefa:h6696e6fd0e;nova;ING SUPERABRASIVOS IND E COMERCIO LTDA-EPP;omie:linha-88;outro;2027-02-03 15:16;aberta;wellington.souza;Não Informado — retorno
tarefa:h6ef87ec09a;nova;INJEQUALY INDUSTRIA E COMERCIO LTDA;omie:linha-89;outro;2027-02-04 10:40;aberta;wellington.souza;Não Informado — uma nova tentativa de abordagem
tarefa:h498070e74a;nova;VANNUCCI IMPORT,EXPORTACAO E COMERC.DE AUTO PECAS;omie:linha-314;ligacao;2027-02-10 09:14;aberta;jakeline.santana;FUP — A fazer - Retomar o contato com a Sandra, verificar se podemos retomar as negociações referente ao contrato de prestação de serviços de medicina e segurança do trabalho. Consegui contato no tele
tarefa:h570554b6d0;nova;MFV EMPREENDIMENTO;omie:2026/00015;outro;2027-02-10 14:31;aberta;wellington.souza;Não Informado — tentar novamente uma abordagem
tarefa:h9b95b31f7c;nova;MAURICIO OZI SOCIEDADE DE ADVOGADOS;omie:linha-117;outro;2027-02-11 10:13;aberta;wellington.souza;Não Informado — Tentar contato novamente
tarefa:h48a6821aa4;nova;ECOMASTER INDUSTRIA E COMERCIO DE PRODUTOS QUIMICO;omie:linha-51;outro;2027-02-11 14:00;aberta;wellington.souza;Não Informado — nova tentativa para uma reunião
tarefa:h7f3e18a281;nova;ALGE METALURGICA LTDA;omie:2026/00262;ligacao;2027-03-30 15:00;aberta;comercial;Touch — Verificar a possibilidade de agendar uma reunião com o Fernando.
tarefa:h304add091b;nova;EBE ORGANIZACAO INTEGRADA LTDA;omie:2026/00131;ligacao;2027-04-05 10:00;aberta;comercial;Touch — A FAZER: Entrar em contato e verificar a possibilidade de agendar uma reunião de apresentação.
tarefa:h576e361dfa;nova;CAMPO BELO GERENCIA LTDA.;omie:2026/00008;ligacao;2027-04-07 10:45;aberta;wellington.souza;FUP — Tarefa de novo contato em 04/27 com a responsavel para uma nova tentativas
tarefa:h9db5fa6925;nova;Pessoa Física;omie:2026/00120;ligacao;2027-06-10 15:30;aberta;wellington.souza;Touch — Tentar novamente uma oportunidade.
tarefa:hf39caa3ce4;nova;KAUÊ-SERRANO GUARDIA CONSTRUTORA E INCORPORADORA LTDA;omie:linha-100;ligacao;2027-09-08 11:00;aberta;wellington.souza;FUP — Kaue pediu para entrar em contato no inicio do proximo semestre pois irao iniciar uma nova obra e havera novas contrataçoes 08/09/2026
