linha;data;conta;cnpj;fase_omie;tipo_omie;realizada;atribuido;descricao
3;2025-10-01;KABE METALURGICA;42.199.532/0001-40;06 Conclusão;Touch;S;;TAIRINE - adm@kabemetalurgica.com.br - 14 funcionários ACABARAM DE RENOVAR - SÁ ANO QUE VEM - NÃO QUER FALAR DISSO MANDEI APRESENTAÇÃO POR EMAIL
10;2025-10-01;KABE METALURGICA;42.199.532/0001-40;06 Conclusão;e-mail;N/D;;*Controller MedSeg* Parceria em SST e Medicina Ocupacional, para mais segurança e eficiência
15;2025-10-02;SUMAFER COMERCIO DE FERRAGENS LTDA-ME;54.956.552/0001-05;06 Conclusão;Touch;S;;ATUALIZAR - estava ocupado mandei eoutro email, ret amanhã FAZER CONTATO - LUCAS NÃO ESTAVA, CONSEGUI O EMAIL E ENVIEI FALEI COM A CIDA - 36 FUNC RESP LUCAS NÃO ESTAVA - NÃO PODE ME PASSAR NEM O EMAIL NEM O WHATSAPP
16;2025-10-02;FAQUI SEGURANCA E VIGILANCIA LTDA;02.428.619/0001-27;06 Conclusão;Reunião;S;Karine Ribeiro;TRABALHAM A MUITOS ANOS COM A MESMA EMPRESA EU DISSE QUE POR ISSO É IMPORTANTE ELES ESTAREM ABERTOS AS NOVIDADES ATUAIS QUE OFERECEMOS LAUDOS, ASO , ESOCIAL E SISTEMA PARA A GESTÃO DESSES SERVIÇOS AGENDADO COM SHIRLEY AS 9H30 DO DIA 02/10
19;2025-10-02;SUMAFER COMERCIO DE FERRAGENS LTDA-ME;54.956.552/0001-05;06 Conclusão;e-mail;N/D;;*Controller MedSeg* Parceria em SST e Medicina Ocupacional, para mais segurança e eficiência
24;2025-10-03;SERVCON;0000000;06 Conclusão;Reunião;S;Karine Ribeiro;REUNIÃO PRESENCIAL DIA 03/10 ÀS 10H00 ENVIAR PROPOSTA
28;2025-10-06;SUMAFER COMERCIO DE FERRAGENS LTDA-ME;54.956.552/0001-05;06 Conclusão;Touch;S;;FALEI COM LUCAS - ACEITOU FALAR COM ESPECIALISTA PARA FALAR SOBRE AS NECESSIDADES PARA ELABORAÇÃO DE UMA PROPOSTA - FALOU PARA CHAMAR NO WHATS - 11944736183 ATUALIZAR - estava ocupado mandei eoutro email, ret amanhã FAZER CONTATO - LUCAS NÃO ESTAVA, CONSEGUI O EMAIL E ENVIEI FALEI COM A CIDA - 36 FU
29;2025-10-06;SUMAFER COMERCIO DE FERRAGENS LTDA-ME;54.956.552/0001-05;06 Conclusão;Touch;S;Karine Ribeiro;FALEI COM LUCAS - ACEITOU FALAR COM ESPECIALISTA PARA FALAR SOBRE AS NECESSIDADES PARA ELABORAÇÃO DE UMA PROPOSTA - FALOU PARA CHAMAR NO WHATS - 11944736183
30;2025-10-06;IND PERF DE LAMINADOS MARGARITELLI LTDA;61.154.027/0001-23;06 Conclusão;Touch;S;;margaritelli@uol.com.br - LUIZ FERNANDO - FALEI COM A GENILDA - só por email - 7 func
37;2025-10-06;VEDABRAS;;06 Conclusão;Touch;S;Karine Ribeiro;REGINALDO NÃO ESTAVA FOI NA FABRICA, RETORNA SÓ APÓS O ALMOÇO 115 func - rh@vedabras.com.br a/c juliana e reginaldo entrar em contato para orçamento depois do dia 06/10 pq estão em fechamento de folha e de iso 9000
38;2025-10-06;SERVCON;0000000;06 Conclusão;Reunião;S;;REUNIÃO PRESENCIAL DIA 03/10 ÀS 10H00 ENVIAR PROPOSTA
39;2025-10-06;IND PERF DE LAMINADOS MARGARITELLI LTDA;61.154.027/0001-23;06 Conclusão;e-mail;N/D;;*Controller MedSeg* Parceria em SST e Medicina Ocupacional, para mais segurança e eficiência
45;2025-10-07;VEDABRAS;;06 Conclusão;Reunião;S;;REGINALDO NÃO ESTAVA FOI NA FABRICA, RETORNA SÓ APÓS O ALMOÇO 115 func - rh@vedabras.com.br a/c juliana e reginaldo entrar em contato para orçamento depois do dia 06/10 pq estão em fechamento de folha e de iso 9000 07/10 - ESTÁ MUITO CORRIDO, REAGENDOU PARA DEZEMBRO, MAS ELE ABRIU QUE TRABALHA COM A
48;2025-10-08;SERVCON;0000000;06 Conclusão;FUP;S;;EM CONTATO PELO WHATS
49;2025-10-08;CASA DO ACRILICO;40.612.231/0001-70;06 Conclusão;Touch;S;;fiz contato e passaram um whatsapp
50;2025-10-09;CASA DO ACRILICO;40.612.231/0001-70;06 Conclusão;Touch;S;;fiz contato e passaram um whatsapp MANDEI WHATS CRISTIANE RESPONDEU E NÃO DAVA PRA FALAR
55;2025-10-13;J RYAL E CIA LTDA;61.373.304/0001-99;06 Conclusão;Touch;S;;RAFAELA - 13 FUNC - FAZEM COTAÇÃO NA RENOVAÇÃO QUE OCORRE EM JULHO dp02@layr.com.br
56;2025-10-13;JORGE RICARDO CASTELLO BRANCO;005.534.297-36;06 Conclusão;Touch;S;;LARISSA ATENDENTE - RESPONSÁVEL ESTÁ DE FÉRIAS VOLTA DIA 20/10 - ENTRAR EM CONTATO DIA 24 - cristiane.miranda@fgcomp.com.br
57;2025-10-13;J RYAL E CIA LTDA;61.373.304/0001-99;06 Conclusão;e-mail;N/D;;*Controller MedSeg* Parceria em SST e Medicina Ocupacional, para mais segurança e eficiência
62;2025-10-15;EMBAFAC COMERCIO E INDUSTRIA DE EMBALAGENS LTDA;06.965.480/0001-01;06 Conclusão;Touch;S;;MARIANA FOI DESLIGADA DA EMPRESA E AINDA NÃO TEM RESPONSÁVEL estava almoçando VERIFICAR AGENDAMENTO COM ESPECIALISTA ESTAVA OCUPADA E PEDIU PRA ENVIAR EMAIL EU DISSE QUE ESTAVA ENVIANDO E QUE RETORNAVA
64;2025-10-15;SUMAFER COMERCIO DE FERRAGENS LTDA-ME;54.956.552/0001-05;06 Conclusão;Touch;S;;reagendei - em contato pelo whats FALEI COM LUCAS - ACEITOU FALAR COM ESPECIALISTA PARA FALAR SOBRE AS NECESSIDADES PARA ELABORAÇÃO DE UMA PROPOSTA - FALOU PARA CHAMAR NO WHATS - 11944736183
74;2025-10-20;FAQUI SEGURANCA E VIGILANCIA LTDA;02.428.619/0001-27;06 Conclusão;Reunião;S;Karine Ribeiro;TELEFONE CHAMA E NINGUÉM, ATENDE TRABALHAM A MUITOS ANOS COM A MESMA EMPRESA EU DISSE QUE POR ISSO É IMPORTANTE ELES ESTAREM ABERTOS AS NOVIDADES ATUAIS QUE OFERECEMOS LAUDOS, ASO , ESOCIAL E SISTEMA PARA A GESTÃO DESSES SERVIÇOS AGENDADO COM SHIRLEY AS 9H30 DO DIA 02/10 REAGENDADO PARA 14/10
78;2025-10-20;VEDABRAS;;06 Conclusão;FUP;S;;FALEI COM A JULIANA E ELA DISSE Q O REGINALDO COMENTOU COM ELA MARCAMOS PRA SE FALAR AMANHÃ 21/10 SOBRE O CONTRATO ATUAL (QUANT DE FUNC/ VALOR / DATA DE RENOVAÇÃO) 07/10 - ESTÁ MUITO CORRIDO, REAGENDOU PARA DEZEMBRO, MAS ELE ABRIU QUE TRABALHA COM A RCS, A EMPRESA MAIS CARA E QUE COBRA 2X O VALOR NO
80;2025-10-21;Gabriel FAT;58.415.092/0001-50;06 Conclusão;FUP;S;Karine Ribeiro;GABRIEL - 24 - rh@fundacaofat.org.br - AGENDADO ESPECIALISTA AS 16H00 24/09/2025 Entrei em contato com Gabriel ele disse que tera uma posiçao na segunda semana de outubro pois o corpo diretivo esta voltado para organização dos eventos do mes 10
83;2025-10-21;CASA DO ACRILICO;40.612.231/0001-70;06 Conclusão;Touch;S;;credito@acrilico.com.br - Eugenio Jefferson - 13 func fiz contato e passaram um whatsapp MANDEI WHATS // CRISTIANE RESPONDEU E NÃO DAVA PRA FALAR ATUALIZAR
84;2025-10-21;CASA DO ACRILICO;40.612.231/0001-70;06 Conclusão;e-mail;N/D;;A/C: Eugênio *Controller MedSeg* Parceria em SST e Medicina Ocupacional, para mais segurança e eficiência
85;2025-10-22;FAQUI SEGURANCA E VIGILANCIA LTDA;02.428.619/0001-27;06 Conclusão;Reunião;S;;FAÇEI COM A SHIRLEY E ELA ESTAVA SUPER OPRIMIDA DISSE QUE ELA NÃO RESOLVE NADA E QUE É O ALEXANDRE PEDIU PRA ENVIAR EMAIL QUE ELA IA PERGUNTAR PRO ALEXANDRE SE ELE ACEITARIA UMA REUNIÃO AGENDAR COM ESPECIALISTA TELEFONE CHAMA E NINGUÉM, ATENDE TRABALHAM A MUITOS ANOS COM A MESMA EMPRESA EU DISSE QUE
90;2025-10-23;VEDABRAS;;06 Conclusão;FUP;S;;JULIANA NÃO ENVIOIU O EMAIL, LIGUEI PRA CONFIRMAR O ENVIO E A MESMA NÃO ESTAVA FALEI COM A JULIANA E ELA DISSE Q O REGINALDO COMENTOU COM ELA MARCAMOS PRA SE FALAR AMANHÃ 21/10 SOBRE O CONTRATO ATUAL (QUANT DE FUNC/ VALOR / DATA DE RENOVAÇÃO) 07/10 - ESTÁ MUITO CORRIDO, REAGENDOU PARA DEZEMBRO, MAS 
93;2025-10-27;JORGE RICARDO CASTELLO BRANCO;005.534.297-36;06 Conclusão;Não Informado;S;;DIRETO PRA CAIXA POSTAL LARISSA ATENDENTE - RESPONSÁVEL ESTÁ DE FÉRIAS VOLTA DIA 20/10 - ENTRAR EM CONTATO DIA 24 - cristiane.miranda@fgcomp.com.br FALAR SOBRE UMA POSSIVEL PARCERIA, POIS PRESTAM SERVIÇO DE CONSULTORI DE RH
94;2025-10-27;FAQUI SEGURANCA E VIGILANCIA LTDA;02.428.619/0001-27;06 Conclusão;e-mail;N/D;;*Controller MedSeg* Parceria em SST e Medicina Ocupacional, para mais segurança e eficiência
99;2025-10-30;VEDABRAS;;06 Conclusão;Não Informado;S;;mandei email pra juliana e ressaltei o sistema soc, ela disse que vai responder o email com a minuta do contrato atual para nós mandarmos uma proposta. Fazer contato cobrando a resposta do email ou enviando proposta JULIANA NÃO ENVIOIU O EMAIL, LIGUEI PRA CONFIRMAR O ENVIO E A MESMA NÃO ESTAVA FALEI
100;2025-10-30;VEDABRAS;;06 Conclusão;e-mail;N/D;;*Controller MedSeg* Parceria em SST e Medicina Ocupacional, para mais segurança e eficiência
101;2025-11-03;SUMAFER COMERCIO DE FERRAGENS LTDA-ME;54.956.552/0001-05;06 Conclusão;Touch;S;;REUNIÃO AGENDADA E CONFIRMADA PARA 04/11 - 10H00 COM LUCAS ATUALIZAR reagendei - em contato pelo whats FALEI COM LUCAS - ACEITOU FALAR COM ESPECIALISTA PARA FALAR SOBRE AS NECESSIDADES PARA ELABORAÇÃO DE UMA PROPOSTA - FALOU PARA CHAMAR NO WHATS - 11944736183
107;2025-11-03;REDE VOA;000000000;06 Conclusão;Touch;S;Karine Ribeiro;Fiz contato com a Barbara e a mesma não teve disponibilidade em falar que esse mes nao seria posivel pois a Rede voa esta passando por mudanças internas combinei de fazer contato no inicio de novembro
123;2025-11-06;EMBAFAC COMERCIO E INDUSTRIA DE EMBALAGENS LTDA;06.965.480/0001-01;06 Conclusão;Touch;S;;DANIAMA NÃO ESTAVA VERIFICAR MARIANA FOI DESLIGADA DA EMPRESA E AINDA NÃO TEM RESPONSÁVEL estava almoçando VERIFICAR AGENDAMENTO COM ESPECIALISTA ESTAVA OCUPADA E PEDIU PRA ENVIAR EMAIL EU DISSE QUE ESTAVA ENVIANDO E QUE RETORNAVA
128;2025-11-06;EMBAFAC COMERCIO E INDUSTRIA DE EMBALAGENS LTDA;06.965.480/0001-01;06 Conclusão;e-mail;N/D;;*Controller MedSeg* Parceria em SST e Medicina Ocupacional, para mais segurança e eficiência
130;2025-11-07;SUMAFER COMERCIO DE FERRAGENS LTDA-ME;54.956.552/0001-05;06 Conclusão;Reunião;S;Karine Ribeiro;REUNIÃO AGENDADA E CONFIRMADA PARA 04/11 - 10H00 COM LUCAS EM CONTATO COM A KARINE POR WHATS
132;2025-11-07;VEDABRAS;;06 Conclusão;FUP;S;;FALEI COM A JULIANA, ELA DISSE QUE O CHEFE DELA PERGUNTOU DE MIM PQ ELES ESTÃO COM INTERESSE EM TROCAR DE EMPRESA ESTÃO HOJE 07/11 FAZENDO BRIGADA DE INCENDIO NA FABRICA 120 FUNC DISSE QUE VAI ME MANDAR SEM FALTA, (FAZ 2 SEMANAS) O CONTRATO ATUAL DA EMPRESA QUE PRESTA SERVIÇOS PARA ELES VERFICICAR S
133;2025-11-07;VEDABRAS;;06 Conclusão;Não Informado;S;Karine Ribeiro;Tentar contato novamente
135;2025-11-10;ASTHI COMERCIAL LTDA - ME;58.840.380/0001-52;06 Conclusão;Touch;S;;SOLANGE - MARIA -vendas1@milassentos.com.br - 10 func MARIA NÃO ESTAVA, MANDEI EMAIL
136;2025-11-10;L.A PRINT SUPRIMENTOS DE INFORMATICA LTDA - ME;14.695.478/0001-98;06 Conclusão;Não Informado;S;;EMPRESA INATIVA
137;2025-11-10;LA VIAJENS E TURISMO LTDA;07.570.424/0001-30;06 Conclusão;Não Informado;S;;TELEFONES NÃO EXISTEM
138;2025-11-10;ASTHI COMERCIAL LTDA - ME;58.840.380/0001-52;06 Conclusão;e-mail;N/D;;*Controller MedSeg* Parceria em SST e Medicina Ocupacional, para mais segurança e eficiência
139;2025-11-11;SUMAFER COMERCIO DE FERRAGENS LTDA-ME;54.956.552/0001-05;06 Conclusão;Touch;S;Karine Ribeiro;ligar para conversar Com Lucas ha uma conversa no WHATSAPP porem vou ligar para conversar melhor Lucas nao conseguiu nos atender estava em reunião Fazer nova tentativa
140;2025-11-12;DOCPRINT SERVICE TECNOLOGIA LTDA;05.373.051/0001-82;06 Conclusão;Touch;S;;RENOVA EM JULHO FAZER CONTATO 01/09 - FALEI COM A GLEICE, CORRIDA POR CAUSA DO SISTEMA, NÃO TEM WHATS, PASSOU EMAIL DO RH, ACABOU DE RENOVAR O CONTRATO, PELA CORRERIA DO SISTEMA NÃO TEM TEMPO PARA FALAR DO COM NOSSO ESPECIALISTA, ENVIEI EMAIL
143;2025-11-12;VEDABRAS;;06 Conclusão;FUP;S;;JULIANA ESTAVA FAZENDO O 13o PEDIU PARA LIGAR NA SEXTA FEIRA FALEI COM A JULIANA, ELA DISSE QUE O CHEFE DELA PERGUNTOU DE MIM PQ ELES ESTÃO COM INTERESSE EM TROCAR DE EMPRESA ESTÃO HOJE 07/11 FAZENDO BRIGADA DE INCENDIO NA FABRICA 120 FUNC DISSE QUE VAI ME MANDAR SEM FALTA, (FAZ 2 SEMANAS) O CONTRAT
146;2025-11-13;EMBAFAC COMERCIO E INDUSTRIA DE EMBALAGENS LTDA;06.965.480/0001-01;06 Conclusão;Touch;S;;PEDIU PARA ENVIAR O EMAIL NOVAMENTE DANIAMA NÃO ESTAVA NA SALA, MANDEI EMAIL, RETORNASR PARA VERIFICAR O RECEBIMENTO VERIFICAR MARIANA FOI DESLIGADA DA EMPRESA E AINDA NÃO TEM RESPONSÁVEL estava almoçando VERIFICAR AGENDAMENTO COM ESPECIALISTA
147;2025-11-13;SUMAFER COMERCIO DE FERRAGENS LTDA-ME;54.956.552/0001-05;06 Conclusão;Touch;S;Karine Ribeiro;ligar para conversar Com Lucas ha uma conversa no WHATSAPP porem vou ligar para conversar melhor Lucas nao conseguiu nos atender estava em reunião Fazer nova tentativa
148;2025-11-13;FAQUI SEGURANCA E VIGILANCIA LTDA;02.428.619/0001-27;06 Conclusão;Touch;S;;TELEFONE O DIA TODO OCUPADO FAÇEI COM A SHIRLEY E ELA ESTAVA SUPER OPRIMIDA DISSE QUE ELA NÃO RESOLVE NADA E QUE É O ALEXANDRE PEDIU PRA ENVIAR EMAIL QUE ELA IA PERGUNTAR PRO ALEXANDRE SE ELE ACEITARIA UMA REUNIÃO VOLTAR A LIGAR E TENTAR CONTATO COM ELE
155;2025-11-13;EMBAFAC COMERCIO E INDUSTRIA DE EMBALAGENS LTDA;06.965.480/0001-01;06 Conclusão;e-mail;N/D;;*Controller MedSeg* Parceria em SST e Medicina Ocupacional, para mais segurança e eficiência
156;2025-11-14;FAQUI SEGURANCA E VIGILANCIA LTDA;02.428.619/0001-27;06 Conclusão;Não Informado;S;;há semanas telefone só chama e ningu´m atende fazer mais uma tentativa 14/11 - 11:07 - TELEFONE SÓ CHAMA, MANDEI EMAIL TELEFONE O DIA TODO OCUPADO FAÇEI COM A SHIRLEY E ELA ESTAVA SUPER OPRIMIDA DISSE QUE ELA NÃO RESOLVE NADA E QUE É O ALEXANDRE PEDIU PRA ENVIAR EMAIL QUE ELA IA PERGUNTAR PRO ALEXAN
157;2025-11-14;FAQUI SEGURANCA E VIGILANCIA LTDA;02.428.619/0001-27;06 Conclusão;Não Informado;S;;TELEFONE SÓ CHAMA E NINGUÉM ATENDE
159;2025-11-14;VEDABRAS;;06 Conclusão;Touch;S;;falei com a juliana, ela disse que vai me mandar, retornar para pedir email dela JULIANA ESTAVA FAZENDO O 13o PEDIU PARA LIGAR NA SEXTA FEIRA FALEI COM A JULIANA, ELA DISSE QUE O CHEFE DELA PERGUNTOU DE MIM PQ ELES ESTÃO COM INTERESSE EM TROCAR DE EMPRESA ESTÃO HOJE 07/11 FAZENDO BRIGADA DE INCENDIO
162;2025-11-17;JORGE RICARDO CASTELLO BRANCO;005.534.297-36;06 Conclusão;Touch;S;;LARISSA DISSE QUE CRISTIANE SÓ POR EMAIL, MANDEI EMAIL TENTAR CONTATO MAIS PRA FRENTE
163;2025-11-17;ASTHI COMERCIAL LTDA - ME;58.840.380/0001-52;06 Conclusão;Touch;S;;DISSE QUE RH É TERCEIRIZADO, EMAIL VENDAS1 É DELA, NÃO CONHECE MARIA, E NÃO AJUDOU EM NADA SOLANGE - MARIA -vendas1@milassentos.com.br - 10 func MARIA NÃO ESTAVA, MANDEI EMAIL pessoa que atendeu disse nao se interessar e maria nunca existiu.
164;2025-11-17;LANNEL LTDA EPP;03.065.433/0001-13;06 Conclusão;Não Informado;S;;EMPRESA INATIVA
169;2025-11-17;JORGE RICARDO CASTELLO BRANCO;005.534.297-36;06 Conclusão;e-mail;N/D;;*Controller MedSeg* Parceria em SST e Medicina Ocupacional, para mais segurança e eficiência
173;2025-11-17;VEDABRAS;;06 Conclusão;e-mail;N/D;;*Controller MedSeg* Parceria em SST e Medicina Ocupacional, para mais segurança e eficiência
177;2025-11-18;VEDABRAS;;06 Conclusão;Proposta;S;Karine Ribeiro;Enviar Proposta amanha nas primeiras horas para o Reginaldo
180;2025-11-18;VEDABRAS;;06 Conclusão;e-mail;N/D;;ENC: *Controller MedSeg* Parceria em SST e Medicina Ocupacional, para mais segurança e eficiência
192;2025-11-24;ACAMPAMENTO NOSSO RECANTO LTDA;62.438.841/0001-32;06 Conclusão;Touch;S;;ESTAVA EM REUNIÃO ver se viu a proposta ATUALIZAR - mandei email ATENDENTE M,AYARA TRANSFERIU PARA NAYARA DISSE QUE RESPONSÁVEL É O HELBER QUE NÃO ESTAVA PEDIU PARA ENVIAR EMAIL E AGENDAR UMA REUNIÃO TEM 500 COLABORADORES ENTRE CLT / PJ / TEMPORÁRIOS
193;2025-11-24;SUMAFER COMERCIO DE FERRAGENS LTDA-ME;54.956.552/0001-05;06 Conclusão;Touch;S;Karine Ribeiro;nova tentativa de contato com Lucas sem sucesso nao pode falar
194;2025-11-24;VEDABRAS;;06 Conclusão;Não Informado;S;;JULIANA MANDOU OS DADOS JÁ ENVIEI PARA KARINE PREPARAR A PROPOSTA falei com a juliana, ela disse que vai me mandar, retornar para pedir email dela JULIANA ESTAVA FAZENDO O 13o PEDIU PARA LIGAR NA SEXTA FEIRA FALEI COM A JULIANA, ELA DISSE QUE O CHEFE DELA PERGUNTOU DE MIM PQ ELES ESTÃO COM INTERESSE
195;2025-11-24;VEDABRAS;;06 Conclusão;Proposta;S;Karine Ribeiro;ENVIAR A PROPOSTA JULIANA MANDOU OS DADOS JÁ ENVIEI PARA KARINE PREPARAR A PROPOSTA falei com a juliana, ela disse que vai me mandar, retornar para pedir email dela JULIANA ESTAVA FAZENDO O 13o PEDIU PARA LIGAR NA SEXTA FEIRA FALEI COM A JULIANA, ELA DISSE QUE O CHEFE DELA PERGUNTOU DE MIM PQ ELES E
196;2025-11-24;VEDABRAS;;06 Conclusão;e-mail;N/D;;ENC: *Controller MedSeg* Parceria em SST e Medicina Ocupacional, para mais segurança e eficiência
197;2025-11-25;LABORGRAF ARTES GRAFICAS LTDA;61.106.050/0001-42;06 Conclusão;Não Informado;S;;telefones não existe
198;2025-11-25;LAJES PTA IND E COM ARTEF. DE CIMENTO LTDA;57.992.406/0001-15;06 Conclusão;Não Informado;S;;EMPRESA INATIVA
199;2025-11-25;LEANDRO CANHADAS DE ARAUJO - ME;07.158.620/0002-83;06 Conclusão;Não Informado;S;;EMPRESA INATIVA
200;2025-11-25;LEANDRO FERREIRA DA SILVA;348.331.578-02;06 Conclusão;Não Informado;S;;EMPRESA INATIVA
202;2025-11-25;LISER HARD METAL IND E COM DE FERRAMENTAS LTDA;08.691.369/0001-08;06 Conclusão;Não Informado;S;;ESTAMOS TRABALHANDO COM A SERLI QUE É DO MESMO GRUPO
204;2025-11-25;AZUL IMPORTACAO E EXP. DE PRODUTOS PARA AQUARISMO;14.466.538/0001-09;06 Conclusão;Touch;S;;FALEI COM A TAUANA E A MESMA DISSE QUE É A MICHELE QUE VOLTA DE FÉRIAS AMANHÃ E VAI ESTÁ FAZENDO FECHAMENTO DE FOLHA ELA PEDIU PRA LIGAR SEMANA QUE VEM TEM 30 FUNC
205;2025-11-25;LMR PHILLA?S COMÉRCIO DE PRODUTOS REPROGRAFICOS LT;06.193.548/0001-81;06 Conclusão;Não Informado;S;;EMPRESA INATIVA
207;2025-11-25;LONG JUMP - REPRESENTACAO DE BRINQUEDOS E SERVICOS;08.788.740/0001-46;06 Conclusão;Não Informado;S;;EMPRESA INATIVA
208;2025-11-25;LOSS PREVENTION LTDA;02.373.359/0001-30;06 Conclusão;Não Informado;S;;NÃO TEM FUNCIONÁRIOS REGISTRADOS
210;2025-11-25;VEDABRAS;;06 Conclusão;Reunião;S;Karine Ribeiro;FAZER CONTATO COM REGINALDO PARA VERIFICAR O RECEBIMENTO DA PROPOSTA SOLICITADA E PLAY NA NEGOCIAÇÃO REGINALDO PERFIL CALMO, GENTIL E CENTRADO ESTÁ COM PROBLEMA COM A ATUAL PRESTADORA ENVIAR A PROPOSTA PROPOSTA ENVIADA AGUARDANDO RETORNO SENHOR REGINALDO JULIANA MANDOU OS DADOS JÁ ENVIEI PARA KARINE
211;2025-11-25;VEDABRAS;;06 Conclusão;Proposta;S;;PROPOSTA ENVIADA POR EMAIL
213;2025-11-25;VEDABRAS;;06 Conclusão;e-mail;N/D;;RES: ***Proposta de Parceria em SST e Medicina Ocupacional*** Controller MedSeg para mais segurança e eficiência
215;2025-11-26;LOTUS SERVICOS TECNICOS LTDA;49.319.882/0001-41;06 Conclusão;Não Informado;S;;nenhum telefone funciona, são 3, 1 no cadastro e 2 no google
216;2025-11-26;LOW COST GERENCIAMENTO DE SERVIÇOS LTDA;01.482.939/0001-00;06 Conclusão;Não Informado;S;;EMPRESA INATIVA
217;2025-11-26;LOWNDES ARON DECORACAO DE INTERIORES LTDA;14.839.477/0001-70;06 Conclusão;Não Informado;S;;EMPRESA INATIVA
219;2025-11-26;LUCHEZI DISTRIBUIDORA DE LIVROS LTDA EPP;07.542.788/0001-07;06 Conclusão;Não Informado;S;;EMPRESA INATIVA
224;2025-11-26;TIG;22.675.768/0001-06;06 Conclusão;e-mail;N/D;;*Controller MedSeg* Parceria em SST e Medicina Ocupacional, para mais segurança e eficiência
237;2025-11-28;MARCO ANTONIO FAE VENANCIO;038.178.788-50;06 Conclusão;Não Informado;S;;TELEFONE NÃO EXISTE
238;2025-11-28;MARCO AURELIO SILVA SALES DE ARAGAO;012.531.848-01;06 Conclusão;Não Informado;S;;TELEFONE NÃO EXISTE
239;2025-12-01;MARIA BARRIGA COMERCIAL LTDA EPP;05.643.687/0001-05;06 Conclusão;Não Informado;S;;TELEFONES NÃO EXISTEM
240;2025-12-01;MARIA LUIZA COSTA LIMA QUEIROZ;04.777.545/0001-60;06 Conclusão;Não Informado;S;;TEL NÃO EXISTE
241;2025-12-01;MARINA DOS SANTOS SILVA;004.164.248-13;06 Conclusão;Não Informado;S;;É UMA CONTABILIDADE E SÓ TRABALHAM COM 2 FUNCIONÁRIOS
242;2025-12-01;MARINA L DECORAÇAO DE INTERIORES;04.564.474/0001-17;06 Conclusão;Não Informado;S;;não tem funcinários
243;2025-12-01;MARIO AFFONSO;;06 Conclusão;Não Informado;S;;TELEFONE NÃO EXISTE
244;2025-12-01;MARIO SERGIO ASSESSORIA ESPORTIVA LTDA;02.896.279/0001-69;06 Conclusão;Não Informado;S;;FALEI COM A KATIA, JÁ TEM UMA EMPRESA E NÃO VAI MUDAR
245;2025-12-01;MARIO SERGIO BATISTA;860.889.638-91;06 Conclusão;Não Informado;S;;TELEFONE NÃO EXISTE
246;2025-12-01;MARIZA FIGUEIREDO ROSIM - ME;09.622.490/0001-32;06 Conclusão;Não Informado;S;;TELEFONES NÃO EXISTEM
247;2025-12-01;MARK TRADE ASSESSORIA CONTABIL E FISCAL LTDA;65.082.562/0001-77;06 Conclusão;Não Informado;S;;EMPRESA NÃO TEM CLT
250;2025-12-02;AZUL IMPORTACAO E EXP. DE PRODUTOS PARA AQUARISMO;14.466.538/0001-09;06 Conclusão;Touch;S;;FALEI COM A TAUANA E A MESMA DISSE QUE É A MICHELE QUE VOLTA DE FÉRIAS AMANHÃ E VAI ESTÁ FAZENDO FECHAMENTO DE FOLHA ELA PEDIU PRA LIGAR SEMANA QUE VEM TEM 30 FUNC A mesma falou que nao havia interesse pois o contrato e recente pediu para fazer contato em julho de 2026 pois a renovaçao so acontece e
253;2025-12-04;VEDABRAS;;06 Conclusão;Touch;S;Karine Ribeiro;fazer contato para falar sobre proposta
254;2025-12-04;MESTRE CAFÉ;09169427000516;06 Conclusão;e-mail;N/D;;RES: *Controller MedSeg* Parceria em SST e Medicina Ocupacional, para mais segurança e eficiência
255;2025-12-05;Gabriel FAT;58.415.092/0001-50;06 Conclusão;FUP;S;Karine Ribeiro;Ligar para Gabriel para falarmos sobre possivel fechamento
258;2025-12-16;CONDOMINIO ESPIRITO SANTO;58.478.785/0001-92;06 Conclusão;FUP;S;Karine Ribeiro;entrei em contato com a Katia e ela disse que a gestao superior pediu para que entre em contato em dezembro pois agora nao vao poder movimentar nada Dia 16/12/25 liguei para Katia a mesmo pediu para retornar na proxima quinta feira dia 18/12/25
259;2025-12-18;CONDOMINIO ESPIRITO SANTO;58.478.785/0001-92;06 Conclusão;FUP;S;Karine Ribeiro;Katia pediu para entrr em contato com ela na proxima quinta feira dia 18/12/25 ligar em janeiro falar com Katia
260;2025-12-19;TATIANE/MESTRE CAFE COMERCIAL LTDA;09.169.427/0004-35;06 Conclusão;FUP;S;Karine Ribeiro;Saber sobre retorno de proposta enviada/falar com Tatiane Aguardando retorno de proposta enviada.
262;2026-01-06;VEDABRAS;;06 Conclusão;FUP;S;Karine Ribeiro;Ligar para falar com senhor Reginaldo e Juliana para falar sobre proposta Falei com Reginaldo pediu para retornar depois do dia 25/01
263;2026-01-07;TATIANE/MESTRE CAFE COMERCIAL LTDA;09.169.427/0004-35;06 Conclusão;FUP;S;Karine Ribeiro;/Enviei proposta estou aguardando retorno caso nao falem nada falei contato dia 07/01/26 as 11:00 com Tatiane
265;2026-01-26;VEDABRAS;;06 Conclusão;FUP;S;Karine Ribeiro;Falei com seu Reginaldo e o mesmo disse para fazer contato dia 25/01 para saber de nossa proposta com mais precisao
266;2026-01-30;TALLENTY SERVICOS EMPRESARIAIS LTDA;17.640.290/0001-30;06 Conclusão;FUP;S;tulio horta;Túlio acompanhando negociação com Marcelo - em fase de assinatura de contrato
267;2026-02-02;Gabriel FAT;58.415.092/0001-50;06 Conclusão;Touch;S;Karine Ribeiro;Inicio de contrato
269;2026-02-02;SERVCON;0000000;06 Conclusão;Não Informado;S;Karine Ribeiro;iniciar contrato DR ANGELO
271;2026-02-03;CONDOMINIO ESPIRITO SANTO;58.478.785/0001-92;06 Conclusão;Não Informado;S;Karine Ribeiro;falar com Katia sobre possivel proposta
273;2026-02-06;SUMAFER COMERCIO DE FERRAGENS LTDA-ME;54.956.552/0001-05;06 Conclusão;FUP;S;Karine Ribeiro;fiz contato sem sucesso
275;2026-02-18;CONDOMINIO ESPIRITO SANTO;58.478.785/0001-92;06 Conclusão;FUP;S;Karine Ribeiro;Katia alegou que permanecera com a atual prestadora por enquanto quem sabe daqui doois anos
276;2026-02-19;TIG;22.675.768/0001-06;06 Conclusão;FUP;S;;Pediu para encaminhar o e-mail para a fran no RH fran@tig.com.br
283;2026-02-24;REDE VOA;000000000;06 Conclusão;FUP;S;Karine Ribeiro;fazer contato com Barbara sobre possivel proposta
284;2026-02-24;VEDABRAS;;06 Conclusão;Reunião;S;Karine Ribeiro;Reunião com Reginaldo 24/02/2026 a 13:30
288;2026-02-25;IND PERF DE LAMINADOS MARGARITELLI LTDA;61.154.027/0001-23;06 Conclusão;FUP;S;;Genilda, pediu para não ligar mais, não tem interesse, já possuem uma contratada
291;2026-02-25;REDE VOA;000000000;06 Conclusão;Não Informado;S;;sem sucesso na tentativa de contato, telefone só chama
292;2026-02-25;TIG;22.675.768/0001-06;06 Conclusão;FUP;S;;FAZER CONTATO
293;2026-02-25;TIG;22.675.768/0001-06;06 Conclusão;Não Informado;S;;Conversei com a Fran, responsável pela segurança do trabalho a mesma me informou que já possuem uma contratada mais deseja mudar, por motivos da mesma não esta atendendo as demandas da empresa , informou ter 136 vidas, não sabe dizer qual valor é pago por cada pois pagam valores por fora .. Fran ped
294;2026-02-26;TIG;22.675.768/0001-06;06 Conclusão;FUP;S;Karine Ribeiro;Entrar em contato com a Fran no primeiro horário 11940213113- Fran
302;2026-03-03;SERLI INDUSTRIA, COMERCIO, IMPORTAÇÃO E EXPORTAÇÃO;03.548.665/0001-22;06 Conclusão;Não Informado;S;;Janaina pediu para encaminhar ume mail sobre a Controlle, pois abriu cotações para verificar uma nova contratada, e-mail encaminhado dp.adm@gruposla.com.br
314;2026-03-05;TIG;22.675.768/0001-06;06 Conclusão;FUP;S;Karine Ribeiro;Fazer contato com Fran para falar sobre possivel proposta
315;2026-03-06;CONEXAO PALESTRA;0000000000;06 Conclusão;Não Informado;S;Karine Ribeiro;Fazer contato para falar sobre possiveis clientes
316;2026-03-09;SERLI INDUSTRIA, COMERCIO, IMPORTAÇÃO E EXPORTAÇÃO;03.548.665/0001-22;06 Conclusão;Não Informado;S;;Retorno do e-mail encaminhado
317;2026-03-09;SERLI INDUSTRIA, COMERCIO, IMPORTAÇÃO E EXPORTAÇÃO;03.548.665/0001-22;06 Conclusão;Não Informado;S;;Janaina, informou já terem uma contratada mas pediu para encaminhar o e-mail novamente pois sempre estão fazendo novas cotações, pediu algumas informações sobre valores, informei que irei encaminhar um e-mail da apresentação da controle com os diferencias e após entro em contato novamente para marca
323;2026-03-09;REDE VOA;000000000;06 Conclusão;Não Informado;S;;Tentar contato novamente
325;2026-03-10;SERLI INDUSTRIA, COMERCIO, IMPORTAÇÃO E EXPORTAÇÃO;03.548.665/0001-22;06 Conclusão;Touch;S;;O CONTRATO VAI ATÉ ABRIL E A DIRETORIA NÃO QUER MEXER COM ISSO AGORA, QUER SEGUIR A PROGRAMAÇÃO E PEDIU PRA VOLTAR A SE FALAR EM MARÇO
328;2026-03-10;TIG;22.675.768/0001-06;06 Conclusão;FUP;S;Karine Ribeiro;Ligar ás 09hrs para falar coma fran, neste mesmo numero
331;2026-03-11;TIG;22.675.768/0001-06;06 Conclusão;Não Informado;S;Karine Ribeiro;Retorno de contato amanha as 09:00
338;2026-03-16;SUMAFER COMERCIO DE FERRAGENS LTDA-ME;54.956.552/0001-05;06 Conclusão;FUP;S;Karine Ribeiro;Fazer novo contato pois o mesmo nao estava
339;2026-03-16;SUMAFER COMERCIO DE FERRAGENS LTDA-ME;54.956.552/0001-05;06 Conclusão;Não Informado;S;;sem sucesso novamente no contato
345;2026-03-17;SUMAFER COMERCIO DE FERRAGENS LTDA-ME;54.956.552/0001-05;06 Conclusão;Não Informado;S;;Tentar contato novamente
346;2026-03-17;FOLHA DE UVA COMERCIO DE ALIMENTOS LTDA;08.695.820/0001-57;06 Conclusão;FUP;S;;DENISE - ACABOU DE FECHAR E NÃO VAI MEXER NISSO AGORA
351;2026-03-20;IND PERF DE LAMINADOS MARGARITELLI LTDA;61.154.027/0001-23;06 Conclusão;FUP;S;;margaritelli@uol.com.br - LUIZ FERNANDO - FALEI COM A GENILDA - só por email - 7 func
352;2026-03-20;CASA DO ACRILICO;40.612.231/0001-70;06 Conclusão;FUP;S;;Fazer contato com Jefferson 13 funcionarios
353;2026-03-20;CASA DO ACRILICO;40.612.231/0001-70;06 Conclusão;Não Informado;S;;telefone só chamou
356;2026-03-31;SERLI INDUSTRIA, COMERCIO, IMPORTAÇÃO E EXPORTAÇÃO;03.548.665/0001-22;06 Conclusão;Não Informado;S;;Retornar para maramos um bate papo com a executiva de vendas
357;2026-03-31;SERLI INDUSTRIA, COMERCIO, IMPORTAÇÃO E EXPORTAÇÃO;03.548.665/0001-22;06 Conclusão;Não Informado;S;;Telefone indisponível
364;2026-04-07;TIG;22.675.768/0001-06;06 Conclusão;Não Informado;S;Karine Ribeiro;entrar em contato para falar sobre proposta enviada para Fran
365;2026-04-08;TPG SERVICOS GRAFICOS ESPECIALIZADOS LTDA;05.429.518/0001-69;06 Conclusão;FUP;S;Karine Ribeiro;Entrar e contato e falar com Ronaldo
368;2026-04-10;TPG SERVICOS GRAFICOS ESPECIALIZADOS LTDA;05.429.518/0001-69;06 Conclusão;Não Informado;S;;telefone só chamou, tentar contato
369;2026-04-13;TPG SERVICOS GRAFICOS ESPECIALIZADOS LTDA;05.429.518/0001-69;06 Conclusão;Não Informado;S;;telefone só chama, tentar contato novamente
370;2026-04-13;TPG SERVICOS GRAFICOS ESPECIALIZADOS LTDA;05.429.518/0001-69;06 Conclusão;Não Informado;S;;telefone só chama
374;2026-04-14;CONEXAO PALESTRA;0000000000;06 Conclusão;Não Informado;S;;pediu para ligar depois de algumas semanas semana
375;2026-04-15;TRANS. DELLA VOLPE S/A COMERCIO E INDUSTRIA;61.139.432/0001-72;06 Conclusão;FUP;S;;COTAÇÃO THAYNA - RENOVAM EM MAIO E NÃO MEXEM NISSO ATÉ LÁ + DE 400 FUNC SÓ NA MATRIZ thayna.paula@dellavolpe.com.br
377;2026-04-16;SHIRLEY M KUZUOKA;153.101.268-05;06 Conclusão;Não Informado;S;;se trata de uma residência
378;2026-04-16;MARIO AFFONSO;;06 Conclusão;Não Informado;S;;TELEFONE NÃO EXISTE
390;2026-04-17;CASA DO ACRILICO;40.612.231/0001-70;06 Conclusão;Não Informado;S;;tentar contato novamente, retornar após o almoço
391;2026-04-22;TRANS. DELLA VOLPE S/A COMERCIO E INDUSTRIA;61.139.432/0001-72;06 Conclusão;FUP;S;;conversei por telefone com a Thyana, acredito ser a responsável ou próxima do mesmo Informou está realizando cotações, atualmente hoje na matriz existem mais de 400 funcionais, pedi para encaminhar um e-mail, e estamos tratando por lá
393;2026-04-30;SUMAFER COMERCIO DE FERRAGENS LTDA-ME;54.956.552/0001-05;06 Conclusão;Não Informado;S;;tentar contato outra vez
397;2026-04-30;MESTRE CAFÉ;09169427000516;06 Conclusão;FUP;S;;CONTRATO VENCE EM JUNHO/2026 Conversei com a Tatiane e ela disse que o contrato dela vence na data acima.... ligar para provocar uma reunião
410;2026-05-08;SERLI INDUSTRIA, COMERCIO, IMPORTAÇÃO E EXPORTAÇÃO;03.548.665/0001-22;06 Conclusão;Não Informado;S;;Contato anteriormente indisponível, tentar contato novamente
412;2026-05-08;3LR;21.728.170/0001-67;06 Conclusão;Não Informado;S;Well De Castro;Contato Inicial, abordagem discreta e utilizando referencias da Unidade Guarulhos da Omie e Vendedor
413;2026-05-08;HATTEN;96.380.134/0001-54;06 Conclusão;Não Informado;S;Well De Castro;Contato Inicial, abordagem discreta e utilizando referencias da Unidade Guarulhos da Omie e Vendedor
414;2026-05-08;HARAS JAUAPERI LTDA;71.997.282/0001-91;06 Conclusão;Não Informado;S;Well De Castro;Contato Inicial, abordagem discreta e utilizando referencias da Unidade Guarulhos da Omie e Vendedor
418;2026-05-11;SERLI INDUSTRIA, COMERCIO, IMPORTAÇÃO E EXPORTAÇÃO;03.548.665/0001-22;06 Conclusão;Não Informado;S;;sem sucesso, ligação muito ruim impossível de conversar
423;2026-05-11;3LR;21.728.170/0001-67;06 Conclusão;Não Informado;S;;Já possui uma contratada a muito tempo, não possui interesse em mudar
424;2026-05-11;HATTEN;96.380.134/0001-54;06 Conclusão;Não Informado;S;;telefone cai na caixa postal
425;2026-05-11;HARAS JAUAPERI LTDA;71.997.282/0001-91;06 Conclusão;Não Informado;S;;não possui interesse, ja possui um contratada a mais de 3 anos
429;2026-05-11;START: HOME & OFFICE;29.948.183/0001-53;06 Conclusão;Não Informado;S;Well De Castro;Contato Inicial, abordagem discreta e utilizando referencias da Unidade Guarulhos da Omie e Vendedor
430;2026-05-11;SINAPSE FINANCE;31.056.065/0001-82;06 Conclusão;Não Informado;S;Well De Castro;Contato Inicial, abordagem discreta e utilizando referencias da Unidade Guarulhos da Omie e Vendedor
443;2026-05-12;SUPERFIBRA;01.821.884/0001-08;06 Conclusão;Não Informado;S;Well De Castro;Contato Inicial, abordagem discreta e utilizando referencias da Unidade Guarulhos da Omie e Vendedor
444;2026-05-12;SUPERFIBRA;01.821.884/0001-08;06 Conclusão;Não Informado;S;;Ligar para a fernanda, pois o Magali não trabalha mais lá
447;2026-05-13;EPCCO ENGENHARIA DE PROJETOS CONSULTORIA E CONSTR;61.106.159/0001-80;06 Conclusão;FUP;S;Karine Ribeiro;entrar em contato com Telma
448;2026-05-13;EPCCO ENGENHARIA DE PROJETOS CONSULTORIA E CONSTR;61.106.159/0001-80;06 Conclusão;Não Informado;S;;sem sucesso,, mandei mensagens via whatsap
460;2026-05-14;START: HOME & OFFICE;29.948.183/0001-53;06 Conclusão;Não Informado;S;;telefone mudo,
461;2026-05-14;SINAPSE FINANCE;31.056.065/0001-82;06 Conclusão;Não Informado;S;;desligou o telefone, não quis falar encaminhei mensagens via whats
464;2026-05-15;NELSON DOS SANTOS;563.774.018-68;06 Conclusão;FUP;S;;PRIMEIRO CONTATO/ PARECE SE PESSOA FISICA NELSON
465;2026-05-15;NELSON DOS SANTOS;563.774.018-68;06 Conclusão;Não Informado;S;;pessoa fisicas, não á empresa
469;2026-05-15;HATTEN;96.380.134/0001-54;06 Conclusão;Não Informado;S;;Tentar contato novamente
470;2026-05-15;HATTEN;96.380.134/0001-54;06 Conclusão;Não Informado;S;;Telefone com rede ocupada
478;2026-05-19;INDÚSTRIA NEIA;50.691.211/0001-96;06 Conclusão;Não Informado;S;Well De Castro;Contato Inicial, abordagem discreta e utilizando referencias da Unidade Guarulhos da Omie e Vendedor
479;2026-05-19;INDÚSTRIA NEIA;50.691.211/0001-96;06 Conclusão;Não Informado;S;;sem sucesso na tent de contt, mandar whats
488;2026-05-19;EUCAPEL;19.926.876/0001-91;06 Conclusão;Não Informado;S;Well De Castro;Contato Inicial, abordagem discreta e utilizando referencias da Unidade Guarulhos da Omie e Vendedor
489;2026-05-19;RIFT TECNOLOGIA DA INFORMACAO LTDA;18.856.634/0001-06;06 Conclusão;Não Informado;S;;Ana estava em reunião, ligar amanha no horário comercial
491;2026-05-20;INSTITUTO DE EDUCACAO E CULTURAL ECA DE QUEIROZ;05.548.640/0001-54;06 Conclusão;Não Informado;S;;Ja possuem uma contratada, a muito tempo e não desejam mudar
492;2026-05-21;J RYAL E CIA LTDA;61.373.304/0001-99;06 Conclusão;FUP;S;;RAFAELA - 13 FUNC - FAZEM COTAÇÃO NA RENOVAÇÃO QUE OCORRE EM JULHO dp02@layr.com.br VERIFICAR COTAÇÃO
493;2026-05-21;J RYAL E CIA LTDA;61.373.304/0001-99;06 Conclusão;Não Informado;S;;telefone só chamou
499;2026-05-21;M: FERNANDES CONSTRUCOES;07.368.495/0001-55;06 Conclusão;Não Informado;S;Well De Castro;Contato Inicial, abordagem discreta e utilizando referencias da Unidade Guarulhos da Omie e Vendedor
500;2026-05-21;M: FERNANDES CONSTRUCOES;07.368.495/0001-55;06 Conclusão;Não Informado;S;;telefone da controller
510;2026-05-21;DWT SOLUÇÕES EM ENERGIA;23.962.591/0001-83;06 Conclusão;Não Informado;S;Well De Castro;Contato Inicial, abordagem discreta e utilizando referencias da Unidade Guarulhos da Omie e Vendedor
511;2026-05-21;DWT SOLUÇÕES EM ENERGIA;23.962.591/0001-83;06 Conclusão;Não Informado;S;;Amanda possui uma contratada a muito tempo e não tem interesse em mudar , não realizam nem cotações
512;2026-05-21;ASEC;54.796.016/0001-81;06 Conclusão;Não Informado;S;Well De Castro;Contato Inicial, abordagem discreta e utilizando referencias da Unidade Guarulhos da Omie e Vendedor
513;2026-05-21;ASEC;54.796.016/0001-81;06 Conclusão;Não Informado;S;;Telefone só chamou, tentar contt nov
516;2026-05-28;SUMAFER COMERCIO DE FERRAGENS LTDA-ME;54.956.552/0001-05;06 Conclusão;Não Informado;S;;sem sucesso no contato
517;2026-05-28;INSTITUTO SOCIOAMBIENTAL;00.081.906/0001-88;06 Conclusão;Não Informado;S;Karine Ribeiro;fazer contato para passar poissivel proposta
518;2026-05-28;JORGE RICARDO CASTELLO BRANCO;005.534.297-36;06 Conclusão;FUP;S;;entrar em contato
522;2026-05-28;LA SURE;49.596.851/0001-38;06 Conclusão;Não Informado;S;Well De Castro;Contato Inicial, abordagem discreta e utilizando referencias da Unidade Guarulhos da Omie e Vendedor
526;2026-05-28;INDÚSTRIA NEIA;50.691.211/0001-96;06 Conclusão;Não Informado;S;;retorno
533;2026-05-28;Kombat Manutenção de Empilhadeiras;24.474.588/0001-83;06 Conclusão;Não Informado;S;Well De Castro;Contato Inicial, abordagem discreta e utilizando referencias da Unidade Guarulhos da Omie e Vendedor
535;2026-05-28;CONQUISTE Contabilidade e Consultoria;03.003.984/0001-52;06 Conclusão;Não Informado;S;;Contato Inicial, abordagem discreta e utilizando referencias da Unidade Guarulhos da Omie e Vendedor
536;2026-05-28;CONQUISTE Contabilidade e Consultoria;03.003.984/0001-52;06 Conclusão;Não Informado;S;;ramal ocupado
539;2026-05-28;MALA DIRETA POSTAL;96.479.399/0001-04;06 Conclusão;Não Informado;S;;Contato Inicial, abordagem discreta e utilizando referencias da Unidade Guarulhos da Omie e Vendedor
544;2026-05-29;TRINO CONSTRUTORA LTDA;08.527.185/0001-07;06 Conclusão;FUP;S;Karine Ribeiro;falar com Shieley para possivel proposta
545;2026-05-29;J RYAL E CIA LTDA;61.373.304/0001-99;06 Conclusão;Não Informado;S;;tentar contt nov
550;2026-06-01;TRINO CONSTRUTORA LTDA;08.527.185/0001-07;06 Conclusão;Não Informado;S;;rede ocupado
551;2026-06-01;INSTITUTO SOCIOAMBIENTAL;00.081.906/0001-88;06 Conclusão;Não Informado;S;;Não possui telefone disponivel
552;2026-06-01;J RYAL E CIA LTDA;61.373.304/0001-99;06 Conclusão;Não Informado;S;;telefone só chamou
555;2026-06-01;REDE VOA;000000000;06 Conclusão;Não Informado;S;;Telefone só chamou, tentar contato novamente
556;2026-06-01;REDE VOA;000000000;06 Conclusão;Não Informado;S;;Ramal indisponível
557;2026-06-01;HATTEN;96.380.134/0001-54;06 Conclusão;Não Informado;S;;sem sucesso na tentativa de contt
562;2026-06-01;LA SURE;49.596.851/0001-38;06 Conclusão;Não Informado;S;;Telefone indisponível para receber ligação
569;2026-06-01;Kombat Manutenção de Empilhadeiras;24.474.588/0001-83;06 Conclusão;Não Informado;S;;Telefone bloqueado para receber ligações
574;2026-06-03;TPG SERVICOS GRAFICOS ESPECIALIZADOS LTDA;05.429.518/0001-69;06 Conclusão;Não Informado;S;;sem sucesso novamente na tentativa de contato
575;2026-06-03;TPG SERVICOS GRAFICOS ESPECIALIZADOS LTDA;05.429.518/0001-69;06 Conclusão;Não Informado;S;;indisponvel novamente
588;2026-06-04;IDP;29.625.402/0001-63;06 Conclusão;Não Informado;S;Well De Castro;Contato Inicial, abordagem discreta e utilizando referencias da Unidade Guarulhos da Omie e Vendedor
594;2026-06-08;VIP;04.782.006/0001-19;06 Conclusão;Não Informado;S;;Monira, informou que a camila , não esta na empresa a mais de 2 anos, e que na empresa não trabalha funcionários CLT
595;2026-06-08;IDP;29.625.402/0001-63;06 Conclusão;Não Informado;S;;telefone só chama
597;2026-06-09;ALPHINA EMBALAGENS LTDA;51.186.013/0001-38;06 Conclusão;Não Informado;S;;falei com a elllen, a mesma não possui interesse m conhecer outras contratadas, disse que esta muito satisfeita com a atual
599;2026-06-09;SIND SERV DA CAMARA MUN TRIBUNAL CONTAS DO MUN SP;08.612.232/0001-02;06 Conclusão;Não Informado;S;;Gisele informou que renovou novamente e está muito satisfeita com empresa atual
600;2026-06-09;ACAMPAMENTO NOSSO RECANTO LTDA;62.438.841/0001-32;06 Conclusão;Não Informado;S;;sem sucesso na tentativa de contato, telefone só chama
601;2026-06-09;ACAMPAMENTO NOSSO RECANTO LTDA;62.438.841/0001-32;06 Conclusão;Não Informado;S;;telefone só chamou
602;2026-06-09;EMBAFAC COMERCIO E INDUSTRIA DE EMBALAGENS LTDA;06.965.480/0001-01;06 Conclusão;Não Informado;S;;telefone só chamou
604;2026-06-09;FRS TRANSPORTE E LOGISTICA LTDA;10.989.954/0001-22;06 Conclusão;FUP;S;;ACABOU DE RENOVAR POR CONTA DO NR1 - NÃO TEM INTERESSE
608;2026-06-09;UNI REPRO SERVICOS TECNOLOGICOS LTDA.;56.811.086/0001-97;06 Conclusão;Não Informado;S;;Responsáveis estavam ocupadas, foi pedido para ligar no próximo dia
610;2026-06-09;GOLDEN DISTRIBUIDORA LTDA.;04.196.935/0002-27;06 Conclusão;FUP;S;;EMILY - 140 FUNC - gg@goldendistribuidora.com.br - abril FALEI COM EMILY, SÓ EM ABRIL, NÃO QUIS MARCAR COM ESPECIALISTA
611;2026-06-09;GOLDEN DISTRIBUIDORA LTDA.;04.196.935/0002-27;06 Conclusão;Não Informado;S;;informou não ter interesse pois ja possuem uma empresa
613;2026-06-09;JORGE RICARDO CASTELLO BRANCO;005.534.297-36;06 Conclusão;Não Informado;S;;empresa ja possui uma contratada e não tem interesse em mudar
622;2026-06-09;VIP;04.782.006/0001-19;06 Conclusão;Não Informado;S;Well De Castro;Contato Inicial, abordagem discreta e utilizando referencias da Unidade Guarulhos da Omie e Vendedor
627;2026-06-10;ACAMPAMENTO NOSSO RECANTO LTDA;62.438.841/0001-32;06 Conclusão;FUP;S;;FALEI COM A NAYARA, FECHARAM EM OUTUBRO COM A SENIOR E SÃO 500 FUNC ESTAVA EM REUNIÃO ver se viu a proposta ATUALIZAR - mandei email ATENDENTE M,AYARA TRANSFERIU PARA NAYARA DISSE QUE RESPONSÁVEL É O HELBER QUE NÃO ESTAVA PEDIU PARA ENVIAR EMAIL E AGENDAR UMA REUNIÃO TEM 500 COLABORADORES ENTRE CLT 
628;2026-06-10;FAQUI SEGURANCA E VIGILANCIA LTDA;02.428.619/0001-27;06 Conclusão;Não Informado;S;;Sirlei, retornar amanha as 10:30
629;2026-06-10;FAQUI SEGURANCA E VIGILANCIA LTDA;02.428.619/0001-27;06 Conclusão;Não Informado;S;;Shirlei, informou que ainda estão coma contrada atual, e não possuem nada a reclamar, que pelo contrario estão satisfeitos, perguntei sobre a NR1, Disseram que já estão tendo todos os treinamentos
631;2026-06-10;J RYAL E CIA LTDA;61.373.304/0001-99;06 Conclusão;Não Informado;S;;Conversei com a Rafaela sobre, a mesma informou que já possuem uma contratada, que prestam serviços, porém está aberta a conhecer segundas opiniões e-mail foi encaminhada para ela e o técnico
632;2026-06-10;JORGE RICARDO CASTELLO BRANCO;005.534.297-36;06 Conclusão;Não Informado;S;;sem sucesso na tentativa de contt ,tentar nov
639;2026-06-10;INDÚSTRIA NEIA;50.691.211/0001-96;06 Conclusão;Não Informado;S;;retornar amanha, estava em reunião, informou ser um dia bem corrido
640;2026-06-10;INDÚSTRIA NEIA;50.691.211/0001-96;06 Conclusão;Não Informado;S;;Fabio, informou que já possuem uma contratada muitos anos, desde a abertura da empresa, e não possui interesse em mudar, estão satisfeitos com todos o serviços
646;2026-06-10;IDP;29.625.402/0001-63;06 Conclusão;Não Informado;S;;tentar contt nov
647;2026-06-10;IDP;29.625.402/0001-63;06 Conclusão;Não Informado;S;;Alerte, informou que ja possuem uma contratada, porém deseja saber mais sobre a NR-1 , deseja um palestrante no local tratando com ela
648;2026-06-11;J RYAL E CIA LTDA;61.373.304/0001-99;06 Conclusão;Não Informado;S;;Tratando por email
660;2026-06-12;UNI REPRO SERVICOS TECNOLOGICOS LTDA.;56.811.086/0001-97;06 Conclusão;Não Informado;S;;retorno
661;2026-06-12;UNI REPRO SERVICOS TECNOLOGICOS LTDA.;56.811.086/0001-97;06 Conclusão;Não Informado;S;;Gleice, informou que não possui interesse em trocar pois a empresa que já preta serviços é da familia do dono
668;2026-06-12;FX SERVICO DE ALIMENTACAO LTDA;20.305.370/0013-88;06 Conclusão;Não Informado;S;;Felipe, retornar segunda feira pois estava muito atarefado
670;2026-06-13;SUPERFIBRA;01.821.884/0001-08;06 Conclusão;Não Informado;S;;Ligar para falar com Fernanda, compras
672;2026-06-15;EMBAFAC COMERCIO E INDUSTRIA DE EMBALAGENS LTDA;06.965.480/0001-01;06 Conclusão;Não Informado;S;;tentar contt nov
673;2026-06-15;EMBAFAC COMERCIO E INDUSTRIA DE EMBALAGENS LTDA;06.965.480/0001-01;06 Conclusão;Não Informado;S;;Mariana não faz mais parte do quadro de funcionários da empresa, quem trata agora é o Augusto, da area ambiental, encaminhar email-= meioambiente@facembalgens.com.br
677;2026-06-15;SUPERFIBRA;01.821.884/0001-08;06 Conclusão;Não Informado;S;;Fernanda, me informou que já possui uma empresa que administra esses serviços, e que pagam um valor fixo sem valores por fora, disse que no momento está satisfeita e não possuem pretensão de mudar, mas aceitou um e-mail de apresentação Fernanda: vendasum@superfibra.com.br
680;2026-06-15;672 ESQUINA;03.101.892/0001-05;06 Conclusão;Não Informado;S;Well De Castro;Contato Inicial, abordagem discreta e utilizando referencias da Unidade Guarulhos da Omie e Vendedor
681;2026-06-15;672 ESQUINA;03.101.892/0001-05;06 Conclusão;Não Informado;S;;Rafael , informou que é somente ele e o pai dele na empresa, não precisam de serviços de SST
689;2026-06-16;ACAMPAMENTO NOSSO RECANTO LTDA;62.438.841/0001-32;06 Conclusão;Não Informado;S;;Tentar contato novamente
697;2026-06-16;J RYAL E CIA LTDA;61.373.304/0001-99;06 Conclusão;Reunião;S;Karine Ribeiro;Reunião agendada, terça feira/ 16/06/2026 ás 10hrs, local: Rua Apa n° 51 Campos Elíseos SP A Layr a principio so queria somente exames adicionais e dois Laudos apos conversação com senhor Alexandre o mesmo solicitou uma visita em uma de suas unidades a Campos Elisios na data mencionada acima.
706;2026-06-16;START: HOME & OFFICE;29.948.183/0001-53;06 Conclusão;Não Informado;S;;tentar novamente
707;2026-06-16;START: HOME & OFFICE;29.948.183/0001-53;06 Conclusão;Não Informado;S;;telefone errado, não há essa empresa ou pessoa la mesmo pesquisando sobre a empresa aparece esse telefone, porem no local é uma empresa chamada: Controller de condomínios e não reconhecem a outra empresa
709;2026-06-16;CREDI INTELIGENCIA;34.481.996/0001-16;06 Conclusão;Não Informado;S;Karine Ribeiro;Ligar novamente para primeiro contato
710;2026-06-16;CREDI INTELIGENCIA;34.481.996/0001-16;06 Conclusão;Não Informado;S;;Fernanda estava e reunião, não podia falar
719;2026-06-16;ILONAZ IND E COM;29.083.319/0001-00;06 Conclusão;Não Informado;S;;empresa permanentemente fechada
722;2026-06-16;SM ELECTRIC - Solutions Group;28.942.303/0001-42;06 Conclusão;Não Informado;S;Well De Castro;Contato Inicial, abordagem discreta e utilizando referencias da Unidade Guarulhos da Omie e Vendedor
723;2026-06-16;SM ELECTRIC - Solutions Group;28.942.303/0001-42;06 Conclusão;Não Informado;S;;Ligação caiu na caixa Postal, encaminhei mensagens pelo WhatsApp
728;2026-06-16;RIFT TECNOLOGIA DA INFORMACAO LTDA;18.856.634/0001-06;06 Conclusão;Não Informado;S;;ligar nov
729;2026-06-16;RIFT TECNOLOGIA DA INFORMACAO LTDA;18.856.634/0001-06;06 Conclusão;Não Informado;S;;telefone só chama, sem sucesso
741;2026-06-17;M & F INCORPORADORA;09.343.155/0001-03;06 Conclusão;Não Informado;S;;Contato Inicial, abordagem discreta e utilizando referencias da Unidade Guarulhos da Omie e Vendedor nova tentativa
742;2026-06-17;M & F INCORPORADORA;09.343.155/0001-03;06 Conclusão;Não Informado;S;;Já possuem uma empresa, e estão satisfeito, não há pretensão de mudar
752;2026-06-17;FX SERVICO DE ALIMENTACAO LTDA;20.305.370/0013-88;06 Conclusão;Não Informado;S;Karine Ribeiro;Conversei com Felipe o mesmo gostou bastante da nossa logistica de trabalho e fornecedor de merenda escolar em todo litoral Sul e faz refeiçoes tambem para presídios em Goias e Santa Catarina aguardando devolutiva dele na proxima quinta feira 18/06/26 para iniciarmos uma possivel negociação
753;2026-06-18;DOCPRINT SERVICE TECNOLOGIA LTDA;05.373.051/0001-82;06 Conclusão;Não Informado;S;;gleice informou que ja possuem uma empresa, e o próprio dono não deseja mudar pois a empresa é de amigos próximos
754;2026-06-18;UNI REPRO SERVICOS TECNOLOGICOS LTDA.;56.811.086/0001-97;06 Conclusão;FUP;S;;TENTAR CONTATO FALEI COM A MONICA - GLEICE A RESPONSÁVEL ESTAVA EXTERNA - gleice.garcia@doctecnologia.com.br - 150 func EMPRESA QUE FORNECE O SERVIÇO É DA FAMILIA DO DONO, DIZ A GLEICE
757;2026-06-18;HATTEN;96.380.134/0001-54;06 Conclusão;Não Informado;S;;tentar contato nov
759;2026-06-18;SM ELECTRIC - Solutions Group;28.942.303/0001-42;06 Conclusão;Reunião;S;Karine Ribeiro;Diego, informou que já possuem uma empresa que presta serviços de SST, porém se interessou em nós conhecer, informou que no momento possuem somente 5 colaboradores sobre a empresa: Sm Electric Automacao e Eletronica Industrial LTDA - 28.942.303/0001-42 CNAES: 33.14-7-99 - Manutenção e reparação de o
760;2026-06-18;RIFT TECNOLOGIA DA INFORMACAO LTDA;18.856.634/0001-06;06 Conclusão;FUP;S;;Conversei com a Ana paula por telefone, a mesma informou que eles já possuem uma prestadora porém não estão satisfeito, pediu para eu falar com a Sara, responsável pelo Departamento pessoal, a mesma informou que não deseja reunião, mas sim tratar tudo por ligação ou e-mail
761;2026-06-19;DOCPRINT SERVICE TECNOLOGIA LTDA;05.373.051/0001-82;06 Conclusão;FUP;S;;RENOVA EM JULHO FAZER CONTATO 01/09 - FALEI COM A GLEICE, CORRIDA POR CAUSA DO SISTEMA, NÃO TEM WHATS, PASSOU EMAIL DO RH, ACABOU DE RENOVAR O CONTRATO, PELA CORRERIA DO SISTEMA NÃO TEM TEMPO PARA FALAR DO COM NOSSO ESPECIALISTA, ENVIEI EMAIL
773;2026-06-23;SERLI INDUSTRIA, COMERCIO, IMPORTAÇÃO E EXPORTAÇÃO;03.548.665/0001-22;06 Conclusão;Não Informado;S;;telefone só chama, sem sucesso de contato novamente
774;2026-06-23;J RYAL E CIA LTDA;61.373.304/0001-99;06 Conclusão;Não Informado;S;;tentar contt nov
786;2026-06-23;RIFT TECNOLOGIA DA INFORMACAO LTDA;18.856.634/0001-06;06 Conclusão;Não Informado;S;;tentar conttao novamente
787;2026-06-24;ALPHINA EMBALAGENS LTDA;51.186.013/0001-38;06 Conclusão;FUP;S;;13/08 - FECHARAM COM A AVANTE - DIA 05/08/2025 6 FUNCIONÁRIOS 150,00 - FALEI COM A ELLEN E ENVIEI EMAIL
788;2026-06-24;SIND SERV DA CAMARA MUN TRIBUNAL CONTAS DO MUN SP;08.612.232/0001-02;06 Conclusão;FUP;S;;FALEI COM GISELE DO FINANCEIRO / 4 FUNCIONÁRIOS / CONTRATO ATÉ MAIO MANDEI EMAIL / ENTRAR NA COTAÇÃO DE RENOVAÇÃO DO CONTRATO
799;2026-06-25;IND PERF DE LAMINADOS MARGARITELLI LTDA;61.154.027/0001-23;06 Conclusão;Não Informado;S;;Retorno para os autos de e-mail
800;2026-06-25;IND PERF DE LAMINADOS MARGARITELLI LTDA;61.154.027/0001-23;06 Conclusão;Não Informado;S;;Genilda informou que luiz viu o email, mas não houve interesse futuramente tendo interesse, entrará em contato
802;2026-06-25;INSTITUTO DE EDUCACAO E CULTURAL ECA DE QUEIROZ;05.548.640/0001-54;06 Conclusão;FUP;S;;Entrei em contato mais não tive retorno, ligar outro horario deixei agendado para o dia 29/04
811;2026-06-25;RIFT TECNOLOGIA DA INFORMACAO LTDA;18.856.634/0001-06;06 Conclusão;Proposta;S;Karine Ribeiro;Tive um bate papo com a Sarah bem construtivo e depois de obter todas as informações solicitou uma proposta que ja lhe foi enviada.. a tarefa sera agendada para semana que vem para saber o que acharam da proposta...
812;2026-06-26;SERLI INDUSTRIA, COMERCIO, IMPORTAÇÃO E EXPORTAÇÃO;03.548.665/0001-22;06 Conclusão;Não Informado;S;;Tentar contato novamente
813;2026-06-26;EMBAFAC COMERCIO E INDUSTRIA DE EMBALAGENS LTDA;06.965.480/0001-01;06 Conclusão;Não Informado;S;;PEDIU PARA ENVIAR O EMAIL NOVAMENTE DANIAMA NÃO ESTAVA NA SALA, MANDEI EMAIL, RETORNASR PARA VERIFICAR O RECEBIMENTO VERIFICAR MARIANA FOI DESLIGADA DA EMPRESA E AINDA NÃO TEM RESPONSÁVEL estava almoçando
835;2026-06-30;BEM TRANSADA;24.867.151/0001-00;06 Conclusão;Não Informado;S;Well De Castro;Contato Inicial, abordagem discreta e utilizando referencias da Unidade Guarulhos da Omie e Vendedor
836;2026-06-30;BEM TRANSADA;24.867.151/0001-00;06 Conclusão;Não Informado;S;;empresa permanentemente fechada
840;2026-06-30;Confiança;04.735.670/0001-07;06 Conclusão;Não Informado;S;Well De Castro;Contato Inicial, abordagem discreta e utilizando referencias da Unidade Guarulhos da Omie e Vendedor
841;2026-06-30;Confiança;04.735.670/0001-07;06 Conclusão;Não Informado;S;;Telefone errada, contato é da cebraz e não existe nenhuma mara
851;2026-07-07;ET Solution Compatíveis LTDA;28.328.085/0001-50;06 Conclusão;Não Informado;S;;Contato Inicial, abordagem discreta e utilizando referencias da Unidade Guarulhos da Omie Marco Aurelio alegou ter um unico funcionario e por esse motivo nao tem interesse em saber sobre nossos serviços
852;2026-07-08;J RYAL E CIA LTDA;61.373.304/0001-99;06 Conclusão;Não Informado;S;;Retorno para os autos
853;2026-07-09;FAQUI SEGURANCA E VIGILANCIA LTDA;02.428.619/0001-27;06 Conclusão;FUP;S;;Fazer contato para agendar um bate papo
856;2026-07-14;FX SERVICO DE ALIMENTACAO LTDA;20.305.370/0013-88;06 Conclusão;FUP;S;Karine Ribeiro;Fazer contato para obter resposta sobre nossa conversa minuta aguardando assinatura
991;2026-07-30;CONQUISTE Contabilidade e Consultoria;03.003.984/0001-52;06 Conclusão;Não Informado;N;;tentar cott nov
1002;2026-07-31;CASA DO ACRILICO;40.612.231/0001-70;06 Conclusão;Não Informado;S;;Retornar o contato, Quinta feira
1025;2026-08-03;CREDIFOM CREDITOS E FOMENTOS LTDA;54.374.660/0001-61;06 Conclusão;Reunião;S;Jakeline Santana;Reunião será realizada com o financeiro/fiscal e com uma representante do RH. Possuem um grupo de CNPJs (120/150 funcionários somando o grupo). Juliana mencionou que hoje possui uma empresa para a parte de medicina ocupacional e outra para (um pj) segurança do trabalho. reunião realizada, 80 funcion
1035;2026-08-04;SINAPSE FINANCE;31.056.065/0001-82;06 Conclusão;Não Informado;N;;retorno
1041;2026-08-04;W.D.C. RADY LTDA;02.466.919/0001-09;05 Negociação;Touch;S;Kethlleen Gomes;A FAZER: Ligar para Adriana (11) 99569-1709 para apresentarmos o projeto de SST --- REALIZADO: Ligação realizada para Adriana (15:00) Qualificação: Adriana mencionou que já possui uma empresa parceira responsável por toda a gestão de Medicina Ocupacional e Segurança do Trabalho. De acordo com ela, e
1051;2026-08-05;BARBARA ALVES DE ALMEIDA;20.718.118/0001-67;06 Conclusão;Touch;S;Kethlleen Gomes;Ligação realizada para Barbara, falando sobre nosso projeto comercial de STT e verificando a possibilidade de realizarmos uma reunião de apresentação.
1052;2026-08-05;IRTON MENDES DA SILVA;24.921.242/0001-86;06 Conclusão;Touch;S;Kethlleen Gomes;Conversei com a Edleusa, falando sobre nosso projeto comercial de STT e verificando a possibilidade de realizarmos uma reunião de apresentação. Reunião agendada para o dia 10/082026 ás 14h00.
1053;2026-08-05;EMBALA SEMPRE MANUTENCAO DE MAQUINAS DE EMBALAGEM LTDA;63.633.310/0001-63;06 Conclusão;Touch;S;Kethlleen Gomes;Conversei com a Ingrid, falando sobre nosso projeto comercial de STT e verificando a possibilidade de realizarmos uma reunião de apresentação. Reunião agendada para o dia 10/082026 ás 14h30.
1058;2026-08-06;ASEC;54.796.016/0001-81;06 Conclusão;Não Informado;N;;tentar contt
1062;2026-08-06;W.D.C. RADY LTDA;02.466.919/0001-09;05 Negociação;Reunião;S;Bruno Gonçalo;APRE Reunião realizada com a Adriana. Atualmente possuem 24 colaboradores/vidas atualmente A empresa Neoformar (localizada na Av. Timóteo Penteado) que lhe atende atualmente, lhe oferecendo toda a parte de medicina ocupacional e controle anual. Laudos/Programas: PCMSO e PGR. Exames: Realizados em lo
1068;2026-08-06;DE GRAU CONFECCOES LTDA;67.237.818/0001-01;06 Conclusão;Touch;S;Kethlleen Gomes;Entrei em contato com a Caroline falando sobre o projeto SST e verificando a possibilidade de agendar uma reunião de apresentação. Caroline está de férias.
1072;2026-08-07;AZUL IMPORTACAO E EXP. DE PRODUTOS PARA AQUARISMO;14.466.538/0001-09;06 Conclusão;FUP;S;Karine Ribeiro;Fazer contato com MICHELE para possivel proposta 07/08 - tentei contato sem sucesso.
1078;2026-08-07;SM ELECTRIC - Solutions Group;28.942.303/0001-42;06 Conclusão;Touch;S;Jakeline Santana;Fazer contato com Diego pós email explicativo sobre suas necessidades empresariais 07/08 tentativa de contato realizada com o Diego via ligação, whjats e email aguardando retorno.
1079;2026-08-07;SM ELECTRIC - Solutions Group;28.942.303/0001-42;06 Conclusão;Touch;S;Jakeline Santana;Tentar contato novamente com o Diego, verificar se faz sentido prosseguirmos para uma apresentação.
1080;2026-08-07;CREDIFOM CREDITOS E FOMENTOS LTDA;54.374.660/0001-61;06 Conclusão;Não Informado;S;Jakeline Santana;a fazer - verificar se a gabriela e a Juliana analisaram a proposta enviada. Feito 07/08 - Tentativa de contato sem sucesso
1081;2026-08-07;CREDIFOM CREDITOS E FOMENTOS LTDA;54.374.660/0001-61;06 Conclusão;Touch;S;Jakeline Santana;Em contato via email elas retornaram informando que receberam e iram analisar a proposta com calma.
1094;2026-08-10;IRTON MENDES DA SILVA;24.921.242/0001-86;06 Conclusão;Reunião;S;Bruno Gonçalo;APRE Reunião agendada para o dia 10/082026 ás 14h00. --- Reunião realizada com a Edleusa Lacerda Possuem 9 colaboradores no total, distribuídos em três unidades: São Paulo: 5 colaboradores. Maceió: 3 colaboradores. Brasília: 1 colaborador. Atualmente são atendidos pela A Mednet (em São Paulo), lhes 
1095;2026-08-10;EMBALA SEMPRE MANUTENCAO DE MAQUINAS DE EMBALAGEM LTDA;63.633.310/0001-63;06 Conclusão;Reunião;S;Jakeline Santana;Reunião agendada para o dia 10/082026 ás 14h30. Reunião realizada com a Ingrid, a mesma já possui contrato com a Controller MED e seg
1101;2026-08-10;JULIO CESAR PREHL DE MORAES 14438161835;36.072.703/0001-72;06 Conclusão;Touch;S;Kethlleen Gomes;Entrei em contato com a Cristina falando sobre o projeto SST e verificando a possibilidade de agendar uma reunião de apresentação. Ela informou que não possui funcionários, na empresa é apenas ela e o marido.
1105;2026-08-11;KABE METALURGICA;42.199.532/0001-40;06 Conclusão;FUP;S;Kethlleen Gomes;ÉPOCA DE RENOVAÇÃO - ENTRAR EM CONTATO PARA PARTICIPAR DA COTAÇÃO TAIRINE - adm@kabemetalurgica.com.br - 14 funcionários ACABARAM DE RENOVAR - SÁ ANO QUE VEM - NÃO QUER FALAR DISSO MANDEI APRESENTAÇÃO POR EMAIL ---- REALIZADO: 11/08/2026 - Liguei, conversei com Tairine e ela informou que já possui u
1120;2026-08-12;BARBARA ALVES DE ALMEIDA;20.718.118/0001-67;06 Conclusão;Touch;S;Kethlleen Gomes;A FAZER: Ligar novamente para Barbara, verificar se ela escolheu uma data para a reunião. ---- REALIZADO: Fui informada pela Natali que a Barbara está afastada e retorna somente segunda-feira dia 17/08/2026.
1121;2026-08-12;IRTON MENDES DA SILVA;24.921.242/0001-86;06 Conclusão;FUP;S;Bruno Gonçalo;FUP REALIZADO: Envio de proposta para 1 CNPJ com 1 vida e outra proposta para atender o grupo 3 CNPJs com 9 vidas ao total.
1126;2026-08-12;ONIX NOVA CORRETORA DE SEGUROS LTDA;07.251.199/0001-70;06 Conclusão;Touch;S;Gabriel Lira;Cliente entrou em contato via RH da Controller solicitando uma reunião para conhecer melhor sobre a parte de Medicina Ocupacional (já é cliente da contabilidade).
1128;2026-08-13;J RYAL E CIA LTDA;61.373.304/0001-99;06 Conclusão;Touch;S;Gabriel Lira;Entrei em contato via telefone, mas me foi informado que a Rafaella não faz mais parte da empresa, quem me atendeu foi Paulo e ele pediu para eu enviar um e-mail para o setor responsável.
1131;2026-08-13;W.D.C. RADY LTDA;02.466.919/0001-09;05 Negociação;FUP;S;Bruno Gonçalo;A FAZER: Ligar para Adriana, verificando o que ela achou de nossa proposta comercial, se ficou alguma dúvida e se podemos evoluir com as tratativas comerciais --- REALIZADO: Liguei algumas vezes para Adriana, porem só chamou até dar caixa postal, na sequencia lhe abordei via whats, porem ela não deu
1139;2026-08-14;EPCCO ENGENHARIA DE PROJETOS CONSULTORIA E CONSTR;61.106.159/0001-80;06 Conclusão;Touch;S;Gabriel Lira;Tentei contato no número cadastrado, mas sem sucesso.
1140;2026-08-14;TRANS. DELLA VOLPE S/A COMERCIO E INDUSTRIA;61.139.432/0001-72;06 Conclusão;Não Informado;S;Gabriel Lira;Responsável pelo RH não estava presente.
1143;2026-08-14;CREDIFOM CREDITOS E FOMENTOS LTDA;54.374.660/0001-61;06 Conclusão;FUP;S;Jakeline Santana;A fazer - Verificar se elas conseguiram analisar a proposta e se ficou alguma dúvida. Feito - Mandei email e liguei, agurdando retorno.
1146;2026-08-14;BARBARA ALVES DE ALMEIDA;20.718.118/0001-67;06 Conclusão;Touch;S;Kethlleen Gomes;A FAZER: Ligar novamente para Barbara, verificar se ela escolheu uma data para a reunião.
1147;2026-08-14;BARBARA ALVES DE ALMEIDA;20.718.118/0001-67;06 Conclusão;Touch;S;Gabriel Lira;Entrei em contato com a Barbara, ela informou que já contrataram uma empresa para administrar essa parte, mas não compensou por conta da quantidade (10) de funcionários que eles possuem, hoje preferem fazer no particular.
1149;2026-08-14;ONIX NOVA CORRETORA DE SEGUROS LTDA;07.251.199/0001-70;06 Conclusão;Reunião;S;Bruno Gonçalo;Reunião online agendada para a data 12/08/26 - 10:00. Empresa possui um CNPJ, 19 funcionários CLT e 2 estagiários. Entraram em contato com a Contabilidade porque estão insatisfeitos com o atendimento da empresa atual. --- Reunião realizada com o Felipe Santos e a Simone Santos Possuem 21 vidas no to
1150;2026-08-14;ONIX NOVA CORRETORA DE SEGUROS LTDA;07.251.199/0001-70;06 Conclusão;FUP;S;Bruno Gonçalo;PROPOSTA COMERCIAL
1155;2026-08-14;TWE CONTROL EQUIPAMENTOS DE CONTROLE E TEMPERATURA INDUSTRIA COMERCIO E REPRESENTACAO COMERCIAL LTDA;17.830.516/0001-66;06 Conclusão;Touch;S;Gabriel Lira;Cliente veio de indicação da Jakeline (ela atendeu na Omie), mas não consegui falar com a Tatiane
1156;2026-08-14;A.A. GALVAO SERVICE;16.652.779/0001-60;06 Conclusão;Touch;S;Gabriel Lira;Entrei em contato com a cliente, ela informou que trabalha com pj hoje e não possui nenhum CLT.
1157;2026-08-14;W PREMIUM GROUP SERVICOS AUXILIARES EM PORTOS E AEROPORTOS LTDA;33.965.372/0026-60;06 Conclusão;Touch;S;Gabriel Lira;Cliente da Omie, tentei contato via telefone e whatsapp, mas ainda não tive retorno.
1158;2026-08-14;URBANI GAMES LTDA;08.869.524/0001-25;06 Conclusão;Touch;S;Gabriel Lira;Cliente da Omie, tentei contato via telefone e whatsapp, mas ainda não tive retorno.
1159;2026-08-14;GRINGO DISTRIBUICAO LTDA;19.867.821/0001-58;06 Conclusão;Touch;S;Gabriel Lira;Cliente da Omie, tentei contato via telefone e whatsapp, mas ainda não tive retorno.
1160;2026-08-14;GIL COMERCIO ATACADISTA DE PRODUTOS LTDA;20.775.180/0001-90;06 Conclusão;Touch;S;Gabriel Lira;Cliente da Omie, tentei contato via telefone e whatsapp, mas ainda não tive retorno.
1161;2026-08-14;TW-SOLUTIONS TELECOMUNICACOES LTDA;23.323.113/0001-23;06 Conclusão;Touch;S;Gabriel Lira;Tentei contato por telefone, mas seu sucesso. Mandei uma mensagem no whats
1162;2026-08-14;GERALTHERM RESISTENCIAS ELETRICAS LTDA;47.330.555/0001-65;06 Conclusão;Touch;S;Gabriel Lira;Cliente da Omie, tentei contato via telefone e whatsapp, mas ainda não tive retorno.
1163;2026-08-14;LIG METAL SOLUCOES EM METAIS LTDA;67.238.145/0001-04;06 Conclusão;Touch;S;Gabriel Lira;Cliente da Omie, tentei contato via telefone e whatsapp, mas ainda não tive retorno.
1164;2026-08-14;INNOVATION QUIMICA INDUSTRIA E COMERCIO LTDA;18.116.420/0001-01;06 Conclusão;Touch;S;Gabriel Lira;Cliente da Omie, tentei contato via telefone e whatsapp, mas ainda não tive retorno.
1165;2026-08-14;COLEGIO EFRAIM LTDA;17.267.229/0001-90;06 Conclusão;Touch;S;Gabriel Lira;Cliente da Omie, tentei contato via telefone e whatsapp, mas ainda não tive retorno.
1166;2026-08-14;SR PROTECAO PATRIMONIAL LTDA;37.221.399/0001-40;06 Conclusão;Touch;S;Gabriel Lira;Tentei contato via telefone, mas sem sucesso. (Cliente Omie)
1167;2026-08-14;OXON BRASIL DEFENSIVOS AGRICOLAS LTDA;07.224.503/0001-90;06 Conclusão;Touch;S;Gabriel Lira;Tentei contato por telefone e whats, mas sem sucesso.
1168;2026-08-14;20.303.494 BRUNO FIGUEIREDO DE FARIA;20.303.494/0001-90;06 Conclusão;Touch;S;Kethlleen Gomes;Entrei em contato com o Bruno, me apresentei e comentei sobre o projeto SST verificando a possibilidade de agendar uma reunião de apresentação. Ele informou que no momento está ocupado, mas que posteriormente me retornaria.
1169;2026-08-17;ACAMPAMENTO NOSSO RECANTO LTDA;62.438.841/0001-32;06 Conclusão;Touch;S;Gabriel Lira;Realizei o contato com Nayara, ela disse que eles estão no meio do contrato e não pretendem mudar por hora. O período de renovação seria no inicio do ano que vem.
1172;2026-08-17;J RYAL E CIA LTDA;61.373.304/0001-99;06 Conclusão;Touch;S;Gabriel Lira;Sem interesse.
1174;2026-08-17;CREDI INTELIGENCIA;34.481.996/0001-16;06 Conclusão;Não Informado;S;Gabriel Lira;A responsável pelo RH não estava na empresa.
1176;2026-08-17;SM ELECTRIC - Solutions Group;28.942.303/0001-42;06 Conclusão;Touch;S;Gabriel Lira;Tentei contato via telefone e whatsapp, mas sem sucesso.
1180;2026-08-17;W.D.C. RADY LTDA;02.466.919/0001-09;05 Negociação;FUP;S;Bruno Gonçalo;A FAZER: Ligar novamente para Adriana, verificando se analisou nossa proposta comercial e se ficou alguma dúvida. --- REALIZADO: Ligação realizada para Adriana, porem sem sucesso de contato, posteriormente conversamos via whats: [15:03, 17/08/2026] Bruno Gonçalo: Boa tarde Adriana, como você esta? [
1182;2026-08-17;IRTON MENDES DA SILVA;24.921.242/0001-86;06 Conclusão;FUP;S;Bruno Gonçalo;FUP A FAZER: Retomar contato com a Edleusa verificando se analisou nossa proposta comercial e se podemos evoluir com o projeto para 1 CNPJ ou para o grupo (3 CNPJs) --- REALIZADO: Ligação realizada para Edleusa, a mesma disse que devido só ter apenas um colaborador de Brasília não faz sentido o inve
1188;2026-08-17;W PREMIUM GROUP SERVICOS AUXILIARES EM PORTOS E AEROPORTOS LTDA;33.965.372/0026-60;06 Conclusão;Touch;S;Gabriel Lira;Márcio respondeu no whats e informou que hoje não cuida da parte de RH, mas me passou o contato da gerente.
1189;2026-08-17;URBANI GAMES LTDA;08.869.524/0001-25;06 Conclusão;Touch;S;Gabriel Lira;Sem interesse.
1190;2026-08-17;GRINGO DISTRIBUICAO LTDA;19.867.821/0001-58;06 Conclusão;Touch;S;Gabriel Lira;Não consegui falar com o cliente.
1191;2026-08-17;GIL COMERCIO ATACADISTA DE PRODUTOS LTDA;20.775.180/0001-90;06 Conclusão;Touch;S;Gabriel Lira;Cliente não atendeu as chamadas e não respondeu o whats,
1192;2026-08-17;GERALTHERM RESISTENCIAS ELETRICAS LTDA;47.330.555/0001-65;06 Conclusão;Touch;S;Gabriel Lira;Não consegui falar com o cliente.
1194;2026-08-17;F12 DO BRASIL JOGOS ELETRONICOS LTDA.;51.897.834/0001-82;06 Conclusão;Touch;S;Kethlleen Gomes;Entrei em contato com o Gabriel, me apresentei e falei sobre o projeto SST. Verifiquei a possibilidade de agendar uma reunião de apresentação, mas ele disse que não tem interesse.
1196;2026-08-17;RED - SEGURANCA E VIGILANCIA LTDA.;08.800.829/0001-80;06 Conclusão;Touch;S;Gabriel Lira;Em contato com Jakeline, ela informou que renovaram o contrato no começo do ano com uma empresa e pretendem ficar com ela até o final de 2027.
1198;2026-08-17;OXON BRASIL DEFENSIVOS AGRICOLAS LTDA;07.224.503/0001-90;06 Conclusão;Touch;S;Gabriel Lira;sem sucesso
1199;2026-08-17;DE GRAU CONFECCOES LTDA;67.237.818/0001-01;06 Conclusão;Touch;S;Kethlleen Gomes;Conversei com a Caroline verificando a possibilidade de agendar uma reunião de apresentação do projeto SST.
1200;2026-08-17;EASY STAR GESTAO DE NEGOCIOS LTDA.;43.858.753/0001-45;06 Conclusão;Touch;S;Gabriel Lira;Tentei contato por ligação e whatsapp, mas sem sucesso.
1201;2026-08-17;LOREN BRINDES PERSONALIZADOS LTDA;53.430.877/0001-89;06 Conclusão;Touch;S;Gabriel Lira;Tentei contato via telefone e whatsapp, mas sem sucesso.
1203;2026-08-17;20.303.494 BRUNO FIGUEIREDO DE FARIA;20.303.494/0001-90;06 Conclusão;Touch;S;Kethlleen Gomes;Cobrei um retorno referente ao agendamento da reunião e foi marcado para quarta-feira dia 19/08 ás 14h00.
1204;2026-08-17;THE GUARDIAN GESTAO IMOBILIARIA LTDA;55.176.001/0001-83;06 Conclusão;Touch;S;Gabriel Lira;Caixa postal, mandei mensagem no whats.
1205;2026-08-17;EXEED COMERCIO IMPORTACAO E EXPORTACAO LTDA;60.324.133/0001-45;06 Conclusão;Touch;S;Gabriel Lira;Retomar o contato para falar com o responsável pelo RH -------------------------------------------------------------------------------------------------- A pessoa responsável pelo RH não estava na empresa.
1206;2026-08-17;AKIHIRO INTERMEDIACOES DE VEICULOS LTDA;53.608.159/0001-50;06 Conclusão;Touch;S;Kethlleen Gomes;Entrei em contato com a Fabiana (RH), me apresentei e falei sobre o projeto SST. Ela me pediu parta enviar uma apresentação no e-mail.
1207;2026-08-17;PAO E TALHO SANDUICHERIA LTDA;15.341.234/0001-70;06 Conclusão;Touch;S;Gabriel Lira;Falei com Jaqueline pelo whatsapp, ela disse que contrataram recentemente uma empresa.
1208;2026-08-17;TOKYO.99 DELIVERY E RESTAURANTE LTDA.;35.687.418/0001-01;06 Conclusão;Touch;S;Gabriel Lira;Realizei contato via whatsapp (cliente atendido na Omie pelo Bruno)
1210;2026-08-18;AZUL IMPORTACAO E EXP. DE PRODUTOS PARA AQUARISMO;14.466.538/0001-09;06 Conclusão;Não Informado;S;Jakeline Santana;Tentar contato novamente, se não tiver sucesso, encerrar a oportunidade. Feito - tentei contato via ligação sem sucesso.
1214;2026-08-18;CREDI INTELIGENCIA;34.481.996/0001-16;06 Conclusão;Touch;S;Gabriel Lira;Não consegui falar com o cliente
1215;2026-08-18;CREDIFOM CREDITOS E FOMENTOS LTDA;54.374.660/0001-61;06 Conclusão;FUP;S;Jakeline Santana;A fazer - verificar se o email foi respondido, em caso de negativa, enviar whats. feito - tentei contato sem sucesso.
1220;2026-08-18;ONIX NOVA CORRETORA DE SEGUROS LTDA;07.251.199/0001-70;06 Conclusão;FUP;S;Bruno Gonçalo;A REALIZAR: Entrar em contato com a Simone e verificar se ficou alguma dúvida sobre nossa proposta comercial --- REALIZADO: Ligação realizada para a Simone a mesma disse que ainda não conseguiu evoluir com este assunto, mas pretendem resolver isso ainda esta semana.
1225;2026-08-18;TWE CONTROL EQUIPAMENTOS DE CONTROLE E TEMPERATURA INDUSTRIA COMERCIO E REPRESENTACAO COMERCIAL LTDA;17.830.516/0001-66;06 Conclusão;Touch;S;Gabriel Lira;Não consegui falar com Tatiane.
1226;2026-08-18;W PREMIUM GROUP SERVICOS AUXILIARES EM PORTOS E AEROPORTOS LTDA;33.965.372/0026-60;06 Conclusão;Touch;S;Gabriel Lira;Tentei contato com a Elys, responsável pelo financeiro, mas sem sucesso.
1227;2026-08-18;TW-SOLUTIONS TELECOMUNICACOES LTDA;23.323.113/0001-23;06 Conclusão;Touch;S;Gabriel Lira;Não trabalha com funcionários
1228;2026-08-18;LIG METAL SOLUCOES EM METAIS LTDA;67.238.145/0001-04;06 Conclusão;Touch;S;Gabriel Lira;Falei com Ivonei e ele mencionou que trabalha mais com PJs, não está realizando a contratação de funcionários.
1229;2026-08-18;COLEGIO EFRAIM LTDA;17.267.229/0001-90;06 Conclusão;Touch;S;Gabriel Lira;Sem contato com a cliente.
1230;2026-08-18;SR PROTECAO PATRIMONIAL LTDA;37.221.399/0001-40;06 Conclusão;Touch;S;Gabriel Lira;Não consegui falar com Luciana
1231;2026-08-18;EASY STAR GESTAO DE NEGOCIOS LTDA.;43.858.753/0001-45;06 Conclusão;Touch;S;Gabriel Lira;Sem contato com Mateus
1232;2026-08-18;LOREN BRINDES PERSONALIZADOS LTDA;53.430.877/0001-89;06 Conclusão;Touch;S;Gabriel Lira;Não consegui falar com o cliente.
1234;2026-08-18;THE GUARDIAN GESTAO IMOBILIARIA LTDA;55.176.001/0001-83;06 Conclusão;Touch;S;Gabriel Lira;Não consegui falar com o cliente..
1235;2026-08-18;EXEED COMERCIO IMPORTACAO E EXPORTACAO LTDA;60.324.133/0001-45;06 Conclusão;Touch;S;Gabriel Lira;Retomar o contato para falar com o responsável pelo RH -------------------------------------------------------------------------------------- Não estava na empresa hoje
1236;2026-08-18;TOKYO.99 DELIVERY E RESTAURANTE LTDA.;35.687.418/0001-01;06 Conclusão;Touch;S;Gabriel Lira;Não consegui falar com o cliente.
1242;2026-08-18;CASA DE RACOES E PRODUTOS PET SANTA RITA LTDA;07.006.168/0001-53;06 Conclusão;Touch;S;Gabriel Lira;Tentei contato via whatsapp (cliente Bruno Omie)
1243;2026-08-18;MARTINS & LUGLI LTDA;13.144.576/0001-74;06 Conclusão;Touch;S;Gabriel Lira;Mandei mensagem no whats e me responderam que não trabalhava mais nenhum André na empresa. Liguei, falei com Leticia e ela informou que não pretendem mudar a forma como já trabalham hoje.
1244;2026-08-18;CELIA STORANI BISCARO;08.256.623/0001-31;06 Conclusão;Touch;S;Gabriel Lira;Tentei contato via whatsapp (cliente Bruno Omie)
1248;2026-08-18;FORTE LUVAS E CONEXOES LTDA;29.731.861/0001-21;06 Conclusão;Touch;S;Kethlleen Gomes;Entrei em contato com o Herbert falando sobre o projeto SST e verificando a possibilidade de agendar uma reunião de apresentação.
1249;2026-08-18;PREMIUM LAB DIAGNOSTICOS E ASSESSORIA LABORATORIAL LTDA;34.089.897/0001-93;06 Conclusão;Touch;S;Gabriel Lira;Tentei contato via whatsapp (cliente Bruno Omie)
1251;2026-08-18;PHONOTEC COMERCIO COPIADORA E ASSISTENCIA TECNICA LTDA;68.973.866/0001-12;06 Conclusão;Touch;S;Gabriel Lira;Tentei contato via whatsapp (cliente Bruno Omie)
1252;2026-08-18;NETWORK EXPLORER LTDA;02.785.974/0001-53;06 Conclusão;Touch;S;Gabriel Lira;Tentei contato via whatsapp (cliente Bruno Omie)
1255;2026-08-18;NPP-COMERCIO DE PRODUTOS METALURGICOS E CHURRASQUEIRAS LTDA;24.634.139/0001-55;06 Conclusão;Touch;S;Gabriel Lira;Tentei contato via whatsapp (cliente Bruno Omie)
1256;2026-08-18;WILSON CARLOS CASSU DE OLIVEIRA;03.370.831/0001-43;06 Conclusão;Touch;S;Gabriel Lira;Tentei contato via whatsapp (cliente Bruno Omie)
1257;2026-08-18;J PEGORIN INDUSTRIA E COMERCIO LTDA;28.675.469/0001-40;06 Conclusão;Touch;S;Gabriel Lira;Tentei contato via whatsapp (cliente Bruno Omie)
1258;2026-08-18;ILUMINARE COMERCIO E SERVICOS LTDA;08.600.856/0001-00;06 Conclusão;Touch;S;Gabriel Lira;Tentei contato via whatsapp (cliente Bruno Omie)
1260;2026-08-18;ALANA AI TECNOLOGIA E SERVICOS LTDA;36.981.279/0001-89;06 Conclusão;Touch;S;Gabriel Lira;Tentei contato via whatsapp (cliente Bruno Omie)
1261;2026-08-18;MADERBRAS ENGENHARIA E CONSTRUCOES LTDA;56.681.943/0001-81;06 Conclusão;Touch;S;Kethlleen Gomes;Entrei em contato com o Leonardo informando sobre o projeto SST e verificando a possibilidade de agendar uma reunião de apresentação. Ele informou que não tem interesse.
1262;2026-08-18;AJIBLOCOS ARTEFATOS DE CIMENTO LTDA;00.003.407/0001-72;06 Conclusão;Touch;S;Gabriel Lira;Tentei contato via whatsapp (cliente Bruno Omie)
1263;2026-08-18;C. A . LOPES REFRIGERACAO E AR CONDICIONADO LTDA;11.178.743/0001-72;06 Conclusão;Touch;S;Gabriel Lira;Em contato com Clayton ele mencionou que hoje não possui funcionários ainda, mas que quando contratar vai entrar em contato comigo.
1266;2026-08-18;CENTRAL CAR CENTRO AUTOMOTIVO LTDA;09.421.211/0001-72;06 Conclusão;Touch;S;Gabriel Lira;Em contato com Antônio, ele informou que realizaram a contratação recentemente de uma empresa para cuidar dos exames, não vão fazer nenhuma mudança agora.
1268;2026-08-18;ATUAL 02 INCORPORADORA LTDA;20.716.321/0001-02;06 Conclusão;Touch;S;Gabriel Lira;Tentei contato via whatsapp (cliente Bruno Omie)
1269;2026-08-18;F. SOBRAL DE O. SILVA;20.280.356/0001-33;06 Conclusão;Touch;S;Gabriel Lira;Tentei contato via whatsapp (cliente Bruno Omie)
1270;2026-08-18;H J W BOLSAS LTDA;36.112.526/0001-00;06 Conclusão;Touch;S;Gabriel Lira;Tentei contato via whatsapp (cliente Bruno Omie)
1271;2026-08-18;FC4L EMPREENDIMENTOS DESPORTIVOS LTDA;37.655.135/0001-03;06 Conclusão;Touch;S;Kethlleen Gomes;Entrei em contato com a Fernanda falando sobre o projeto SST e verificando a possibilidade de agendar uma reunião de apresentação. Ela informou que não trabalha mais na empresa.
1272;2026-08-18;CIC - CENTRO DE CARDIOLOGIA INTEGRADA LTDA;57.856.312/0001-19;06 Conclusão;Touch;S;Kethlleen Gomes;Entrei em contato com o Ricardo verificando a possibilidade de agendar uma reunião de apresentação. Ele informou que não possui interesse.
1273;2026-08-18;HANA ASSISTENCIA TECNICA LTDA;08.151.125/0001-24;06 Conclusão;Touch;S;Kethlleen Gomes;Entrei em contato com a Renata falando sobre o projeto SST e verificando a possibilidade de agendar uma reunião de apresentação.
1274;2026-08-18;ECONOMIZA SERVICOS PARA ECONOMIA DE AGUA LTDA;30.569.084/0001-40;06 Conclusão;Touch;S;Gabriel Lira;Falei com a Patrícia, ela disse que hoje trabalha como pagadoria e não possui controle de funcionários nas empresas que presta serviço.
1275;2026-08-18;CARLA APARECIDA MADEIRA DE OLIVEIRA 13912936811;35.066.533/0001-50;06 Conclusão;Touch;S;Gabriel Lira;Falei com Carla e ela informou que hoje não possui mais a empresa.
1277;2026-08-18;A & G CONFECCAO DE INFLAVEIS LTDA;07.654.565/0001-31;06 Conclusão;Touch;S;Gabriel Lira;Realizei o contato com Ellen, responsável pelo RH. Ela disse que hoje possuem uma empresa que realiza o mesmo serviço que o nosso e que não pretendem mudar, pois estão muito satisfeitos com o atendimento.
1279;2026-08-18;M C A CENTRO DE NEGOCIOS LTDA;58.604.596/0001-19;06 Conclusão;Não Informado;S;Kethlleen Gomes;Em contato com a Ana, ela informou que não possui empresa.
1280;2026-08-18;CENTRAL INDUSTRIA E COMERCIO LTDA;39.415.197/0001-65;06 Conclusão;Touch;S;Kethlleen Gomes;Entrei em contato com a Andreia falando sobre o projeto SST e verificando a possibilidade de agendar uma reunião de apresentação.
1281;2026-08-18;PREMIERSEG INDUSTRIA E COMERCIO LTDA;13.241.077/0001-03;06 Conclusão;Touch;S;Kethlleen Gomes;Entrei em contato com o Vitor falando sobre o projeto SST e verificando a possibilidade de agendar uma reunião de apresentação.
1282;2026-08-18;JANAINA COTRIM DA SILVA 28499756808;14.976.391/0001-99;06 Conclusão;Touch;S;Kethlleen Gomes;Entrei em contato com a Janaina falando sobre o projeto SST e verificando a possibilidade de agendar uma reunião de apresentação.
1283;2026-08-18;LABORATORIO BIO BOTHANIC PERFUMARIA E COSMETICOS LTDA;05.380.584/0001-91;06 Conclusão;Touch;S;Kethlleen Gomes;Entrei em contato com Robson falando sobre o projeto SST e verificando a possibilidade de agendar uma reunião de apresentação.
1285;2026-08-18;L.C. MONTEIRO CONTABILIDADE;17.194.159/0001-97;06 Conclusão;Touch;S;Gabriel Lira;Cliente agendado via EC (Aline)
1296;2026-08-19;GIL COMERCIO ATACADISTA DE PRODUTOS LTDA;20.775.180/0001-90;06 Conclusão;Touch;S;Gabriel Lira;Não consegui falar com o cliente.
1297;2026-08-19;INNOVATION QUIMICA INDUSTRIA E COMERCIO LTDA;18.116.420/0001-01;06 Conclusão;Touch;S;Gabriel Lira;Não consegui falar com Daniel, tentar contato via fixo da empresa.
1299;2026-08-19;OXON BRASIL DEFENSIVOS AGRICOLAS LTDA;07.224.503/0001-90;06 Conclusão;Touch;S;Gabriel Lira;Sem contato com Leonardo
1301;2026-08-19;20.303.494 BRUNO FIGUEIREDO DE FARIA;20.303.494/0001-90;06 Conclusão;Reunião;S;Bruno Gonçalo;Reunião online agendada para 19/08 ás 14h00 --- Reunião realizada com o Bruno Figueiredo No momento nossos serviços não fazem sentido para ele, pois nosso serviço é focado em medicina e segurança do trabalho Ele não atende às necessidades do Bruno atualmente pelos seguintes motivos: Estrutura de Tra
1302;2026-08-19;L.C. MONTEIRO CONTABILIDADE;17.194.159/0001-97;06 Conclusão;Reunião;S;Bruno Gonçalo;Reunião --- Reunião realizada com a Camila Oliveira A empresa possui 2 vidas: 1 funcionário CLT e 1 estagiário. Nenhuma empresa atende no momento (estão sem cobertura). Anteriormente, tentaram atendimento por uma clínica via busca no Google (que não entregou o serviço nem cobrou) e depois receberam 
1303;2026-08-19;GINGER BRAND COMERCIO DE ROUPAS LTDA;37.263.626/0005-24;06 Conclusão;Touch;S;Kethlleen Gomes;17/08 - Entrei em contato falando sobre o projeto SST e verificando a possibilidade de agendar uma reunião de apresentação. A FAZER: Verificar se deu um retorno referente ao agendamento da reunião. ---- REALIZADO: Tentei contato com a cliente, mas não obtive sucesso.
1305;2026-08-19;DECAL MAX COMERCIO E SERVICOS DE COMUNICACAO VISUAL LTDA;10.432.539/0001-73;06 Conclusão;Touch;S;Kethlleen Gomes;17/08 - Entrei em contato falando sobre o projeto SST e verificando a possibilidade de agendar uma reunião de apresentação. A FAZER: Verificar se deu um retorno referente ao agendamento da reunião. ---- REALIZADO: Tentei contato com o cliente, mas não obtive sucesso.
1306;2026-08-19;JM SERVICOS DE IMAGEM LTDA;08.368.260/0001-26;06 Conclusão;Touch;S;Kethlleen Gomes;17/08 - Entrei em contato falando sobre o projeto SST e verificando a possibilidade de agendar uma reunião de apresentação. A FAZER: Verificar se deu um retorno referente ao agendamento da reunião. ---- REALIZADO: Tentei contato com a cliente, mas não obtive sucesso.
1307;2026-08-19;NANTES E MELLO SOCIEDADE DE ADVOGADOS;33.439.443/0001-32;06 Conclusão;Touch;S;Kethlleen Gomes;17/08 - Entrei em contato falando sobre o projeto SST e verificando a possibilidade de agendar uma reunião de apresentação. A FAZER: Verificar se deu um retorno referente ao agendamento da reunião. ---- REALIZADO: Tentei contato com a cliente, mas não obtive sucesso.
1313;2026-08-19;ISRAEL SOLUCOES INDUSTRIAIS LTDA;65.919.902/0001-71;06 Conclusão;Touch;S;Gabriel Lira;AGENDADO
1320;2026-08-20;SM ELECTRIC - Solutions Group;28.942.303/0001-42;06 Conclusão;Touch;S;Gabriel Lira;Não consegui falar com Diego.
1321;2026-08-20;CREDIFOM CREDITOS E FOMENTOS LTDA;54.374.660/0001-61;06 Conclusão;FUP;S;Jakeline Santana;Tentar contato novamente via ligação, verificar se elas conseguiram analisar a proposta. A fazer - tentei contato sem sucesso.
1326;2026-08-20;W.D.C. RADY LTDA;02.466.919/0001-09;05 Negociação;FUP;S;Bruno Gonçalo;A FAZER: Verificar se a Adriana deu algum retorno referente a proposta atualizada e em caso de negativa retomar o contato com a mesma. --- REALIZADO: A Adriana deu retorno via whats querendo saber o valor dos exames de Audiometria e Acuidade, pois ela disse que hoje em seu contrato eles estão inclus
1332;2026-08-20;INNOVATION QUIMICA INDUSTRIA E COMERCIO LTDA;18.116.420/0001-01;06 Conclusão;Touch;S;Gabriel Lira;Não consegui falar com Daniel.
1333;2026-08-20;LOREN BRINDES PERSONALIZADOS LTDA;53.430.877/0001-89;06 Conclusão;Touch;S;Gabriel Lira;Não consegui falar com o cliente.
1334;2026-08-20;EXEED COMERCIO IMPORTACAO E EXPORTACAO LTDA;60.324.133/0001-45;06 Conclusão;Touch;S;Gabriel Lira;Sem interesse
1339;2026-08-20;CASA DE RACOES E PRODUTOS PET SANTA RITA LTDA;07.006.168/0001-53;06 Conclusão;Touch;S;Gabriel Lira;Sem contato.
1340;2026-08-20;CELIA STORANI BISCARO;08.256.623/0001-31;06 Conclusão;Touch;S;Gabriel Lira;Perguntou no whats se trabalhamos com os exames periódicos, clínicos etc. Porém, parou de me responder.
1344;2026-08-20;FORTE LUVAS E CONEXOES LTDA;29.731.861/0001-21;06 Conclusão;Touch;S;Kethlleen Gomes;A FAZER: Verificar se o Herbert deu um retorno referente ao agendamento da reunião. --- REALIZADO: Tentei contato com o cliente, mas sigo sem retorno. Tentar novamente na semana que vem.
1345;2026-08-20;PREMIUM LAB DIAGNOSTICOS E ASSESSORIA LABORATORIAL LTDA;34.089.897/0001-93;06 Conclusão;Touch;S;Gabriel Lira;Não consegui contato pelo whats e nem por ligação.
1347;2026-08-20;PHONOTEC COMERCIO COPIADORA E ASSISTENCIA TECNICA LTDA;68.973.866/0001-12;06 Conclusão;Touch;S;Gabriel Lira;Não consegui falar com o cliente.
1348;2026-08-20;NETWORK EXPLORER LTDA;02.785.974/0001-53;06 Conclusão;Touch;S;Gabriel Lira;Cliente respondeu que hoje não possui funcionários, trabalha mais com PJs
1351;2026-08-20;NPP-COMERCIO DE PRODUTOS METALURGICOS E CHURRASQUEIRAS LTDA;24.634.139/0001-55;06 Conclusão;Touch;S;Gabriel Lira;Não consegui falar com o cliente.
1352;2026-08-20;WILSON CARLOS CASSU DE OLIVEIRA;03.370.831/0001-43;06 Conclusão;Touch;S;Gabriel Lira;Não consegui falar com o cliente, tentei tanto ligação quanto whats
1353;2026-08-20;J PEGORIN INDUSTRIA E COMERCIO LTDA;28.675.469/0001-40;06 Conclusão;Touch;S;Gabriel Lira;Sem contato via telefone e whats.
1354;2026-08-20;ILUMINARE COMERCIO E SERVICOS LTDA;08.600.856/0001-00;06 Conclusão;Touch;S;Gabriel Lira;Não consegui falar com o cliente.
1356;2026-08-20;L.C. MONTEIRO CONTABILIDADE;17.194.159/0001-97;06 Conclusão;FUP;S;Bruno Gonçalo;A FAZER: Retomar contato com a Camila, verificando se ficou alguma dúvida sobre nossa proposta comercial e se podemos evoluir com o projeto de SST --- REALIZADO: Em contato com a Camila ela deu o de acordo para evoluirmos com o projeto de SST e enviou a proposta comercial (Anexo da tarefa) assinada.
1359;2026-08-20;ISRAEL SOLUCOES INDUSTRIAIS LTDA;65.919.902/0001-71;06 Conclusão;Noshow;S;Jakeline Santana;20/08 - 09:00 --------------------------------------------------------------------------------------- NOSHOW - REAGENDADO PARA 21/08 09:00
1367;2026-08-20;COMPILE SYSTEMS AUTOMACAO INDUSTRIAL LTDA;36.378.592/0001-27;06 Conclusão;Touch;S;Gabriel Lira;AGENDADO
1370;2026-08-20;FAQ PAINEIS E QUADROS ELETRICOS LTDA;13.229.502/0001-30;06 Conclusão;Touch;S;Kethlleen Gomes;Em contato com a cliente, ela informou que não possui interesse.
1372;2026-08-20;VLOG CARGO FARMA LTDA;47.432.368/0001-92;06 Conclusão;Touch;S;Gabriel Lira;AGENDADO
1377;2026-08-20;L.C. MONTEIRO CONTABILIDADE;17.194.159/0001-97;06 Conclusão;e-mail;N/D;;EMISSÃO DE CONTRATO - L.C. MONTEIRO CONTABILIDADE
1381;2026-08-21;ONIX NOVA CORRETORA DE SEGUROS LTDA;07.251.199/0001-70;06 Conclusão;FUP;S;Bruno Gonçalo;A FAZER: Retomar contato com a Simone e verificar se podemos evoluir com o projeto de SST. --- REALIZADO: Contato realizado com a Simone via whats, onde ela enviou um áudio falando que teve um contratempo com sua filha (Doença) e não conseguiu evoluir com o assunto de SST.
1385;2026-08-21;TWE CONTROL EQUIPAMENTOS DE CONTROLE E TEMPERATURA INDUSTRIA COMERCIO E REPRESENTACAO COMERCIAL LTDA;17.830.516/0001-66;06 Conclusão;Touch;S;Gabriel Lira;Não consegui falar com a Tatiane
1386;2026-08-21;W PREMIUM GROUP SERVICOS AUXILIARES EM PORTOS E AEROPORTOS LTDA;33.965.372/0026-60;06 Conclusão;Touch;S;Gabriel Lira;Não consegui falar com a responsável pelo RH.
1387;2026-08-21;GRINGO DISTRIBUICAO LTDA;19.867.821/0001-58;06 Conclusão;Touch;S;Gabriel Lira;Não consigo falar com Ronan
1388;2026-08-21;GIL COMERCIO ATACADISTA DE PRODUTOS LTDA;20.775.180/0001-90;06 Conclusão;Touch;S;Gabriel Lira;Sem contato com Jorge
1389;2026-08-21;GERALTHERM RESISTENCIAS ELETRICAS LTDA;47.330.555/0001-65;06 Conclusão;Touch;S;Gabriel Lira;Não consegui falar com o cliente.
1391;2026-08-21;OXON BRASIL DEFENSIVOS AGRICOLAS LTDA;07.224.503/0001-90;06 Conclusão;Touch;S;Gabriel Lira;Não consegui contato com Leonardo.
1393;2026-08-21;THE GUARDIAN GESTAO IMOBILIARIA LTDA;55.176.001/0001-83;06 Conclusão;Touch;S;Gabriel Lira;Não consegui falar com cliente
1394;2026-08-21;TOKYO.99 DELIVERY E RESTAURANTE LTDA.;35.687.418/0001-01;06 Conclusão;Touch;S;Gabriel Lira;Não consegui falar com o cliente.
1395;2026-08-21;F. SOBRAL DE O. SILVA;20.280.356/0001-33;06 Conclusão;Touch;S;Gabriel Lira;Sem contato
1396;2026-08-21;H J W BOLSAS LTDA;36.112.526/0001-00;06 Conclusão;Touch;S;Gabriel Lira;Não consegui falar com o cliente.
1401;2026-08-21;ISRAEL SOLUCOES INDUSTRIAIS LTDA;65.919.902/0001-71;06 Conclusão;Reunião;S;Jakeline Santana;21/08 às 09:00 Feito A reunião contou com a participação de Jakeline Santana e Jair (JFC). Jair informou que atualmente a empresa possui apenas 1 funcionário, ele próprio, e que a atividade principal é de representação comercial, com possibilidade futura de expansão para venda de ferramentas e acess
1408;2026-08-21;COMPILE SYSTEMS AUTOMACAO INDUSTRIAL LTDA;36.378.592/0001-27;06 Conclusão;Reunião;S;Bruno Gonçalo;COMPILE SYSTEMS AUTOMACAO INDUSTRIAL LTDA 36.378.592/0001-27 | Apresentação Controller MedSeg --- Reunião realizada com o Leandro Atualmente possui 10 pessoas no total. São 5 funcionários registrados (CLT), cerca de 3 PJs que realizam exames e 2 sócios. São atendidos pela empresa Carvalho Segurança 
1418;2026-08-24;TRANS. DELLA VOLPE S/A COMERCIO E INDUSTRIA;61.139.432/0001-72;06 Conclusão;Touch;S;Gabriel Lira;Tentei novo contato, mas responsável pelo RH não estava na empresa.
1423;2026-08-24;W.D.C. RADY LTDA;02.466.919/0001-09;05 Negociação;FUP;S;Bruno Gonçalo;A FAZER: Ligar para Adriana verificando se possui mais alguma dúvida sobre nossa proposta de SST. --- REALIZADO: CONTATO REALIZADO COM A ADRIANA VIA WHATS ONDE ELA DECLINOU COM A NEGOCIAÇÃO. [13:34, 24/08/2026] Bruno Gonçalo: Olá Adriana, boa tarde, como você esta? [13:38, 24/08/2026] CF - Adriana -
1428;2026-08-24;COLEGIO EFRAIM LTDA;17.267.229/0001-90;06 Conclusão;Touch;S;Gabriel Lira;Não consegui falar com o cliente.
1429;2026-08-24;SR PROTECAO PATRIMONIAL LTDA;37.221.399/0001-40;06 Conclusão;Touch;S;Gabriel Lira;Não consegui falar com a empresa em nenhum número
1433;2026-08-24;DE GRAU CONFECCOES LTDA;67.237.818/0001-01;06 Conclusão;Reunião;S;Bruno Gonçalo;Reunião online agendada para o dia 24/08 ás 14h00. RCANC Em contato por WhatsApp a cliente informou que o dono não possui interesse
1434;2026-08-24;EASY STAR GESTAO DE NEGOCIOS LTDA.;43.858.753/0001-45;06 Conclusão;Touch;S;Gabriel Lira;Sem contato com o cliente
1435;2026-08-24;AKIHIRO INTERMEDIACOES DE VEICULOS LTDA;53.608.159/0001-50;06 Conclusão;Touch;S;Kethlleen Gomes;A FAZER: Cobrar um retorno sobre o agendamento da reunião. --- REALIZADO: Tentativa de contato sem sucesso, tentar novamente.
1437;2026-08-24;CELIA STORANI BISCARO;08.256.623/0001-31;06 Conclusão;Touch;S;Gabriel Lira;Cliente não tem interesse
1438;2026-08-24;NPP-COMERCIO DE PRODUTOS METALURGICOS E CHURRASQUEIRAS LTDA;24.634.139/0001-55;06 Conclusão;Touch;S;Gabriel Lira;Não consegui falar com o cliente.
1439;2026-08-24;HANA ASSISTENCIA TECNICA LTDA;08.151.125/0001-24;06 Conclusão;Touch;S;Kethlleen Gomes;A FAZER: Verificar se a Renata deu um retorno referente ao agendamento da reunião. ---- REALIZADO: Sem sucesso. tentar novamente
1442;2026-08-24;CENTRAL INDUSTRIA E COMERCIO LTDA;39.415.197/0001-65;06 Conclusão;Touch;S;Kethlleen Gomes;A FAZER: Verificar se a Andreia deu um retorno referente ao agendamento da reunião. --- REALIZADO: Sem sucesso. Tentar novamente.
1443;2026-08-24;PREMIERSEG INDUSTRIA E COMERCIO LTDA;13.241.077/0001-03;06 Conclusão;Touch;S;Kethlleen Gomes;A FAZER: Verificar se o Vitor deu um retorno referente ao agendamento da reunião. ---- REALIZADO: Vitor informou que não pretende trocar de fornecedor devido a empresa dele ser pequena e estão com a atual fornecedora há muitos anos.
1444;2026-08-24;JANAINA COTRIM DA SILVA 28499756808;14.976.391/0001-99;06 Conclusão;Touch;S;Kethlleen Gomes;A FAZER: Verificar se a Janaina deu um retorno referente ao agendamento da reunião. --- REALIZADO. Sem sucesso. Tentar novamente.
1445;2026-08-24;LABORATORIO BIO BOTHANIC PERFUMARIA E COSMETICOS LTDA;05.380.584/0001-91;06 Conclusão;Touch;S;Kethlleen Gomes;A FAZER: Verificar se o Robson deu um retorno referente ao agendamento da reunião. --- REALIZADO: Sem sucesso. Tentar novamente
1447;2026-08-24;GINGER BRAND COMERCIO DE ROUPAS LTDA;37.263.626/0005-24;06 Conclusão;Touch;S;Kethlleen Gomes;A FAZER: Tentar contato novamente e verificar a possibilidade de agendar uma reunião de apresentação. --- REALIZADO: Tentei contato com a cliente, mas não obtive sucesso.
1449;2026-08-24;DECAL MAX COMERCIO E SERVICOS DE COMUNICACAO VISUAL LTDA;10.432.539/0001-73;06 Conclusão;Touch;S;Kethlleen Gomes;A FAZER: Tentar contato novamente e verificar a possibilidade de agendar uma reunião de apresentação. ---- REALIZADO: Sem sucesso, tentar novamente.
1450;2026-08-24;JM SERVICOS DE IMAGEM LTDA;08.368.260/0001-26;06 Conclusão;Touch;S;Kethlleen Gomes;A FAZER: Tentar contato novamente e verificar a possibilidade de agendar uma reunião de apresentação. --- REALIZADO: Sem sucesso. Tentar novamente.
1451;2026-08-24;NANTES E MELLO SOCIEDADE DE ADVOGADOS;33.439.443/0001-32;06 Conclusão;Touch;S;Kethlleen Gomes;A FAZER: Tentar contato novamente e verificar a possibilidade de agendar uma reunião de apresentação. ---- REALIZADO: Sem sucesso. Tentar novamente no futuro.
1461;2026-08-24;COMPILE SYSTEMS AUTOMACAO INDUSTRIAL LTDA;36.378.592/0001-27;06 Conclusão;FUP;S;Bruno Gonçalo;A FAZER: Verificar com o Marcelo o custo para realizarmos os seguintes treinamentos: NR10 para 8 pessoas. NR33 (Espaço Confinado) para 3 pessoas. NR35 (Trabalho em Altura) para 3 pessoas. --- REALIZADO: CONTATO REALIZADO COM O MARCELO CONTROLLER VIA WHATS: ¿¿¿¿¿¿¿¿ [16:56, 24/08/2026] Bruno Gonçalo:
1463;2026-08-24;VLOG CARGO FARMA LTDA;47.432.368/0001-92;06 Conclusão;Reunião;S;Jakeline Santana;Participaram da reunião Jakeline Santana, consultora de negócios da Controller, Karen Rodrigues e Renata Finocchiaro. A empresa possui atualmente 8 funcionários registrados. Hoje, o investimento informado em medicina e segurança do trabalho é de aproximadamente R$ 12 mil por ano, por meio de uma tax
1479;2026-08-25;TOKYO.99 DELIVERY E RESTAURANTE LTDA.;35.687.418/0001-01;06 Conclusão;Touch;S;Gabriel Lira;Não consegui falar com o cliente.
1481;2026-08-25;ILUMINARE COMERCIO E SERVICOS LTDA;08.600.856/0001-00;06 Conclusão;Touch;S;Gabriel Lira;Não consegui falar com o cliente.
1483;2026-08-25;F. SOBRAL DE O. SILVA;20.280.356/0001-33;06 Conclusão;Touch;S;Gabriel Lira;Sem contato.
1484;2026-08-25;H J W BOLSAS LTDA;36.112.526/0001-00;06 Conclusão;Touch;S;Gabriel Lira;Não consegui falar com o cliente.
1491;2026-08-25;COMPILE SYSTEMS AUTOMACAO INDUSTRIAL LTDA;36.378.592/0001-27;06 Conclusão;FUP;S;Bruno Gonçalo;A FAZER: Verificar com o Marcelo (Controller) se eu deu retorno referente ao valor para realizar Treinamentos: NR10 para 8 pessoas NR33 para 3 pessoas NR35 para 3 pessoas. --- REALIZADO: O Marcelo deu retorno via whats com os valores, formalizamos uma proposta e encaminhamos para o Leandro.
1492;2026-08-25;COMPILE SYSTEMS AUTOMACAO INDUSTRIAL LTDA;36.378.592/0001-27;06 Conclusão;Proposta;S;Bruno Gonçalo;PROPOSTA COMERCIAL
1499;2026-08-26;ILONAZ IND E COM;29.083.319/0001-00;06 Conclusão;Não Informado;S;Well De Castro;Contato Inicial, abordagem discreta e utilizando referencias da Unidade Guarulhos da Omie e Vendedor
1500;2026-08-26;CREDIFOM CREDITOS E FOMENTOS LTDA;54.374.660/0001-61;06 Conclusão;FUP;S;Jakeline Santana;A fazer - tentar contato novamente, se nao tiver sucesso pedir ajuda para ligar de outro telefone. feito - em contato via e-mail a Gabriela (RH) informou que neste momento não iram realizar a troca do prestador atual.
1506;2026-08-26;TWE CONTROL EQUIPAMENTOS DE CONTROLE E TEMPERATURA INDUSTRIA COMERCIO E REPRESENTACAO COMERCIAL LTDA;17.830.516/0001-66;06 Conclusão;Touch;S;Gabriel Lira;Não consegui falar com o cliente.
1507;2026-08-26;GIL COMERCIO ATACADISTA DE PRODUTOS LTDA;20.775.180/0001-90;06 Conclusão;Touch;S;Gabriel Lira;Sem contato com o cliente.
1508;2026-08-26;GERALTHERM RESISTENCIAS ELETRICAS LTDA;47.330.555/0001-65;06 Conclusão;Touch;S;Gabriel Lira;Sem contato
1509;2026-08-26;INNOVATION QUIMICA INDUSTRIA E COMERCIO LTDA;18.116.420/0001-01;06 Conclusão;Touch;S;Gabriel Lira;Falei com Thiago, sem interesse na contratação.
1511;2026-08-26;CASA DE RACOES E PRODUTOS PET SANTA RITA LTDA;07.006.168/0001-53;06 Conclusão;Touch;S;Gabriel Lira;Sem contato
1512;2026-08-26;PREMIUM LAB DIAGNOSTICOS E ASSESSORIA LABORATORIAL LTDA;34.089.897/0001-93;06 Conclusão;Touch;S;Gabriel Lira;Não consegui falar com o cliente.
1513;2026-08-26;PHONOTEC COMERCIO COPIADORA E ASSISTENCIA TECNICA LTDA;68.973.866/0001-12;06 Conclusão;Touch;S;Gabriel Lira;Não consegui falar com o cliente.
1514;2026-08-26;ALANA AI TECNOLOGIA E SERVICOS LTDA;36.981.279/0001-89;06 Conclusão;Touch;S;Gabriel Lira;Não consegui falar com o cliente.
1515;2026-08-26;AJIBLOCOS ARTEFATOS DE CIMENTO LTDA;00.003.407/0001-72;06 Conclusão;Touch;S;Gabriel Lira;Não consegui falar com Sandro
1517;2026-08-26;ATUAL 02 INCORPORADORA LTDA;20.716.321/0001-02;06 Conclusão;Touch;S;Gabriel Lira;Não consegui falar com o cliente.
1523;2026-08-26;BUFFET JOVELINA LTDA;01.137.799/0001-25;06 Conclusão;Touch;S;Gabriel Lira;Em contato com a Jovelina, ela informou hoje não tem interesse neste serviço.
1524;2026-08-26;RODOLFO DA SILVA MAGALHAES FILHO;477.680.338-09;06 Conclusão;Touch;S;Gabriel Lira;Em contato com Rodolfo, o mesmo informou que por enquanto não tem interesse no serviço.
1536;2026-08-27;ONIX NOVA CORRETORA DE SEGUROS LTDA;07.251.199/0001-70;06 Conclusão;FUP;S;Bruno Gonçalo;A FAZER: Verificar se a Simone enviou algo via whats e em caso de negativa entrar em contato com ela novamente para evoluirmos com o projeto de SST. --- REALIZADO: Contato realizado com a Simone via ligação e a mesma disse que haviam conversado com o Marcelo (Controller) para manter a mesma proposta
1537;2026-08-27;ONIX NOVA CORRETORA DE SEGUROS LTDA;07.251.199/0001-70;06 Conclusão;Proposta;S;Bruno Gonçalo;PROPOSTA COMERCIAL
1540;2026-08-27;W PREMIUM GROUP SERVICOS AUXILIARES EM PORTOS E AEROPORTOS LTDA;33.965.372/0026-60;06 Conclusão;Touch;S;Gabriel Lira;Não consigo falar com a responsável pelo RH
1545;2026-08-27;FORTE LUVAS E CONEXOES LTDA;29.731.861/0001-21;06 Conclusão;Touch;S;Kethlleen Gomes;A FAZER: Tentar contato novamente com o cliente --- REALIZADO: Sem sucesso. O cliente não responde mensagens e não atende ligações.
1547;2026-08-27;NPP-COMERCIO DE PRODUTOS METALURGICOS E CHURRASQUEIRAS LTDA;24.634.139/0001-55;06 Conclusão;Touch;S;Gabriel Lira;Não consegui falar com o cliente.
1548;2026-08-27;WILSON CARLOS CASSU DE OLIVEIRA;03.370.831/0001-43;06 Conclusão;Touch;S;Gabriel Lira;Não consegui falar com o cliente.
1549;2026-08-27;J PEGORIN INDUSTRIA E COMERCIO LTDA;28.675.469/0001-40;06 Conclusão;Touch;S;Gabriel Lira;Não consegui falar com o cliente.
1553;2026-08-27;H J W BOLSAS LTDA;36.112.526/0001-00;06 Conclusão;Touch;S;Gabriel Lira;Não consegui falar com o cliente.
1561;2026-08-27;AEA-ASSOCIACAO BRASILEIRA DE ENGENHARIA AUTOMOTIVA;54.207.659/0001-42;06 Conclusão;Touch;S;Gabriel Lira;Em contato com Marina, ela informou que hoje possuem uma empresa que faz essa parte de SST e não pretendem mudar.
1564;2026-08-27;VISIONPLAST INDUSTRIA E COMERCIO DE EMBALAGENS LTDA;10.454.180/0001-35;06 Conclusão;Touch;S;Gabriel Lira;Falei com Lívia, ela disse que já possui esse atendimento hoje e não pretende mudar de empresa.
1565;2026-08-27;ALFATEC MARINE BRASIL LTDA;41.775.052/0001-17;06 Conclusão;Touch;S;Gabriel Lira;Em contato com Valéria, a mesma informou que não tem interesse
1568;2026-08-27;JAILSON SEVERINO DA SILVA SANTOS;15.541.100/0001-00;06 Conclusão;Touch;S;Gabriel Lira;Sem funcionários
1571;2026-08-27;CARNEIRO IMPLEMENTOS LTDA;47.526.960/0001-53;06 Conclusão;Touch;S;Gabriel Lira;Falei com Taís, ela disse que hoje já possuem esse atendimento e não tem interesse em verificar outra empresa no mercado
1574;2026-08-28;TRANS. DELLA VOLPE S/A COMERCIO E INDUSTRIA;61.139.432/0001-72;06 Conclusão;Touch;S;Gabriel Lira;Não consegui falar com o cliente.
1580;2026-08-28;TWE CONTROL EQUIPAMENTOS DE CONTROLE E TEMPERATURA INDUSTRIA COMERCIO E REPRESENTACAO COMERCIAL LTDA;17.830.516/0001-66;06 Conclusão;Touch;S;Gabriel Lira;Não consigo falar com a responsável pelo RH
1582;2026-08-28;AKIHIRO INTERMEDIACOES DE VEICULOS LTDA;53.608.159/0001-50;06 Conclusão;Touch;S;Kethlleen Gomes;A FAZER: Cobrar um retorno sobre o agendamento da reunião. ---- REALIZADO: Sem sucesso, Fabiana não responde mais.
1583;2026-08-28;PREMIUM LAB DIAGNOSTICOS E ASSESSORIA LABORATORIAL LTDA;34.089.897/0001-93;06 Conclusão;Touch;S;Gabriel Lira;Não consegui falar com o cliente.
1584;2026-08-28;ILUMINARE COMERCIO E SERVICOS LTDA;08.600.856/0001-00;06 Conclusão;Touch;S;Gabriel Lira;Sem contato.
1585;2026-08-28;ALANA AI TECNOLOGIA E SERVICOS LTDA;36.981.279/0001-89;06 Conclusão;Touch;S;Gabriel Lira;Sem interesse
1586;2026-08-28;AJIBLOCOS ARTEFATOS DE CIMENTO LTDA;00.003.407/0001-72;06 Conclusão;Touch;S;Gabriel Lira;Não consegui falar com o clliente.
1587;2026-08-28;ATUAL 02 INCORPORADORA LTDA;20.716.321/0001-02;06 Conclusão;Touch;S;Gabriel Lira;Não consegui falar com o cliente.
1588;2026-08-28;HANA ASSISTENCIA TECNICA LTDA;08.151.125/0001-24;06 Conclusão;Touch;S;Kethlleen Gomes;A FAZER: Verificar se a Renata deu um retorno referente ao agendamento da reunião. ---- REALIZADO: Sem sucesso. A cliente não retorna as mensagens e não atende ligações.
1590;2026-08-28;CENTRAL INDUSTRIA E COMERCIO LTDA;39.415.197/0001-65;06 Conclusão;Touch;S;Kethlleen Gomes;A FAZER: Verificar se a Andreia deu um retorno referente ao agendamento da reunião. --- REALIZADO: Sem sucesso, cliente não responde as mensagens no whatsapp e não atende ligação.
1591;2026-08-28;JANAINA COTRIM DA SILVA 28499756808;14.976.391/0001-99;06 Conclusão;Touch;S;Kethlleen Gomes;A FAZER: Verificar se a Janaina deu um retorno referente ao agendamento da reunião. --- REALIZADO: Cliente não responde as mensagens e não atende ligação.
1592;2026-08-28;LABORATORIO BIO BOTHANIC PERFUMARIA E COSMETICOS LTDA;05.380.584/0001-91;06 Conclusão;Touch;S;Kethlleen Gomes;A FAZER: Verificar se o Robson deu um retorno referente ao agendamento da reunião. --- REALIZADO: Robson informou que já possuem uma empresa que os atende e não pretende trocar.
1594;2026-08-28;GINGER BRAND COMERCIO DE ROUPAS LTDA;37.263.626/0005-24;06 Conclusão;Touch;S;Kethlleen Gomes;A FAZER: Tentar contato novamente e verificar a possibilidade de agendar uma reunião de apresentação. ---- REALIZADO: Sem sucesso. Cliente não retorna as mensagens e não atende ligações.
1596;2026-08-28;DECAL MAX COMERCIO E SERVICOS DE COMUNICACAO VISUAL LTDA;10.432.539/0001-73;06 Conclusão;Touch;S;Kethlleen Gomes;A FAZER: Tentar contato novamente e verificar a possibilidade de agendar uma reunião de apresentação. ---- REALIZADO: Ari informou que não tem interesse.
1597;2026-08-28;JM SERVICOS DE IMAGEM LTDA;08.368.260/0001-26;06 Conclusão;Touch;S;Kethlleen Gomes;A FAZER: Tentar contato novamente e verificar a possibilidade de agendar uma reunião de apresentação. ---- REALIZADO: Sem sucesso.
1598;2026-08-28;NANTES E MELLO SOCIEDADE DE ADVOGADOS;33.439.443/0001-32;06 Conclusão;Touch;S;Kethlleen Gomes;A FAZER: Tentar contato novamente e verificar a possibilidade de agendar uma reunião de apresentação. ---- REALIZADO: Sem sucesso, cliente não retorna as mensagem e não atende ligação.
1612;2026-08-28;BR FISIOTERAPIA E SERVICOS LTDA;43.089.463/0001-84;06 Conclusão;Touch;S;Gabriel Lira;Falei com Raquel, ela disse que hoje não tem interesse.
1613;2026-08-28;ACTITUDE SERVICOS DE APOIO ADMINISTRATIVO LTDA;10.747.272/0001-03;06 Conclusão;Touch;S;Gabriel Lira;Falei Cladenilson, ele disse que hoje não tem interesse em contratar uma empresa para fazer essa administração porque tem poucos funcionários.
1614;2026-08-28;HONRA PNEUMATICA IMPORTACAO E EXPORTACAO LTDA;57.741.988/0001-67;06 Conclusão;Touch;S;Gabriel Lira;Falei com Kleber, eles não possuem interesse.
1616;2026-08-28;F.V. DA SILVA - TRANSPORTES;17.151.618/0001-55;06 Conclusão;Touch;S;Gabriel Lira;A Luana me passou o contato da responsável pelo RH, mas eles não tem interesse.
1618;2026-08-28;MTA REFRIGERACAO, INSTALACAO E ESTRUTURAS LTDA;09.648.177/0001-73;06 Conclusão;Touch;S;Gabriel Lira;Tentei contato com Lucas, mas sem sucesso.
1621;2026-08-28;BMTCA ATIVOS AMBIENTAIS S/A;24.825.785/0001-08;06 Conclusão;Touch;S;Gabriel Lira;Não consegui falar com a Pâmela.
1626;2026-08-31;CASA DO ACRILICO;40.612.231/0001-70;06 Conclusão;Touch;S;Kethlleen Gomes;Em contato com a Cristiane, ela informou que já possui uma empresa que a atende e que não possui interesse.
1632;2026-08-31;ONIX NOVA CORRETORA DE SEGUROS LTDA;07.251.199/0001-70;06 Conclusão;FUP;S;Bruno Gonçalo;"A FAZER: Verificar com a Simone de com essa nova proposta comercial (R$ 273,00) podemos evoluir com o projeto de STT. --- REALIZADO: Eu e o Wellington (Controller) interagimos com a Simone via whats e ela deu o de acordo e confirmou os dados para emissão do contrato. Imagem do ""de acordo"" e ""confirm"
1637;2026-08-31;PHONOTEC COMERCIO COPIADORA E ASSISTENCIA TECNICA LTDA;68.973.866/0001-12;06 Conclusão;Touch;S;Gabriel Lira;Não tem interesse.
1639;2026-08-31;WILSON CARLOS CASSU DE OLIVEIRA;03.370.831/0001-43;06 Conclusão;Touch;S;Gabriel Lira;Não consegui falar com Wendel
1640;2026-08-31;AJIBLOCOS ARTEFATOS DE CIMENTO LTDA;00.003.407/0001-72;06 Conclusão;Touch;S;Gabriel Lira;Em contato com Sandro, ele disse que hoje possui atendimento de SST e está satisfeito com ele.
1645;2026-08-31;COMPILE SYSTEMS AUTOMACAO INDUSTRIAL LTDA;36.378.592/0001-27;06 Conclusão;FUP;S;Bruno Gonçalo;A FAZER: Ligar para o Leandro verificando se ficou alguma dúvida sobre nossa proposta comercial. --- REALIZADO: Ligação realizada para o Leandro, o mesmo disse que analisou nossa proposta comercial e reforçou que metade de sua equipe atua como PJ, por conta disso não quis evoluir com a negociação, p
1660;2026-08-31;MTA REFRIGERACAO, INSTALACAO E ESTRUTURAS LTDA;09.648.177/0001-73;06 Conclusão;Não Informado;S;Gabriel Lira;Tentei novo contato com Lucas tanto pelo whats quanto pelo telefone, mas sem sucesso.
1661;2026-08-31;MTA REFRIGERACAO, INSTALACAO E ESTRUTURAS LTDA;09.648.177/0001-73;06 Conclusão;Touch;S;Gabriel Lira;Lucas me respondeu e disse que não faz sentido
1663;2026-08-31;TERSETEC INDUSTRIA E COMERCIO LTDA;01.867.703/0001-84;06 Conclusão;Touch;S;Kethlleen Gomes;Conversei com o Cicero sobre o projeto SST. Reunião foi agendada.
1664;2026-08-31;TERSETEC INDUSTRIA E COMERCIO LTDA;01.867.703/0001-84;06 Conclusão;Reunião;S;Bruno Gonçalo;Reunião de apresentação agendada para 31/08 ás 15h30 --- Reunião realizada com o Cícero Jaime. O Cícero mencionou que é sócio e consultor em algumas empresas e uma dessas empresas é a Anthares Gestão Ocupacional, que presta os mesmos serviços que a Controller, inclusive em um modelo de atendimento s
1665;2026-08-31;ASVOTEC TERMOINDUSTRIAL LTDA;56.995.681/0001-20;06 Conclusão;Touch;S;Gabriel Lira;Em contato com Vanderlei, não possui interesse.
1670;2026-08-31;BMTCA ATIVOS AMBIENTAIS S/A;24.825.785/0001-08;06 Conclusão;Touch;S;Gabriel Lira;Não tem interesse por hora na contratação.
1672;2026-08-31;ONIX NOVA CORRETORA DE SEGUROS LTDA;07.251.199/0001-70;06 Conclusão;e-mail;N/D;;EMISSÃO DE CONTRATO - ONIX SEGUROS
1781;2026-10-09;CONEXAO PALESTRA;0000000000;06 Conclusão;Reunião;N;Well De Castro;Reunião com Silvia da Conexão palestra : Objetivo: Passar para a Silvia o modelo de abordagem e mais detalhes sobre nossa empresa e trabalho Estabelecer formato de trabalho (trabalhar com 30%) realizada!
1784;2026-10-21;TATIANE/MESTRE CAFE COMERCIAL LTDA;09.169.427/0004-35;06 Conclusão;Não Informado;S;Karine Ribeiro;entrar em contato com tatiane
1803;2027-02-08;CONDOMINIO ESPIRITO SANTO;58.478.785/0001-92;06 Conclusão;FUP;N;Karine Ribeiro;cCliente possui 19 funcionarios pediu uma apresentaçao detalhada de serviços e vantagens e perguntou sobre um possivel u atendimento exclusivo na propria unidade!
1804;2027-02-10;FAQUI SEGURANCA E VIGILANCIA LTDA;02.428.619/0001-27;06 Conclusão;Não Informado;N;;proposta futura
